{"type":"FeatureCollection","features":[{"type":"Feature","properties":{"scalerank":1,"featurecla":"Admin-0 country","LABELRANK":3,"SOVEREIGNT":"Afghanistan","SOV_A3":"AFG","ADM0_DIF":0,"LEVEL":2,"TYPE":"Sovereign country","ADMIN":"Afghanistan","ADM0_A3":"AFG","GEOU_DIF":0,"GEOUNIT":"Afghanistan","GU_A3":"AFG","SU_DIF":0,"SUBUNIT":"Afghanistan","SU_A3":"AFG","BRK_DIFF":0,"NAME":"Afghanistan","NAME_LONG":"Afghanistan","BRK_A3":"AFG","BRK_NAME":"Afghanistan","BRK_GROUP":null,"ABBREV":"Afg.","POSTAL":"AF","FORMAL_EN":"Islamic State of Afghanistan","FORMAL_FR":null,"NAME_CIAWF":"Afghanistan","NOTE_ADM0":null,"NOTE_BRK":null,"NAME_SORT":"Afghanistan","NAME_ALT":null,"MAPCOLOR7":5,"MAPCOLOR8":6,"MAPCOLOR9":8,"MAPCOLOR13":7,"POP_EST":34124811,"POP_RANK":15,"GDP_MD_EST":64080,"POP_YEAR":2017,"LASTCENSUS":1979,"GDP_YEAR":2016,"ECONOMY":"7. Least developed region","INCOME_GRP":"5. Low income","WIKIPEDIA":-99,"FIPS_10_":"AF","ISO_A2":"AF","ISO_A3":"AFG","ISO_A3_EH":"AFG","ISO_N3":"004","UN_A3":"004","WB_A2":"AF","WB_A3":"AFG","WOE_ID":23424739,"WOE_ID_EH":23424739,"WOE_NOTE":"Exact WOE match as country","ADM0_A3_IS":"AFG","ADM0_A3_US":"AFG","ADM0_A3_UN":-99,"ADM0_A3_WB":-99,"CONTINENT":"Asia","REGION_UN":"Asia","SUBREGION":"Southern Asia","REGION_WB":"South Asia","NAME_LEN":11,"LONG_LEN":11,"ABBREV_LEN":4,"TINY":-99,"HOMEPART":1,"MIN_ZOOM":0,"MIN_LABEL":3,"MAX_LABEL":7},"geometry":{"type":"Polygon","coordinates":[[[61.210817,35.650072],[65.745631,37.661164],[69.518785,37.608997],[71.448693,37.065645],[74.575893,37.020841],[71.156773,34.348911],[68.556932,31.71331],[64.148002,29.340819],[60.536078,32.981269]]]}},{"type":"Feature","properties":{"scalerank":1,"featurecla":"Admin-0 country","LABELRANK":3,"SOVEREIGNT":"Angola","SOV_A3":"AGO","ADM0_DIF":0,"LEVEL":2,"TYPE":"Sovereign country","ADMIN":"Angola","ADM0_A3":"AGO","GEOU_DIF":0,"GEOUNIT":"Angola","GU_A3":"AGO","SU_DIF":0,"SUBUNIT":"Angola","SU_A3":"AGO","BRK_DIFF":0,"NAME":"Angola","NAME_LONG":"Angola","BRK_A3":"AGO","BRK_NAME":"Angola","BRK_GROUP":null,"ABBREV":"Ang.","POSTAL":"AO","FORMAL_EN":"People's Republic of Angola","FORMAL_FR":null,"NAME_CIAWF":"Angola","NOTE_ADM0":null,"NOTE_BRK":null,"NAME_SORT":"Angola","NAME_ALT":null,"MAPCOLOR7":3,"MAPCOLOR8":2,"MAPCOLOR9":6,"MAPCOLOR13":1,"POP_EST":29310273,"POP_RANK":15,"GDP_MD_EST":189000,"POP_YEAR":2017,"LASTCENSUS":1970,"GDP_YEAR":2016,"ECONOMY":"7. Least developed region","INCOME_GRP":"3. Upper middle income","WIKIPEDIA":-99,"FIPS_10_":"AO","ISO_A2":"AO","ISO_A3":"AGO","ISO_A3_EH":"AGO","ISO_N3":"024","UN_A3":"024","WB_A2":"AO","WB_A3":"AGO","WOE_ID":23424745,"WOE_ID_EH":23424745,"WOE_NOTE":"Exact WOE match as country","ADM0_A3_IS":"AGO","ADM0_A3_US":"AGO","ADM0_A3_UN":-99,"ADM0_A3_WB":-99,"CONTINENT":"Africa","REGION_UN":"Africa","SUBREGION":"Middle Africa","REGION_WB":"Sub-Saharan Africa","NAME_LEN":6,"LONG_LEN":6,"ABBREV_LEN":4,"TINY":-99,"HOMEPART":1,"MIN_ZOOM":0,"MIN_LABEL":3,"MAX_LABEL":7},"geometry":{"type":"MultiPolygon","coordinates":[[[[23.904154,-11.722282],[21.377176,-17.930636],[11.734199,-17.301889],[13.633721,-12.038645],[12.93304,-7.596539],[16.57318,-6.622645],[19.417502,-7.155429],[21.801801,-8.908707],[24.017894,-11.237298]]],[[[12.182337,-5.789931],[12.182337,-5.789931]]]]}},{"type":"Feature","properties":{"scalerank":1,"featurecla":"Admin-0 country","LABELRANK":6,"SOVEREIGNT":"Albania","SOV_A3":"ALB","ADM0_DIF":0,"LEVEL":2,"TYPE":"Sovereign country","ADMIN":"Albania","ADM0_A3":"ALB","GEOU_DIF":0,"GEOUNIT":"Albania","GU_A3":"ALB","SU_DIF":0,"SUBUNIT":"Albania","SU_A3":"ALB","BRK_DIFF":0,"NAME":"Albania","NAME_LONG":"Albania","BRK_A3":"ALB","BRK_NAME":"Albania","BRK_GROUP":null,"ABBREV":"Alb.","POSTAL":"AL","FORMAL_EN":"Republic of Albania","FORMAL_FR":null,"NAME_CIAWF":"Albania","NOTE_ADM0":null,"NOTE_BRK":null,"NAME_SORT":"Albania","NAME_ALT":null,"MAPCOLOR7":1,"MAPCOLOR8":4,"MAPCOLOR9":1,"MAPCOLOR13":6,"POP_EST":3047987,"POP_RANK":12,"GDP_MD_EST":33900,"POP_YEAR":2017,"LASTCENSUS":2001,"GDP_YEAR":2016,"ECONOMY":"6. Developing region","INCOME_GRP":"4. Lower middle income","WIKIPEDIA":-99,"FIPS_10_":"AL","ISO_A2":"AL","ISO_A3":"ALB","ISO_A3_EH":"ALB","ISO_N3":"008","UN_A3":"008","WB_A2":"AL","WB_A3":"ALB","WOE_ID":23424742,"WOE_ID_EH":23424742,"WOE_NOTE":"Exact WOE match as country","ADM0_A3_IS":"ALB","ADM0_A3_US":"ALB","ADM0_A3_UN":-99,"ADM0_A3_WB":-99,"CONTINENT":"Europe","REGION_UN":"Europe","SUBREGION":"Southern Europe","REGION_WB":"Europe & Central Asia","NAME_LEN":7,"LONG_LEN":7,"ABBREV_LEN":4,"TINY":-99,"HOMEPART":1,"MIN_ZOOM":0,"MIN_LABEL":5,"MAX_LABEL":10},"geometry":{"type":"Polygon","coordinates":[[[21.02004,40.842727],[19.319059,40.72723],[20.0707,42.58863]]]}},{"type":"Feature","properties":{"scalerank":1,"featurecla":"Admin-0 country","LABELRANK":4,"SOVEREIGNT":"United Arab Emirates","SOV_A3":"ARE","ADM0_DIF":0,"LEVEL":2,"TYPE":"Sovereign country","ADMIN":"United Arab Emirates","ADM0_A3":"ARE","GEOU_DIF":0,"GEOUNIT":"United Arab Emirates","GU_A3":"ARE","SU_DIF":0,"SUBUNIT":"United Arab Emirates","SU_A3":"ARE","BRK_DIFF":0,"NAME":"United Arab Emirates","NAME_LONG":"United Arab Emirates","BRK_A3":"ARE","BRK_NAME":"United Arab Emirates","BRK_GROUP":null,"ABBREV":"U.A.E.","POSTAL":"AE","FORMAL_EN":"United Arab Emirates","FORMAL_FR":null,"NAME_CIAWF":"United Arab Emirates","NOTE_ADM0":null,"NOTE_BRK":null,"NAME_SORT":"United Arab Emirates","NAME_ALT":null,"MAPCOLOR7":2,"MAPCOLOR8":1,"MAPCOLOR9":3,"MAPCOLOR13":3,"POP_EST":6072475,"POP_RANK":13,"GDP_MD_EST":667200,"POP_YEAR":2017,"LASTCENSUS":2010,"GDP_YEAR":2016,"ECONOMY":"6. Developing region","INCOME_GRP":"2. High income: nonOECD","WIKIPEDIA":-99,"FIPS_10_":"AE","ISO_A2":"AE","ISO_A3":"ARE","ISO_A3_EH":"ARE","ISO_N3":"784","UN_A3":"784","WB_A2":"AE","WB_A3":"ARE","WOE_ID":23424738,"WOE_ID_EH":23424738,"WOE_NOTE":"Exact WOE match as country","ADM0_A3_IS":"ARE","ADM0_A3_US":"ARE","ADM0_A3_UN":-99,"ADM0_A3_WB":-99,"CONTINENT":"Asia","REGION_UN":"Asia","SUBREGION":"Western Asia","REGION_WB":"Middle East & North Africa","NAME_LEN":20,"LONG_LEN":20,"ABBREV_LEN":6,"TINY":-99,"HOMEPART":1,"MIN_ZOOM":0,"MIN_LABEL":4,"MAX_LABEL":9},"geometry":{"type":"Polygon","coordinates":[[[51.579519,24.245497],[56.070821,26.055464],[55.234489,23.110993]]]}},{"type":"Feature","properties":{"scalerank":1,"featurecla":"Admin-0 country","LABELRANK":2,"SOVEREIGNT":"Argentina","SOV_A3":"ARG","ADM0_DIF":0,"LEVEL":2,"TYPE":"Sovereign country","ADMIN":"Argentina","ADM0_A3":"ARG","GEOU_DIF":0,"GEOUNIT":"Argentina","GU_A3":"ARG","SU_DIF":0,"SUBUNIT":"Argentina","SU_A3":"ARG","BRK_DIFF":0,"NAME":"Argentina","NAME_LONG":"Argentina","BRK_A3":"ARG","BRK_NAME":"Argentina","BRK_GROUP":null,"ABBREV":"Arg.","POSTAL":"AR","FORMAL_EN":"Argentine Republic","FORMAL_FR":null,"NAME_CIAWF":"Argentina","NOTE_ADM0":null,"NOTE_BRK":null,"NAME_SORT":"Argentina","NAME_ALT":null,"MAPCOLOR7":3,"MAPCOLOR8":1,"MAPCOLOR9":3,"MAPCOLOR13":13,"POP_EST":44293293,"POP_RANK":15,"GDP_MD_EST":879400,"POP_YEAR":2017,"LASTCENSUS":2010,"GDP_YEAR":2016,"ECONOMY":"5. Emerging region: G20","INCOME_GRP":"3. Upper middle income","WIKIPEDIA":-99,"FIPS_10_":"AR","ISO_A2":"AR","ISO_A3":"ARG","ISO_A3_EH":"ARG","ISO_N3":"032","UN_A3":"032","WB_A2":"AR","WB_A3":"ARG","WOE_ID":23424747,"WOE_ID_EH":23424747,"WOE_NOTE":"Exact WOE match as country","ADM0_A3_IS":"ARG","ADM0_A3_US":"ARG","ADM0_A3_UN":-99,"ADM0_A3_WB":-99,"CONTINENT":"South America","REGION_UN":"Americas","SUBREGION":"South America","REGION_WB":"Latin America & Caribbean","NAME_LEN":9,"LONG_LEN":9,"ABBREV_LEN":4,"TINY":-99,"HOMEPART":1,"MIN_ZOOM":0,"MIN_LABEL":2,"MAX_LABEL":7},"geometry":{"type":"MultiPolygon","coordinates":[[[[-66.95992,-54.89681],[-65.5,-55.2]]],[[[-68.571545,-52.299444],[-72.648247,-48.878618],[-71.793623,-44.207172],[-70.814664,-38.552995],[-70.535069,-31.36501],[-68.417653,-24.518555],[-62.846468,-22.034985],[-57.60976,-27.395899],[-54.490725,-27.474757],[-58.427074,-33.909454],[-61.237445,-38.928425],[-65.118035,-41.064315],[-65.565269,-45.036786],[-67.816088,-49.869669]]]]}},{"type":"Feature","properties":{"scalerank":1,"featurecla":"Admin-0 country","LABELRANK":6,"SOVEREIGNT":"Armenia","SOV_A3":"ARM","ADM0_DIF":0,"LEVEL":2,"TYPE":"Sovereign country","ADMIN":"Armenia","ADM0_A3":"ARM","GEOU_DIF":0,"GEOUNIT":"Armenia","GU_A3":"ARM","SU_DIF":0,"SUBUNIT":"Armenia","SU_A3":"ARM","BRK_DIFF":0,"NAME":"Armenia","NAME_LONG":"Armenia","BRK_A3":"ARM","BRK_NAME":"Armenia","BRK_GROUP":null,"ABBREV":"Arm.","POSTAL":"ARM","FORMAL_EN":"Republic of Armenia","FORMAL_FR":null,"NAME_CIAWF":"Armenia","NOTE_ADM0":null,"NOTE_BRK":null,"NAME_SORT":"Armenia","NAME_ALT":null,"MAPCOLOR7":3,"MAPCOLOR8":1,"MAPCOLOR9":2,"MAPCOLOR13":10,"POP_EST":3045191,"POP_RANK":12,"GDP_MD_EST":26300,"POP_YEAR":2017,"LASTCENSUS":2001,"GDP_YEAR":2016,"ECONOMY":"6. Developing region","INCOME_GRP":"4. Lower middle income","WIKIPEDIA":-99,"FIPS_10_":"AM","ISO_A2":"AM","ISO_A3":"ARM","ISO_A3_EH":"ARM","ISO_N3":"051","UN_A3":"051","WB_A2":"AM","WB_A3":"ARM","WOE_ID":23424743,"WOE_ID_EH":23424743,"WOE_NOTE":"Exact WOE match as country","ADM0_A3_IS":"ARM","ADM0_A3_US":"ARM","ADM0_A3_UN":-99,"ADM0_A3_WB":-99,"CONTINENT":"Asia","REGION_UN":"Asia","SUBREGION":"Western Asia","REGION_WB":"Europe & Central Asia","NAME_LEN":7,"LONG_LEN":7,"ABBREV_LEN":4,"TINY":-99,"HOMEPART":1,"MIN_ZOOM":0,"MIN_LABEL":5,"MAX_LABEL":10},"geometry":{"type":"Polygon","coordinates":[[[43.582746,41.092143],[46.483499,39.464155],[44.400009,40.005]]]}},{"type":"Feature","properties":{"scalerank":1,"featurecla":"Admin-0 country","LABELRANK":4,"SOVEREIGNT":"Antarctica","SOV_A3":"ATA","ADM0_DIF":0,"LEVEL":2,"TYPE":"Indeterminate","ADMIN":"Antarctica","ADM0_A3":"ATA","GEOU_DIF":0,"GEOUNIT":"Antarctica","GU_A3":"ATA","SU_DIF":0,"SUBUNIT":"Antarctica","SU_A3":"ATA","BRK_DIFF":0,"NAME":"Antarctica","NAME_LONG":"Antarctica","BRK_A3":"ATA","BRK_NAME":"Antarctica","BRK_GROUP":null,"ABBREV":"Ant.","POSTAL":"AQ","FORMAL_EN":null,"FORMAL_FR":null,"NAME_CIAWF":null,"NOTE_ADM0":null,"NOTE_BRK":"Multiple claims held in abeyance","NAME_SORT":"Antarctica","NAME_ALT":null,"MAPCOLOR7":4,"MAPCOLOR8":5,"MAPCOLOR9":1,"MAPCOLOR13":-99,"POP_EST":4050,"POP_RANK":4,"GDP_MD_EST":810,"POP_YEAR":2013,"LASTCENSUS":-99,"GDP_YEAR":2013,"ECONOMY":"6. Developing region","INCOME_GRP":"2. High income: nonOECD","WIKIPEDIA":-99,"FIPS_10_":"AY","ISO_A2":"AQ","ISO_A3":"ATA","ISO_A3_EH":"ATA","ISO_N3":"010","UN_A3":"-099","WB_A2":"-99","WB_A3":"-99","WOE_ID":28289409,"WOE_ID_EH":28289409,"WOE_NOTE":"Exact WOE match as country","ADM0_A3_IS":"ATA","ADM0_A3_US":"ATA","ADM0_A3_UN":-99,"ADM0_A3_WB":-99,"CONTINENT":"Antarctica","REGION_UN":"Antarctica","SUBREGION":"Antarctica","REGION_WB":"Antarctica","NAME_LEN":10,"LONG_LEN":10,"ABBREV_LEN":4,"TINY":-99,"HOMEPART":1,"MIN_ZOOM":0,"MIN_LABEL":4,"MAX_LABEL":9},"geometry":{"type":"MultiPolygon","coordinates":[[[[-59.572095,-80.040179],[-64.037688,-80.294944]]],[[[-159.208184,-79.497059],[-161.245113,-78.380176]]],[[[-45.154758,-78.04707],[-50.482107,-81.025442],[-49.306959,-78.458569]]],[[[-121.211511,-73.50099],[-122.406245,-73.324619]]],[[[-125.559566,-73.481353]]],[[[-98.98155,-71.933334],[-101.801868,-72.305663]]],[[[-68.451346,-70.955823],[-73.073622,-72.229492],[-71.780962,-70.681473],[-68.725541,-70.505153]]],[[[-58.614143,-64.152467],[-62.590128,-65.857219],[-65.312545,-68.365335],[-61.512906,-71.089045],[-63.295201,-74.576997],[-72.206776,-76.673665],[-74.772536,-78.221633],[-73.244852,-80.416331],[-58.712121,-82.846106],[-44.825708,-81.846735],[-30.097098,-80.592651],[-35.914107,-79.083855],[-27.511752,-76.497345],[-17.522982,-75.125698],[-13.311973,-72.715457],[-7.377451,-71.324224],[-0.228637,-71.637745],[7.742866,-69.893769],[14.734998,-70.030918],[21.923034,-70.403247],[30.031583,-69.93294],[36.16201,-69.247142],[42.938702,-68.463313],[49.930885,-67.111303],[56.355041,-65.974783],[62.387489,-68.012695],[69.712624,-68.972791],[68.419989,-71.441788],[73.08141,-70.716768],[78.428371,-68.698441],[84.676206,-67.209282],[90.630365,-67.228867],[97.759646,-67.248504],[104.242557,-65.974783],[111.74396,-66.13157],[118.57946,-67.170111],[126.100396,-66.562654],[133.85646,-66.288304],[137.460271,-66.954568],[146.195552,-67.228867],[153.638199,-68.894502],[160.80665,-70.226875],[169.463589,-71.20666],[167.975101,-73.812806],[163.47026,-76.693302],[163.666217,-79.123025],[162.490992,-82.062278],[173.224083,-84.41371],[-179.058677,-84.139412],[-172.889106,-84.061019],[-155.192253,-85.09956],[-150.902928,-83.904232],[-156.83745,-81.102129],[-148.062947,-79.652089],[-158.365134,-76.889207],[-148.748486,-76.908845],[-142.794353,-75.34124],[-133.745654,-74.439848],[-122.562152,-74.498604],[-113.297988,-74.028348],[-104.876074,-74.949326],[-103.113313,-73.734413],[-97.688037,-73.558041],[-88.423951,-73.009393],[-80.295791,-73.126956],[-71.619215,-73.264157],[-67.917477,-70.853917],[-67.62367,-67.718759],[-63.628152,-64.897073],[-57.811143,-63.27066]]]]}},{"type":"Feature","properties":{"scalerank":3,"featurecla":"Admin-0 country","LABELRANK":6,"SOVEREIGNT":"France","SOV_A3":"FR1","ADM0_DIF":1,"LEVEL":2,"TYPE":"Dependency","ADMIN":"French Southern and Antarctic Lands","ADM0_A3":"ATF","GEOU_DIF":0,"GEOUNIT":"French Southern and Antarctic Lands","GU_A3":"ATF","SU_DIF":0,"SUBUNIT":"French Southern and Antarctic Lands","SU_A3":"ATF","BRK_DIFF":0,"NAME":"Fr. S. Antarctic Lands","NAME_LONG":"French Southern and Antarctic Lands","BRK_A3":"ATF","BRK_NAME":"Fr. S. and Antarctic Lands","BRK_GROUP":null,"ABBREV":"Fr. S.A.L.","POSTAL":"TF","FORMAL_EN":"Territory of the French Southern and Antarctic Lands","FORMAL_FR":null,"NAME_CIAWF":null,"NOTE_ADM0":"Fr.","NOTE_BRK":null,"NAME_SORT":"French Southern and Antarctic Lands","NAME_ALT":null,"MAPCOLOR7":7,"MAPCOLOR8":5,"MAPCOLOR9":9,"MAPCOLOR13":11,"POP_EST":140,"POP_RANK":1,"GDP_MD_EST":16,"POP_YEAR":2017,"LASTCENSUS":-99,"GDP_YEAR":2016,"ECONOMY":"6. Developing region","INCOME_GRP":"2. High income: nonOECD","WIKIPEDIA":-99,"FIPS_10_":"FS","ISO_A2":"TF","ISO_A3":"ATF","ISO_A3_EH":"ATF","ISO_N3":"260","UN_A3":"-099","WB_A2":"-99","WB_A3":"-99","WOE_ID":28289406,"WOE_ID_EH":28289406,"WOE_NOTE":"Exact WOE match as country","ADM0_A3_IS":"ATF","ADM0_A3_US":"ATF","ADM0_A3_UN":-99,"ADM0_A3_WB":-99,"CONTINENT":"Seven seas (open ocean)","REGION_UN":"Seven seas (open ocean)","SUBREGION":"Seven seas (open ocean)","REGION_WB":"Sub-Saharan Africa","NAME_LEN":22,"LONG_LEN":35,"ABBREV_LEN":10,"TINY":2,"HOMEPART":-99,"MIN_ZOOM":0,"MIN_LABEL":4,"MAX_LABEL":9},"geometry":{"type":"Polygon","coordinates":[[[68.935,-48.625],[68.935,-48.625]]]}},{"type":"Feature","properties":{"scalerank":1,"featurecla":"Admin-0 country","LABELRANK":2,"SOVEREIGNT":"Australia","SOV_A3":"AU1","ADM0_DIF":1,"LEVEL":2,"TYPE":"Country","ADMIN":"Australia","ADM0_A3":"AUS","GEOU_DIF":0,"GEOUNIT":"Australia","GU_A3":"AUS","SU_DIF":0,"SUBUNIT":"Australia","SU_A3":"AUS","BRK_DIFF":0,"NAME":"Australia","NAME_LONG":"Australia","BRK_A3":"AUS","BRK_NAME":"Australia","BRK_GROUP":null,"ABBREV":"Auz.","POSTAL":"AU","FORMAL_EN":"Commonwealth of Australia","FORMAL_FR":null,"NAME_CIAWF":"Australia","NOTE_ADM0":null,"NOTE_BRK":null,"NAME_SORT":"Australia","NAME_ALT":null,"MAPCOLOR7":1,"MAPCOLOR8":2,"MAPCOLOR9":2,"MAPCOLOR13":7,"POP_EST":23232413,"POP_RANK":15,"GDP_MD_EST":1189000,"POP_YEAR":2017,"LASTCENSUS":2006,"GDP_YEAR":2016,"ECONOMY":"2. Developed region: nonG7","INCOME_GRP":"1. High income: OECD","WIKIPEDIA":-99,"FIPS_10_":"AS","ISO_A2":"AU","ISO_A3":"AUS","ISO_A3_EH":"AUS","ISO_N3":"036","UN_A3":"036","WB_A2":"AU","WB_A3":"AUS","WOE_ID":-90,"WOE_ID_EH":23424748,"WOE_NOTE":"Includes Ashmore and Cartier Islands (23424749) and Coral Sea Islands (23424790).","ADM0_A3_IS":"AUS","ADM0_A3_US":"AUS","ADM0_A3_UN":-99,"ADM0_A3_WB":-99,"CONTINENT":"Oceania","REGION_UN":"Oceania","SUBREGION":"Australia and New Zealand","REGION_WB":"East Asia & Pacific","NAME_LEN":9,"LONG_LEN":9,"ABBREV_LEN":4,"TINY":-99,"HOMEPART":1,"MIN_ZOOM":0,"MIN_LABEL":1.7,"MAX_LABEL":5.7},"geometry":{"type":"MultiPolygon","coordinates":[[[[145.397978,-40.792549],[147.564564,-42.937689],[145.397978,-40.792549]]],[[[143.561811,-13.763656],[145.888904,-16.906926],[149.28942,-21.260511],[152.855197,-25.267501],[153.089602,-30.923642],[150.075212,-36.420206],[145.489652,-38.593768],[140.638579,-38.019333],[137.71917,-35.076825],[135.989043,-34.890118],[131.326331,-31.495803],[123.659667,-33.890179],[118.505718,-34.746819],[115.714674,-33.259572],[114.616498,-28.516399],[114.232852,-26.298446],[113.736552,-22.475475],[117.441545,-20.746899],[121.655138,-18.705318],[123.817073,-16.111316],[126.142823,-14.095987],[129.888641,-13.618703],[131.824698,-11.273782],[136.258381,-12.049342],[135.428664,-14.715432],[139.260575,-17.371601],[141.63552,-14.270395],[142.51526,-10.668186]]]]}},{"type":"Feature","properties":{"scalerank":1,"featurecla":"Admin-0 country","LABELRANK":4,"SOVEREIGNT":"Austria","SOV_A3":"AUT","ADM0_DIF":0,"LEVEL":2,"TYPE":"Sovereign country","ADMIN":"Austria","ADM0_A3":"AUT","GEOU_DIF":0,"GEOUNIT":"Austria","GU_A3":"AUT","SU_DIF":0,"SUBUNIT":"Austria","SU_A3":"AUT","BRK_DIFF":0,"NAME":"Austria","NAME_LONG":"Austria","BRK_A3":"AUT","BRK_NAME":"Austria","BRK_GROUP":null,"ABBREV":"Aust.","POSTAL":"A","FORMAL_EN":"Republic of Austria","FORMAL_FR":null,"NAME_CIAWF":"Austria","NOTE_ADM0":null,"NOTE_BRK":null,"NAME_SORT":"Austria","NAME_ALT":null,"MAPCOLOR7":3,"MAPCOLOR8":1,"MAPCOLOR9":3,"MAPCOLOR13":4,"POP_EST":8754413,"POP_RANK":13,"GDP_MD_EST":416600,"POP_YEAR":2017,"LASTCENSUS":2011,"GDP_YEAR":2016,"ECONOMY":"2. Developed region: nonG7","INCOME_GRP":"1. High income: OECD","WIKIPEDIA":-99,"FIPS_10_":"AU","ISO_A2":"AT","ISO_A3":"AUT","ISO_A3_EH":"AUT","ISO_N3":"040","UN_A3":"040","WB_A2":"AT","WB_A3":"AUT","WOE_ID":23424750,"WOE_ID_EH":23424750,"WOE_NOTE":"Exact WOE match as country","ADM0_A3_IS":"AUT","ADM0_A3_US":"AUT","ADM0_A3_UN":-99,"ADM0_A3_WB":-99,"CONTINENT":"Europe","REGION_UN":"Europe","SUBREGION":"Western Europe","REGION_WB":"Europe & Central Asia","NAME_LEN":7,"LONG_LEN":7,"ABBREV_LEN":5,"TINY":-99,"HOMEPART":1,"MIN_ZOOM":0,"MIN_LABEL":3,"MAX_LABEL":8},"geometry":{"type":"Polygon","coordinates":[[[16.979667,48.123497],[13.806475,46.509306],[9.632932,47.347601],[12.932627,47.467646],[16.029647,48.733899]]]}},{"type":"Feature","properties":{"scalerank":1,"featurecla":"Admin-0 country","LABELRANK":5,"SOVEREIGNT":"Azerbaijan","SOV_A3":"AZE","ADM0_DIF":0,"LEVEL":2,"TYPE":"Sovereign country","ADMIN":"Azerbaijan","ADM0_A3":"AZE","GEOU_DIF":0,"GEOUNIT":"Azerbaijan","GU_A3":"AZE","SU_DIF":0,"SUBUNIT":"Azerbaijan","SU_A3":"AZE","BRK_DIFF":0,"NAME":"Azerbaijan","NAME_LONG":"Azerbaijan","BRK_A3":"AZE","BRK_NAME":"Azerbaijan","BRK_GROUP":null,"ABBREV":"Aze.","POSTAL":"AZ","FORMAL_EN":"Republic of Azerbaijan","FORMAL_FR":null,"NAME_CIAWF":"Azerbaijan","NOTE_ADM0":null,"NOTE_BRK":null,"NAME_SORT":"Azerbaijan","NAME_ALT":null,"MAPCOLOR7":1,"MAPCOLOR8":6,"MAPCOLOR9":5,"MAPCOLOR13":8,"POP_EST":9961396,"POP_RANK":13,"GDP_MD_EST":167900,"POP_YEAR":2017,"LASTCENSUS":2009,"GDP_YEAR":2016,"ECONOMY":"6. Developing region","INCOME_GRP":"3. Upper middle income","WIKIPEDIA":-99,"FIPS_10_":"AJ","ISO_A2":"AZ","ISO_A3":"AZE","ISO_A3_EH":"AZE","ISO_N3":"031","UN_A3":"031","WB_A2":"AZ","WB_A3":"AZE","WOE_ID":23424741,"WOE_ID_EH":23424741,"WOE_NOTE":"Exact WOE match as country","ADM0_A3_IS":"AZE","ADM0_A3_US":"AZE","ADM0_A3_UN":-99,"ADM0_A3_WB":-99,"CONTINENT":"Asia","REGION_UN":"Asia","SUBREGION":"Western Asia","REGION_WB":"Europe & Central Asia","NAME_LEN":10,"LONG_LEN":10,"ABBREV_LEN":4,"TINY":-99,"HOMEPART":1,"MIN_ZOOM":0,"MIN_LABEL":4,"MAX_LABEL":9},"geometry":{"type":"MultiPolygon","coordinates":[[[[46.50572,38.770605],[44.97248,41.248129],[47.373315,41.219732],[49.569202,40.176101],[48.060095,39.582235]]],[[[44.79399,39.713003],[44.79399,39.713003]]]]}},{"type":"Feature","properties":{"scalerank":1,"featurecla":"Admin-0 country","LABELRANK":6,"SOVEREIGNT":"Burundi","SOV_A3":"BDI","ADM0_DIF":0,"LEVEL":2,"TYPE":"Sovereign country","ADMIN":"Burundi","ADM0_A3":"BDI","GEOU_DIF":0,"GEOUNIT":"Burundi","GU_A3":"BDI","SU_DIF":0,"SUBUNIT":"Burundi","SU_A3":"BDI","BRK_DIFF":0,"NAME":"Burundi","NAME_LONG":"Burundi","BRK_A3":"BDI","BRK_NAME":"Burundi","BRK_GROUP":null,"ABBREV":"Bur.","POSTAL":"BI","FORMAL_EN":"Republic of Burundi","FORMAL_FR":null,"NAME_CIAWF":"Burundi","NOTE_ADM0":null,"NOTE_BRK":null,"NAME_SORT":"Burundi","NAME_ALT":null,"MAPCOLOR7":2,"MAPCOLOR8":2,"MAPCOLOR9":5,"MAPCOLOR13":8,"POP_EST":11466756,"POP_RANK":14,"GDP_MD_EST":7892,"POP_YEAR":2017,"LASTCENSUS":2008,"GDP_YEAR":2016,"ECONOMY":"7. Least developed region","INCOME_GRP":"5. Low income","WIKIPEDIA":-99,"FIPS_10_":"BY","ISO_A2":"BI","ISO_A3":"BDI","ISO_A3_EH":"BDI","ISO_N3":"108","UN_A3":"108","WB_A2":"BI","WB_A3":"BDI","WOE_ID":23424774,"WOE_ID_EH":23424774,"WOE_NOTE":"Exact WOE match as country","ADM0_A3_IS":"BDI","ADM0_A3_US":"BDI","ADM0_A3_UN":-99,"ADM0_A3_WB":-99,"CONTINENT":"Africa","REGION_UN":"Africa","SUBREGION":"Eastern Africa","REGION_WB":"Sub-Saharan Africa","NAME_LEN":7,"LONG_LEN":7,"ABBREV_LEN":4,"TINY":-99,"HOMEPART":1,"MIN_ZOOM":0,"MIN_LABEL":4,"MAX_LABEL":9},"geometry":{"type":"Polygon","coordinates":[[[29.339998,-4.499983],[30.75224,-3.35931]]]}},{"type":"Feature","properties":{"scalerank":1,"featurecla":"Admin-0 country","LABELRANK":2,"SOVEREIGNT":"Belgium","SOV_A3":"BEL","ADM0_DIF":0,"LEVEL":2,"TYPE":"Sovereign country","ADMIN":"Belgium","ADM0_A3":"BEL","GEOU_DIF":0,"GEOUNIT":"Belgium","GU_A3":"BEL","SU_DIF":0,"SUBUNIT":"Belgium","SU_A3":"BEL","BRK_DIFF":0,"NAME":"Belgium","NAME_LONG":"Belgium","BRK_A3":"BEL","BRK_NAME":"Belgium","BRK_GROUP":null,"ABBREV":"Belg.","POSTAL":"B","FORMAL_EN":"Kingdom of Belgium","FORMAL_FR":null,"NAME_CIAWF":"Belgium","NOTE_ADM0":null,"NOTE_BRK":null,"NAME_SORT":"Belgium","NAME_ALT":null,"MAPCOLOR7":3,"MAPCOLOR8":2,"MAPCOLOR9":1,"MAPCOLOR13":8,"POP_EST":11491346,"POP_RANK":14,"GDP_MD_EST":508600,"POP_YEAR":2017,"LASTCENSUS":2011,"GDP_YEAR":2016,"ECONOMY":"2. Developed region: nonG7","INCOME_GRP":"1. High income: OECD","WIKIPEDIA":-99,"FIPS_10_":"BE","ISO_A2":"BE","ISO_A3":"BEL","ISO_A3_EH":"BEL","ISO_N3":"056","UN_A3":"056","WB_A2":"BE","WB_A3":"BEL","WOE_ID":23424757,"WOE_ID_EH":23424757,"WOE_NOTE":"Exact WOE match as country","ADM0_A3_IS":"BEL","ADM0_A3_US":"BEL","ADM0_A3_UN":-99,"ADM0_A3_WB":-99,"CONTINENT":"Europe","REGION_UN":"Europe","SUBREGION":"Western Europe","REGION_WB":"Europe & Central Asia","NAME_LEN":7,"LONG_LEN":7,"ABBREV_LEN":5,"TINY":-99,"HOMEPART":1,"MIN_ZOOM":0,"MIN_LABEL":4,"MAX_LABEL":9},"geometry":{"type":"Polygon","coordinates":[[[4.047071,51.267259],[4.286023,49.907497],[4.047071,51.267259]]]}},{"type":"Feature","properties":{"scalerank":1,"featurecla":"Admin-0 country","LABELRANK":5,"SOVEREIGNT":"Benin","SOV_A3":"BEN","ADM0_DIF":0,"LEVEL":2,"TYPE":"Sovereign country","ADMIN":"Benin","ADM0_A3":"BEN","GEOU_DIF":0,"GEOUNIT":"Benin","GU_A3":"BEN","SU_DIF":0,"SUBUNIT":"Benin","SU_A3":"BEN","BRK_DIFF":0,"NAME":"Benin","NAME_LONG":"Benin","BRK_A3":"BEN","BRK_NAME":"Benin","BRK_GROUP":null,"ABBREV":"Benin","POSTAL":"BJ","FORMAL_EN":"Republic of Benin","FORMAL_FR":null,"NAME_CIAWF":"Benin","NOTE_ADM0":null,"NOTE_BRK":null,"NAME_SORT":"Benin","NAME_ALT":null,"MAPCOLOR7":1,"MAPCOLOR8":2,"MAPCOLOR9":2,"MAPCOLOR13":12,"POP_EST":11038805,"POP_RANK":14,"GDP_MD_EST":24310,"POP_YEAR":2017,"LASTCENSUS":2002,"GDP_YEAR":2016,"ECONOMY":"7. Least developed region","INCOME_GRP":"5. Low income","WIKIPEDIA":-99,"FIPS_10_":"BN","ISO_A2":"BJ","ISO_A3":"BEN","ISO_A3_EH":"BEN","ISO_N3":"204","UN_A3":"204","WB_A2":"BJ","WB_A3":"BEN","WOE_ID":23424764,"WOE_ID_EH":23424764,"WOE_NOTE":"Exact WOE match as country","ADM0_A3_IS":"BEN","ADM0_A3_US":"BEN","ADM0_A3_UN":-99,"ADM0_A3_WB":-99,"CONTINENT":"Africa","REGION_UN":"Africa","SUBREGION":"Western Africa","REGION_WB":"Sub-Saharan Africa","NAME_LEN":5,"LONG_LEN":5,"ABBREV_LEN":5,"TINY":-99,"HOMEPART":1,"MIN_ZOOM":0,"MIN_LABEL":4,"MAX_LABEL":9},"geometry":{"type":"Polygon","coordinates":[[[2.691702,6.258817],[0.899563,10.997339],[3.572216,11.327939],[2.691702,6.258817]]]}},{"type":"Feature","properties":{"scalerank":1,"featurecla":"Admin-0 country","LABELRANK":3,"SOVEREIGNT":"Burkina Faso","SOV_A3":"BFA","ADM0_DIF":0,"LEVEL":2,"TYPE":"Sovereign country","ADMIN":"Burkina Faso","ADM0_A3":"BFA","GEOU_DIF":0,"GEOUNIT":"Burkina Faso","GU_A3":"BFA","SU_DIF":0,"SUBUNIT":"Burkina Faso","SU_A3":"BFA","BRK_DIFF":0,"NAME":"Burkina Faso","NAME_LONG":"Burkina Faso","BRK_A3":"BFA","BRK_NAME":"Burkina Faso","BRK_GROUP":null,"ABBREV":"B.F.","POSTAL":"BF","FORMAL_EN":"Burkina Faso","FORMAL_FR":null,"NAME_CIAWF":"Burkina Faso","NOTE_ADM0":null,"NOTE_BRK":null,"NAME_SORT":"Burkina Faso","NAME_ALT":null,"MAPCOLOR7":2,"MAPCOLOR8":1,"MAPCOLOR9":5,"MAPCOLOR13":11,"POP_EST":20107509,"POP_RANK":15,"GDP_MD_EST":32990,"POP_YEAR":2017,"LASTCENSUS":2006,"GDP_YEAR":2016,"ECONOMY":"7. Least developed region","INCOME_GRP":"5. Low income","WIKIPEDIA":-99,"FIPS_10_":"UV","ISO_A2":"BF","ISO_A3":"BFA","ISO_A3_EH":"BFA","ISO_N3":"854","UN_A3":"854","WB_A2":"BF","WB_A3":"BFA","WOE_ID":23424978,"WOE_ID_EH":23424978,"WOE_NOTE":"Exact WOE match as country","ADM0_A3_IS":"BFA","ADM0_A3_US":"BFA","ADM0_A3_UN":-99,"ADM0_A3_WB":-99,"CONTINENT":"Africa","REGION_UN":"Africa","SUBREGION":"Western Africa","REGION_WB":"Sub-Saharan Africa","NAME_LEN":12,"LONG_LEN":12,"ABBREV_LEN":4,"TINY":-99,"HOMEPART":1,"MIN_ZOOM":0,"MIN_LABEL":3,"MAX_LABEL":8},"geometry":{"type":"Polygon","coordinates":[[[2.154474,11.94015],[-1.203358,11.009819],[-4.954653,10.152714],[-3.522803,13.337662],[0.374892,14.928908]]]}},{"type":"Feature","properties":{"scalerank":1,"featurecla":"Admin-0 country","LABELRANK":3,"SOVEREIGNT":"Bangladesh","SOV_A3":"BGD","ADM0_DIF":0,"LEVEL":2,"TYPE":"Sovereign country","ADMIN":"Bangladesh","ADM0_A3":"BGD","GEOU_DIF":0,"GEOUNIT":"Bangladesh","GU_A3":"BGD","SU_DIF":0,"SUBUNIT":"Bangladesh","SU_A3":"BGD","BRK_DIFF":0,"NAME":"Bangladesh","NAME_LONG":"Bangladesh","BRK_A3":"BGD","BRK_NAME":"Bangladesh","BRK_GROUP":null,"ABBREV":"Bang.","POSTAL":"BD","FORMAL_EN":"People's Republic of Bangladesh","FORMAL_FR":null,"NAME_CIAWF":"Bangladesh","NOTE_ADM0":null,"NOTE_BRK":null,"NAME_SORT":"Bangladesh","NAME_ALT":null,"MAPCOLOR7":3,"MAPCOLOR8":4,"MAPCOLOR9":7,"MAPCOLOR13":7,"POP_EST":157826578,"POP_RANK":17,"GDP_MD_EST":628400,"POP_YEAR":2017,"LASTCENSUS":2011,"GDP_YEAR":2016,"ECONOMY":"7. Least developed region","INCOME_GRP":"5. Low income","WIKIPEDIA":-99,"FIPS_10_":"BG","ISO_A2":"BD","ISO_A3":"BGD","ISO_A3_EH":"BGD","ISO_N3":"050","UN_A3":"050","WB_A2":"BD","WB_A3":"BGD","WOE_ID":23424759,"WOE_ID_EH":23424759,"WOE_NOTE":"Exact WOE match as country","ADM0_A3_IS":"BGD","ADM0_A3_US":"BGD","ADM0_A3_UN":-99,"ADM0_A3_WB":-99,"CONTINENT":"Asia","REGION_UN":"Asia","SUBREGION":"Southern Asia","REGION_WB":"South Asia","NAME_LEN":10,"LONG_LEN":10,"ABBREV_LEN":5,"TINY":-99,"HOMEPART":1,"MIN_ZOOM":0,"MIN_LABEL":3,"MAX_LABEL":8},"geometry":{"type":"Polygon","coordinates":[[[92.672721,22.041239],[90.496006,22.805017],[88.52977,23.631142],[89.832481,25.965082],[91.706475,22.985264]]]}},{"type":"Feature","properties":{"scalerank":1,"featurecla":"Admin-0 country","LABELRANK":4,"SOVEREIGNT":"Bulgaria","SOV_A3":"BGR","ADM0_DIF":0,"LEVEL":2,"TYPE":"Sovereign country","ADMIN":"Bulgaria","ADM0_A3":"BGR","GEOU_DIF":0,"GEOUNIT":"Bulgaria","GU_A3":"BGR","SU_DIF":0,"SUBUNIT":"Bulgaria","SU_A3":"BGR","BRK_DIFF":0,"NAME":"Bulgaria","NAME_LONG":"Bulgaria","BRK_A3":"BGR","BRK_NAME":"Bulgaria","BRK_GROUP":null,"ABBREV":"Bulg.","POSTAL":"BG","FORMAL_EN":"Republic of Bulgaria","FORMAL_FR":null,"NAME_CIAWF":"Bulgaria","NOTE_ADM0":null,"NOTE_BRK":null,"NAME_SORT":"Bulgaria","NAME_ALT":null,"MAPCOLOR7":4,"MAPCOLOR8":5,"MAPCOLOR9":1,"MAPCOLOR13":8,"POP_EST":7101510,"POP_RANK":13,"GDP_MD_EST":143100,"POP_YEAR":2017,"LASTCENSUS":2011,"GDP_YEAR":2016,"ECONOMY":"2. Developed region: nonG7","INCOME_GRP":"3. Upper middle income","WIKIPEDIA":-99,"FIPS_10_":"BU","ISO_A2":"BG","ISO_A3":"BGR","ISO_A3_EH":"BGR","ISO_N3":"100","UN_A3":"100","WB_A2":"BG","WB_A3":"BGR","WOE_ID":23424771,"WOE_ID_EH":23424771,"WOE_NOTE":"Exact WOE match as country","ADM0_A3_IS":"BGR","ADM0_A3_US":"BGR","ADM0_A3_UN":-99,"ADM0_A3_WB":-99,"CONTINENT":"Europe","REGION_UN":"Europe","SUBREGION":"Eastern Europe","REGION_WB":"Europe & Central Asia","NAME_LEN":8,"LONG_LEN":8,"ABBREV_LEN":5,"TINY":-99,"HOMEPART":1,"MIN_ZOOM":0,"MIN_LABEL":4,"MAX_LABEL":9},"geometry":{"type":"Polygon","coordinates":[[[22.65715,44.234923],[28.558081,43.707462],[24.492645,41.583896],[22.986019,43.211161]]]}},{"type":"Feature","properties":{"scalerank":1,"featurecla":"Admin-0 country","LABELRANK":4,"SOVEREIGNT":"The Bahamas","SOV_A3":"BHS","ADM0_DIF":0,"LEVEL":2,"TYPE":"Sovereign country","ADMIN":"The Bahamas","ADM0_A3":"BHS","GEOU_DIF":0,"GEOUNIT":"The Bahamas","GU_A3":"BHS","SU_DIF":0,"SUBUNIT":"The Bahamas","SU_A3":"BHS","BRK_DIFF":0,"NAME":"Bahamas","NAME_LONG":"Bahamas","BRK_A3":"BHS","BRK_NAME":"Bahamas","BRK_GROUP":null,"ABBREV":"Bhs.","POSTAL":"BS","FORMAL_EN":"Commonwealth of the Bahamas","FORMAL_FR":null,"NAME_CIAWF":"Bahamas, The","NOTE_ADM0":null,"NOTE_BRK":null,"NAME_SORT":"Bahamas, The","NAME_ALT":null,"MAPCOLOR7":1,"MAPCOLOR8":1,"MAPCOLOR9":2,"MAPCOLOR13":5,"POP_EST":329988,"POP_RANK":10,"GDP_MD_EST":9066,"POP_YEAR":2017,"LASTCENSUS":2010,"GDP_YEAR":2016,"ECONOMY":"6. Developing region","INCOME_GRP":"2. High income: nonOECD","WIKIPEDIA":-99,"FIPS_10_":"BF","ISO_A2":"BS","ISO_A3":"BHS","ISO_A3_EH":"BHS","ISO_N3":"044","UN_A3":"044","WB_A2":"BS","WB_A3":"BHS","WOE_ID":23424758,"WOE_ID_EH":23424758,"WOE_NOTE":"Exact WOE match as country","ADM0_A3_IS":"BHS","ADM0_A3_US":"BHS","ADM0_A3_UN":-99,"ADM0_A3_WB":-99,"CONTINENT":"North America","REGION_UN":"Americas","SUBREGION":"Caribbean","REGION_WB":"Latin America & Caribbean","NAME_LEN":7,"LONG_LEN":7,"ABBREV_LEN":4,"TINY":-99,"HOMEPART":1,"MIN_ZOOM":0,"MIN_LABEL":4,"MAX_LABEL":9},"geometry":{"type":"MultiPolygon","coordinates":[[[[-77.53466,23.75975]]],[[[-77.82,26.58]]],[[[-77,26.59]]]]}},{"type":"Feature","properties":{"scalerank":1,"featurecla":"Admin-0 country","LABELRANK":5,"SOVEREIGNT":"Bosnia and Herzegovina","SOV_A3":"BIH","ADM0_DIF":0,"LEVEL":2,"TYPE":"Sovereign country","ADMIN":"Bosnia and Herzegovina","ADM0_A3":"BIH","GEOU_DIF":0,"GEOUNIT":"Bosnia and Herzegovina","GU_A3":"BIH","SU_DIF":0,"SUBUNIT":"Bosnia and Herzegovina","SU_A3":"BIH","BRK_DIFF":0,"NAME":"Bosnia and Herz.","NAME_LONG":"Bosnia and Herzegovina","BRK_A3":"BIH","BRK_NAME":"Bosnia and Herz.","BRK_GROUP":null,"ABBREV":"B.H.","POSTAL":"BiH","FORMAL_EN":"Bosnia and Herzegovina","FORMAL_FR":null,"NAME_CIAWF":"Bosnia and Herzegovina","NOTE_ADM0":null,"NOTE_BRK":null,"NAME_SORT":"Bosnia and Herzegovina","NAME_ALT":null,"MAPCOLOR7":1,"MAPCOLOR8":1,"MAPCOLOR9":1,"MAPCOLOR13":2,"POP_EST":3856181,"POP_RANK":12,"GDP_MD_EST":42530,"POP_YEAR":2017,"LASTCENSUS":1991,"GDP_YEAR":2016,"ECONOMY":"6. Developing region","INCOME_GRP":"3. Upper middle income","WIKIPEDIA":-99,"FIPS_10_":"BK","ISO_A2":"BA","ISO_A3":"BIH","ISO_A3_EH":"BIH","ISO_N3":"070","UN_A3":"070","WB_A2":"BA","WB_A3":"BIH","WOE_ID":23424761,"WOE_ID_EH":23424761,"WOE_NOTE":"Exact WOE match as country","ADM0_A3_IS":"BIH","ADM0_A3_US":"BIH","ADM0_A3_UN":-99,"ADM0_A3_WB":-99,"CONTINENT":"Europe","REGION_UN":"Europe","SUBREGION":"Southern Europe","REGION_WB":"Europe & Central Asia","NAME_LEN":16,"LONG_LEN":22,"ABBREV_LEN":4,"TINY":-99,"HOMEPART":1,"MIN_ZOOM":0,"MIN_LABEL":4.5,"MAX_LABEL":9.5},"geometry":{"type":"Polygon","coordinates":[[[19.36803,44.863],[17.674922,43.028563],[16.534939,45.211608]]]}},{"type":"Feature","properties":{"scalerank":1,"featurecla":"Admin-0 country","LABELRANK":4,"SOVEREIGNT":"Belarus","SOV_A3":"BLR","ADM0_DIF":0,"LEVEL":2,"TYPE":"Sovereign country","ADMIN":"Belarus","ADM0_A3":"BLR","GEOU_DIF":0,"GEOUNIT":"Belarus","GU_A3":"BLR","SU_DIF":0,"SUBUNIT":"Belarus","SU_A3":"BLR","BRK_DIFF":0,"NAME":"Belarus","NAME_LONG":"Belarus","BRK_A3":"BLR","BRK_NAME":"Belarus","BRK_GROUP":null,"ABBREV":"Bela.","POSTAL":"BY","FORMAL_EN":"Republic of Belarus","FORMAL_FR":null,"NAME_CIAWF":"Belarus","NOTE_ADM0":null,"NOTE_BRK":null,"NAME_SORT":"Belarus","NAME_ALT":null,"MAPCOLOR7":1,"MAPCOLOR8":1,"MAPCOLOR9":5,"MAPCOLOR13":11,"POP_EST":9549747,"POP_RANK":13,"GDP_MD_EST":165400,"POP_YEAR":2017,"LASTCENSUS":2009,"GDP_YEAR":2016,"ECONOMY":"6. Developing region","INCOME_GRP":"3. Upper middle income","WIKIPEDIA":-99,"FIPS_10_":"BO","ISO_A2":"BY","ISO_A3":"BLR","ISO_A3_EH":"BLR","ISO_N3":"112","UN_A3":"112","WB_A2":"BY","WB_A3":"BLR","WOE_ID":23424765,"WOE_ID_EH":23424765,"WOE_NOTE":"Exact WOE match as country","ADM0_A3_IS":"BLR","ADM0_A3_US":"BLR","ADM0_A3_UN":-99,"ADM0_A3_WB":-99,"CONTINENT":"Europe","REGION_UN":"Europe","SUBREGION":"Eastern Europe","REGION_WB":"Europe & Central Asia","NAME_LEN":7,"LONG_LEN":7,"ABBREV_LEN":5,"TINY":-99,"HOMEPART":1,"MIN_ZOOM":0,"MIN_LABEL":3,"MAX_LABEL":8},"geometry":{"type":"Polygon","coordinates":[[[23.484128,53.912498],[29.229513,55.918344],[31.731273,53.794029],[31.785992,52.101678],[28.241615,51.572227],[23.199494,52.486977]]]}},{"type":"Feature","properties":{"scalerank":1,"featurecla":"Admin-0 country","LABELRANK":6,"SOVEREIGNT":"Belize","SOV_A3":"BLZ","ADM0_DIF":0,"LEVEL":2,"TYPE":"Sovereign country","ADMIN":"Belize","ADM0_A3":"BLZ","GEOU_DIF":0,"GEOUNIT":"Belize","GU_A3":"BLZ","SU_DIF":0,"SUBUNIT":"Belize","SU_A3":"BLZ","BRK_DIFF":0,"NAME":"Belize","NAME_LONG":"Belize","BRK_A3":"BLZ","BRK_NAME":"Belize","BRK_GROUP":null,"ABBREV":"Belize","POSTAL":"BZ","FORMAL_EN":"Belize","FORMAL_FR":null,"NAME_CIAWF":"Belize","NOTE_ADM0":null,"NOTE_BRK":null,"NAME_SORT":"Belize","NAME_ALT":null,"MAPCOLOR7":1,"MAPCOLOR8":4,"MAPCOLOR9":5,"MAPCOLOR13":7,"POP_EST":360346,"POP_RANK":10,"GDP_MD_EST":3088,"POP_YEAR":2017,"LASTCENSUS":2010,"GDP_YEAR":2016,"ECONOMY":"6. Developing region","INCOME_GRP":"4. Lower middle income","WIKIPEDIA":-99,"FIPS_10_":"BH","ISO_A2":"BZ","ISO_A3":"BLZ","ISO_A3_EH":"BLZ","ISO_N3":"084","UN_A3":"084","WB_A2":"BZ","WB_A3":"BLZ","WOE_ID":23424760,"WOE_ID_EH":23424760,"WOE_NOTE":"Exact WOE match as country","ADM0_A3_IS":"BLZ","ADM0_A3_US":"BLZ","ADM0_A3_UN":-99,"ADM0_A3_WB":-99,"CONTINENT":"North America","REGION_UN":"Americas","SUBREGION":"Central America","REGION_WB":"Latin America & Caribbean","NAME_LEN":6,"LONG_LEN":6,"ABBREV_LEN":6,"TINY":-99,"HOMEPART":1,"MIN_ZOOM":0,"MIN_LABEL":5,"MAX_LABEL":10},"geometry":{"type":"Polygon","coordinates":[[[-89.14308,17.808319],[-88.123479,18.076675],[-88.930613,15.887273]]]}},{"type":"Feature","properties":{"scalerank":1,"featurecla":"Admin-0 country","LABELRANK":3,"SOVEREIGNT":"Bolivia","SOV_A3":"BOL","ADM0_DIF":0,"LEVEL":2,"TYPE":"Sovereign country","ADMIN":"Bolivia","ADM0_A3":"BOL","GEOU_DIF":0,"GEOUNIT":"Bolivia","GU_A3":"BOL","SU_DIF":0,"SUBUNIT":"Bolivia","SU_A3":"BOL","BRK_DIFF":0,"NAME":"Bolivia","NAME_LONG":"Bolivia","BRK_A3":"BOL","BRK_NAME":"Bolivia","BRK_GROUP":null,"ABBREV":"Bolivia","POSTAL":"BO","FORMAL_EN":"Plurinational State of Bolivia","FORMAL_FR":null,"NAME_CIAWF":"Bolivia","NOTE_ADM0":null,"NOTE_BRK":null,"NAME_SORT":"Bolivia","NAME_ALT":null,"MAPCOLOR7":1,"MAPCOLOR8":5,"MAPCOLOR9":2,"MAPCOLOR13":3,"POP_EST":11138234,"POP_RANK":14,"GDP_MD_EST":78350,"POP_YEAR":2017,"LASTCENSUS":2001,"GDP_YEAR":2016,"ECONOMY":"5. Emerging region: G20","INCOME_GRP":"4. Lower middle income","WIKIPEDIA":-99,"FIPS_10_":"BL","ISO_A2":"BO","ISO_A3":"BOL","ISO_A3_EH":"BOL","ISO_N3":"068","UN_A3":"068","WB_A2":"BO","WB_A3":"BOL","WOE_ID":23424762,"WOE_ID_EH":23424762,"WOE_NOTE":"Exact WOE match as country","ADM0_A3_IS":"BOL","ADM0_A3_US":"BOL","ADM0_A3_UN":-99,"ADM0_A3_WB":-99,"CONTINENT":"South America","REGION_UN":"Americas","SUBREGION":"South America","REGION_WB":"Latin America & Caribbean","NAME_LEN":7,"LONG_LEN":7,"ABBREV_LEN":7,"TINY":-99,"HOMEPART":1,"MIN_ZOOM":0,"MIN_LABEL":3,"MAX_LABEL":7.5},"geometry":{"type":"Polygon","coordinates":[[[-62.685057,-22.249029],[-68.219913,-21.494347],[-69.160347,-15.323974],[-68.271254,-11.014521],[-64.316353,-12.461978],[-60.264326,-14.645979],[-57.498371,-18.174188],[-61.786326,-19.633737]]]}},{"type":"Feature","properties":{"scalerank":1,"featurecla":"Admin-0 country","LABELRANK":2,"SOVEREIGNT":"Brazil","SOV_A3":"BRA","ADM0_DIF":0,"LEVEL":2,"TYPE":"Sovereign country","ADMIN":"Brazil","ADM0_A3":"BRA","GEOU_DIF":0,"GEOUNIT":"Brazil","GU_A3":"BRA","SU_DIF":0,"SUBUNIT":"Brazil","SU_A3":"BRA","BRK_DIFF":0,"NAME":"Brazil","NAME_LONG":"Brazil","BRK_A3":"BRA","BRK_NAME":"Brazil","BRK_GROUP":null,"ABBREV":"Brazil","POSTAL":"BR","FORMAL_EN":"Federative Republic of Brazil","FORMAL_FR":null,"NAME_CIAWF":"Brazil","NOTE_ADM0":null,"NOTE_BRK":null,"NAME_SORT":"Brazil","NAME_ALT":null,"MAPCOLOR7":5,"MAPCOLOR8":6,"MAPCOLOR9":5,"MAPCOLOR13":7,"POP_EST":207353391,"POP_RANK":17,"GDP_MD_EST":3081000,"POP_YEAR":2017,"LASTCENSUS":2010,"GDP_YEAR":2016,"ECONOMY":"3. Emerging region: BRIC","INCOME_GRP":"3. Upper middle income","WIKIPEDIA":-99,"FIPS_10_":"BR","ISO_A2":"BR","ISO_A3":"BRA","ISO_A3_EH":"BRA","ISO_N3":"076","UN_A3":"076","WB_A2":"BR","WB_A3":"BRA","WOE_ID":23424768,"WOE_ID_EH":23424768,"WOE_NOTE":"Exact WOE match as country","ADM0_A3_IS":"BRA","ADM0_A3_US":"BRA","ADM0_A3_UN":-99,"ADM0_A3_WB":-99,"CONTINENT":"South America","REGION_UN":"Americas","SUBREGION":"South America","REGION_WB":"Latin America & Caribbean","NAME_LEN":6,"LONG_LEN":6,"ABBREV_LEN":6,"TINY":-99,"HOMEPART":1,"MIN_ZOOM":0,"MIN_LABEL":1.7,"MAX_LABEL":5.7},"geometry":{"type":"Polygon","coordinates":[[[-57.625133,-30.216295],[-54.428946,-25.162185],[-55.797958,-22.35693],[-57.676009,-18.96184],[-60.251149,-15.077219],[-63.196499,-12.627033],[-68.048192,-10.712059],[-72.184891,-10.053598],[-73.120027,-6.629931],[-69.444102,-1.556287],[-69.804597,1.089081],[-65.548267,0.789254],[-64.408828,3.126786],[-60.966893,4.536468],[-59.815413,3.606499],[-57.660971,1.682585],[-55.569755,2.421506],[-52.556425,2.504705],[-50.699251,0.222984],[-44.581589,-2.691308],[-35.235389,-5.464937],[-38.673887,-13.057652],[-40.944756,-21.937317],[-48.495458,-25.877025],[-52.256081,-32.24537],[-55.973245,-30.883076]]]}},{"type":"Feature","properties":{"scalerank":1,"featurecla":"Admin-0 country","LABELRANK":6,"SOVEREIGNT":"Brunei","SOV_A3":"BRN","ADM0_DIF":0,"LEVEL":2,"TYPE":"Sovereign country","ADMIN":"Brunei","ADM0_A3":"BRN","GEOU_DIF":0,"GEOUNIT":"Brunei","GU_A3":"BRN","SU_DIF":0,"SUBUNIT":"Brunei","SU_A3":"BRN","BRK_DIFF":0,"NAME":"Brunei","NAME_LONG":"Brunei Darussalam","BRK_A3":"BRN","BRK_NAME":"Brunei","BRK_GROUP":null,"ABBREV":"Brunei","POSTAL":"BN","FORMAL_EN":"Negara Brunei Darussalam","FORMAL_FR":null,"NAME_CIAWF":"Brunei","NOTE_ADM0":null,"NOTE_BRK":null,"NAME_SORT":"Brunei","NAME_ALT":null,"MAPCOLOR7":4,"MAPCOLOR8":6,"MAPCOLOR9":6,"MAPCOLOR13":12,"POP_EST":443593,"POP_RANK":10,"GDP_MD_EST":33730,"POP_YEAR":2017,"LASTCENSUS":2001,"GDP_YEAR":2016,"ECONOMY":"6. Developing region","INCOME_GRP":"2. High income: nonOECD","WIKIPEDIA":-99,"FIPS_10_":"BX","ISO_A2":"BN","ISO_A3":"BRN","ISO_A3_EH":"BRN","ISO_N3":"096","UN_A3":"096","WB_A2":"BN","WB_A3":"BRN","WOE_ID":23424773,"WOE_ID_EH":23424773,"WOE_NOTE":"Exact WOE match as country","ADM0_A3_IS":"BRN","ADM0_A3_US":"BRN","ADM0_A3_UN":-99,"ADM0_A3_WB":-99,"CONTINENT":"Asia","REGION_UN":"Asia","SUBREGION":"South-Eastern Asia","REGION_WB":"East Asia & Pacific","NAME_LEN":6,"LONG_LEN":17,"ABBREV_LEN":6,"TINY":2,"HOMEPART":1,"MIN_ZOOM":0,"MIN_LABEL":4,"MAX_LABEL":9},"geometry":{"type":"Polygon","coordinates":[[[114.204017,4.525874]]]}},{"type":"Feature","properties":{"scalerank":1,"featurecla":"Admin-0 country","LABELRANK":5,"SOVEREIGNT":"Bhutan","SOV_A3":"BTN","ADM0_DIF":0,"LEVEL":2,"TYPE":"Sovereign country","ADMIN":"Bhutan","ADM0_A3":"BTN","GEOU_DIF":0,"GEOUNIT":"Bhutan","GU_A3":"BTN","SU_DIF":0,"SUBUNIT":"Bhutan","SU_A3":"BTN","BRK_DIFF":0,"NAME":"Bhutan","NAME_LONG":"Bhutan","BRK_A3":"BTN","BRK_NAME":"Bhutan","BRK_GROUP":null,"ABBREV":"Bhutan","POSTAL":"BT","FORMAL_EN":"Kingdom of Bhutan","FORMAL_FR":null,"NAME_CIAWF":"Bhutan","NOTE_ADM0":null,"NOTE_BRK":null,"NAME_SORT":"Bhutan","NAME_ALT":null,"MAPCOLOR7":5,"MAPCOLOR8":6,"MAPCOLOR9":1,"MAPCOLOR13":8,"POP_EST":758288,"POP_RANK":11,"GDP_MD_EST":6432,"POP_YEAR":2017,"LASTCENSUS":2005,"GDP_YEAR":2016,"ECONOMY":"7. Least developed region","INCOME_GRP":"4. Lower middle income","WIKIPEDIA":-99,"FIPS_10_":"BT","ISO_A2":"BT","ISO_A3":"BTN","ISO_A3_EH":"BTN","ISO_N3":"064","UN_A3":"064","WB_A2":"BT","WB_A3":"BTN","WOE_ID":23424770,"WOE_ID_EH":23424770,"WOE_NOTE":"Exact WOE match as country","ADM0_A3_IS":"BTN","ADM0_A3_US":"BTN","ADM0_A3_UN":-99,"ADM0_A3_WB":-99,"CONTINENT":"Asia","REGION_UN":"Asia","SUBREGION":"Southern Asia","REGION_WB":"South Asia","NAME_LEN":6,"LONG_LEN":6,"ABBREV_LEN":6,"TINY":-99,"HOMEPART":1,"MIN_ZOOM":0,"MIN_LABEL":4,"MAX_LABEL":9},"geometry":{"type":"Polygon","coordinates":[[[91.696657,27.771742],[89.47581,28.042759]]]}},{"type":"Feature","properties":{"scalerank":1,"featurecla":"Admin-0 country","LABELRANK":4,"SOVEREIGNT":"Botswana","SOV_A3":"BWA","ADM0_DIF":0,"LEVEL":2,"TYPE":"Sovereign country","ADMIN":"Botswana","ADM0_A3":"BWA","GEOU_DIF":0,"GEOUNIT":"Botswana","GU_A3":"BWA","SU_DIF":0,"SUBUNIT":"Botswana","SU_A3":"BWA","BRK_DIFF":0,"NAME":"Botswana","NAME_LONG":"Botswana","BRK_A3":"BWA","BRK_NAME":"Botswana","BRK_GROUP":null,"ABBREV":"Bwa.","POSTAL":"BW","FORMAL_EN":"Republic of Botswana","FORMAL_FR":null,"NAME_CIAWF":"Botswana","NOTE_ADM0":null,"NOTE_BRK":null,"NAME_SORT":"Botswana","NAME_ALT":null,"MAPCOLOR7":6,"MAPCOLOR8":5,"MAPCOLOR9":7,"MAPCOLOR13":3,"POP_EST":2214858,"POP_RANK":12,"GDP_MD_EST":35900,"POP_YEAR":2017,"LASTCENSUS":2011,"GDP_YEAR":2016,"ECONOMY":"6. Developing region","INCOME_GRP":"3. Upper middle income","WIKIPEDIA":-99,"FIPS_10_":"BC","ISO_A2":"BW","ISO_A3":"BWA","ISO_A3_EH":"BWA","ISO_N3":"072","UN_A3":"072","WB_A2":"BW","WB_A3":"BWA","WOE_ID":23424755,"WOE_ID_EH":23424755,"WOE_NOTE":"Exact WOE match as country","ADM0_A3_IS":"BWA","ADM0_A3_US":"BWA","ADM0_A3_UN":-99,"ADM0_A3_WB":-99,"CONTINENT":"Africa","REGION_UN":"Africa","SUBREGION":"Southern Africa","REGION_WB":"Sub-Saharan Africa","NAME_LEN":8,"LONG_LEN":8,"ABBREV_LEN":4,"TINY":-99,"HOMEPART":1,"MIN_ZOOM":0,"MIN_LABEL":4,"MAX_LABEL":9},"geometry":{"type":"Polygon","coordinates":[[[29.432188,-22.091313],[25.025171,-25.71967],[20.889609,-26.828543],[21.65504,-18.219146],[25.850391,-18.714413]]]}},{"type":"Feature","properties":{"scalerank":1,"featurecla":"Admin-0 country","LABELRANK":4,"SOVEREIGNT":"Central African Republic","SOV_A3":"CAF","ADM0_DIF":0,"LEVEL":2,"TYPE":"Sovereign country","ADMIN":"Central African Republic","ADM0_A3":"CAF","GEOU_DIF":0,"GEOUNIT":"Central African Republic","GU_A3":"CAF","SU_DIF":0,"SUBUNIT":"Central African Republic","SU_A3":"CAF","BRK_DIFF":0,"NAME":"Central African Rep.","NAME_LONG":"Central African Republic","BRK_A3":"CAF","BRK_NAME":"Central African Rep.","BRK_GROUP":null,"ABBREV":"C.A.R.","POSTAL":"CF","FORMAL_EN":"Central African Republic","FORMAL_FR":null,"NAME_CIAWF":"Central African Republic","NOTE_ADM0":null,"NOTE_BRK":null,"NAME_SORT":"Central African Republic","NAME_ALT":null,"MAPCOLOR7":5,"MAPCOLOR8":6,"MAPCOLOR9":6,"MAPCOLOR13":9,"POP_EST":5625118,"POP_RANK":13,"GDP_MD_EST":3206,"POP_YEAR":2017,"LASTCENSUS":2003,"GDP_YEAR":2016,"ECONOMY":"7. Least developed region","INCOME_GRP":"5. Low income","WIKIPEDIA":-99,"FIPS_10_":"CT","ISO_A2":"CF","ISO_A3":"CAF","ISO_A3_EH":"CAF","ISO_N3":"140","UN_A3":"140","WB_A2":"CF","WB_A3":"CAF","WOE_ID":23424792,"WOE_ID_EH":23424792,"WOE_NOTE":"Exact WOE match as country","ADM0_A3_IS":"CAF","ADM0_A3_US":"CAF","ADM0_A3_UN":-99,"ADM0_A3_WB":-99,"CONTINENT":"Africa","REGION_UN":"Africa","SUBREGION":"Middle Africa","REGION_WB":"Sub-Saharan Africa","NAME_LEN":20,"LONG_LEN":24,"ABBREV_LEN":6,"TINY":-99,"HOMEPART":1,"MIN_ZOOM":0,"MIN_LABEL":4,"MAX_LABEL":9},"geometry":{"type":"Polygon","coordinates":[[[15.27946,7.421925],[18.81201,8.982915],[23.554304,10.089255],[25.796648,6.979316],[25.278798,5.170408],[21.659123,4.224342],[17.133042,3.728197],[14.478372,4.732605]]]}},{"type":"Feature","properties":{"scalerank":1,"featurecla":"Admin-0 country","LABELRANK":2,"SOVEREIGNT":"Canada","SOV_A3":"CAN","ADM0_DIF":0,"LEVEL":2,"TYPE":"Sovereign country","ADMIN":"Canada","ADM0_A3":"CAN","GEOU_DIF":0,"GEOUNIT":"Canada","GU_A3":"CAN","SU_DIF":0,"SUBUNIT":"Canada","SU_A3":"CAN","BRK_DIFF":0,"NAME":"Canada","NAME_LONG":"Canada","BRK_A3":"CAN","BRK_NAME":"Canada","BRK_GROUP":null,"ABBREV":"Can.","POSTAL":"CA","FORMAL_EN":"Canada","FORMAL_FR":null,"NAME_CIAWF":"Canada","NOTE_ADM0":null,"NOTE_BRK":null,"NAME_SORT":"Canada","NAME_ALT":null,"MAPCOLOR7":6,"MAPCOLOR8":6,"MAPCOLOR9":2,"MAPCOLOR13":2,"POP_EST":35623680,"POP_RANK":15,"GDP_MD_EST":1674000,"POP_YEAR":2017,"LASTCENSUS":2011,"GDP_YEAR":2016,"ECONOMY":"1. Developed region: G7","INCOME_GRP":"1. High income: OECD","WIKIPEDIA":-99,"FIPS_10_":"CA","ISO_A2":"CA","ISO_A3":"CAN","ISO_A3_EH":"CAN","ISO_N3":"124","UN_A3":"124","WB_A2":"CA","WB_A3":"CAN","WOE_ID":23424775,"WOE_ID_EH":23424775,"WOE_NOTE":"Exact WOE match as country","ADM0_A3_IS":"CAN","ADM0_A3_US":"CAN","ADM0_A3_UN":-99,"ADM0_A3_WB":-99,"CONTINENT":"North America","REGION_UN":"Americas","SUBREGION":"Northern America","REGION_WB":"North America","NAME_LEN":6,"LONG_LEN":6,"ABBREV_LEN":4,"TINY":-99,"HOMEPART":1,"MIN_ZOOM":0,"MIN_LABEL":1.7,"MAX_LABEL":5.7},"geometry":{"type":"MultiPolygon","coordinates":[[[[-63.6645,46.55001],[-63.6645,46.55001]]],[[[-61.806305,49.10506]]],[[[-123.510002,48.510011],[-128.358414,50.770648]]],[[[-56.134036,50.68701],[-53.786014,48.516781],[-54.240482,47.752279],[-58.796586,48.251525],[-56.134036,50.68701]]],[[[-133.180004,54.169975],[-133.054611,53.411469]]],[[[-79.26582,62.158675]]],[[[-81.89825,62.7108]]],[[[-85.161308,65.657285],[-80.103451,63.725981],[-86.35276,64.035833]]],[[[-75.86588,67.14886],[-75.86588,67.14886]]],[[[-95.647681,69.10769],[-96.557401,69.68003]]],[[[-68.23444,47.35486],[-71.50506,45.0082],[-78.72028,43.625089],[-82.690089,41.675105],[-82.550925,45.347517],[-84.6049,46.4396],[-89.272917,48.019808],[-94.81758,49.38905],[-113,49],[-127.43561,50.83061],[-129.98,55.285],[-136.47972,59.46389],[-140.985988,69.711998],[-129.79471,70.19369],[-123.06108,69.56372],[-115.30489,67.90261],[-106.95,68.7],[-98.5586,68.40394],[-96.47131,70.08976],[-90.55151,68.47499],[-84.10081,69.80539],[-84.73542,66.2573],[-90.77004,62.96021],[-92.29703,57.08709],[-82.27285,55.14832],[-79.82958,54.66772],[-77.77272,60.75788],[-71.37369,61.13717],[-64.58352,60.33558],[-57.3332,54.6265],[-60.03309,50.24277],[-71.10458,46.82171],[-64.47219,46.23849],[-64.24656,44.26553],[-67.79046,47.06636]]],[[[-114.16717,73.12145],[-108.39639,73.08953],[-101.08929,69.58447],[-111.534149,68.630059],[-113.72141,70.19237],[-119.40199,71.55859]]],[[[-104.5,73.42]]],[[[-76.34,73.102685],[-80.353058,73.75972]]],[[[-86.562179,73.157447],[-75.605845,72.243678],[-68.805123,68.720198],[-66.721219,66.388041],[-66.275045,62.945099],[-71.886278,63.679989],[-73.959795,65.454765],[-76.228649,69.147769],[-88.681713,70.410741],[-86.562179,73.157447]]],[[[-100.35642,73.84389],[-99.32286,71.35639]]],[[[-93.196296,72.771992],[-90.509793,73.856732]]],[[[-120.46,71.383602],[-121.53788,74.44893],[-120.46,71.383602]]],[[[-93.612756,74.979997]]],[[[-98.5,76.72],[-102.56552,76.3366]]],[[[-108.21141,76.20168],[-113.74381,74.39427],[-110.81422,75.54919]]],[[[-94.684086,77.097878],[-86.379192,75.482421],[-83.228894,74.564028],[-95.962457,76.441381]]],[[[-116.198587,77.645287],[-121.157535,76.864508]]],[[[-93.840003,77.519997]]],[[[-110.186938,77.697015]]],[[[-109.663146,78.601973]]],[[[-95.830295,78.056941],[-95.830295,78.056941]]],[[[-100.060192,78.324754],[-103.529282,79.165349]]],[[[-87.02,79.66],[-93.14524,79.3801],[-92.40984,81.25739]]],[[[-68.5,83.106322],[-65.48031,81.50657],[-76.22046,79.01907],[-77.88911,76.777955],[-88.26,77.9],[-86.50734,79.73624],[-90.2,81.26],[-83.18,82.32],[-68.5,83.106322]]]]}},{"type":"Feature","properties":{"scalerank":1,"featurecla":"Admin-0 country","LABELRANK":4,"SOVEREIGNT":"Switzerland","SOV_A3":"CHE","ADM0_DIF":0,"LEVEL":2,"TYPE":"Sovereign country","ADMIN":"Switzerland","ADM0_A3":"CHE","GEOU_DIF":0,"GEOUNIT":"Switzerland","GU_A3":"CHE","SU_DIF":0,"SUBUNIT":"Switzerland","SU_A3":"CHE","BRK_DIFF":0,"NAME":"Switzerland","NAME_LONG":"Switzerland","BRK_A3":"CHE","BRK_NAME":"Switzerland","BRK_GROUP":null,"ABBREV":"Switz.","POSTAL":"CH","FORMAL_EN":"Swiss Confederation","FORMAL_FR":null,"NAME_CIAWF":"Switzerland","NOTE_ADM0":null,"NOTE_BRK":null,"NAME_SORT":"Switzerland","NAME_ALT":null,"MAPCOLOR7":5,"MAPCOLOR8":2,"MAPCOLOR9":7,"MAPCOLOR13":3,"POP_EST":8236303,"POP_RANK":13,"GDP_MD_EST":496300,"POP_YEAR":2017,"LASTCENSUS":2010,"GDP_YEAR":2016,"ECONOMY":"2. Developed region: nonG7","INCOME_GRP":"1. High income: OECD","WIKIPEDIA":-99,"FIPS_10_":"SZ","ISO_A2":"CH","ISO_A3":"CHE","ISO_A3_EH":"CHE","ISO_N3":"756","UN_A3":"756","WB_A2":"CH","WB_A3":"CHE","WOE_ID":23424957,"WOE_ID_EH":23424957,"WOE_NOTE":"Exact WOE match as country","ADM0_A3_IS":"CHE","ADM0_A3_US":"CHE","ADM0_A3_UN":-99,"ADM0_A3_WB":-99,"CONTINENT":"Europe","REGION_UN":"Europe","SUBREGION":"Western Europe","REGION_WB":"Europe & Central Asia","NAME_LEN":11,"LONG_LEN":11,"ABBREV_LEN":6,"TINY":-99,"HOMEPART":1,"MIN_ZOOM":0,"MIN_LABEL":4,"MAX_LABEL":9},"geometry":{"type":"Polygon","coordinates":[[[9.594226,47.525058],[8.966306,46.036932],[6.037389,46.725779]]]}},{"type":"Feature","properties":{"scalerank":1,"featurecla":"Admin-0 country","LABELRANK":2,"SOVEREIGNT":"Chile","SOV_A3":"CHL","ADM0_DIF":0,"LEVEL":2,"TYPE":"Sovereign country","ADMIN":"Chile","ADM0_A3":"CHL","GEOU_DIF":0,"GEOUNIT":"Chile","GU_A3":"CHL","SU_DIF":0,"SUBUNIT":"Chile","SU_A3":"CHL","BRK_DIFF":0,"NAME":"Chile","NAME_LONG":"Chile","BRK_A3":"CHL","BRK_NAME":"Chile","BRK_GROUP":null,"ABBREV":"Chile","POSTAL":"CL","FORMAL_EN":"Republic of Chile","FORMAL_FR":null,"NAME_CIAWF":"Chile","NOTE_ADM0":null,"NOTE_BRK":null,"NAME_SORT":"Chile","NAME_ALT":null,"MAPCOLOR7":5,"MAPCOLOR8":1,"MAPCOLOR9":5,"MAPCOLOR13":9,"POP_EST":17789267,"POP_RANK":14,"GDP_MD_EST":436100,"POP_YEAR":2017,"LASTCENSUS":2002,"GDP_YEAR":2016,"ECONOMY":"5. Emerging region: G20","INCOME_GRP":"3. Upper middle income","WIKIPEDIA":-99,"FIPS_10_":"CI","ISO_A2":"CL","ISO_A3":"CHL","ISO_A3_EH":"CHL","ISO_N3":"152","UN_A3":"152","WB_A2":"CL","WB_A3":"CHL","WOE_ID":23424782,"WOE_ID_EH":23424782,"WOE_NOTE":"Exact WOE match as country","ADM0_A3_IS":"CHL","ADM0_A3_US":"CHL","ADM0_A3_UN":-99,"ADM0_A3_WB":-99,"CONTINENT":"South America","REGION_UN":"Americas","SUBREGION":"South America","REGION_WB":"Latin America & Caribbean","NAME_LEN":5,"LONG_LEN":5,"ABBREV_LEN":5,"TINY":-99,"HOMEPART":1,"MIN_ZOOM":0,"MIN_LABEL":1.7,"MAX_LABEL":6.7},"geometry":{"type":"MultiPolygon","coordinates":[[[[-68.63401,-52.63637],[-69.95809,-55.19843],[-70.59178,-53.61583]]],[[[-67.106674,-22.735925],[-69.65613,-28.459141],[-70.364769,-36.005089],[-72.148898,-42.254888],[-71.917258,-46.884838],[-72.329404,-51.425956],[-71.429795,-53.856455],[-75.608015,-48.673773],[-73.3889,-42.117532],[-73.166717,-37.12378],[-70.724954,-25.705924],[-68.966818,-18.981683]]]]}},{"type":"Feature","properties":{"scalerank":1,"featurecla":"Admin-0 country","LABELRANK":2,"SOVEREIGNT":"China","SOV_A3":"CH1","ADM0_DIF":1,"LEVEL":2,"TYPE":"Country","ADMIN":"China","ADM0_A3":"CHN","GEOU_DIF":0,"GEOUNIT":"China","GU_A3":"CHN","SU_DIF":0,"SUBUNIT":"China","SU_A3":"CHN","BRK_DIFF":0,"NAME":"China","NAME_LONG":"China","BRK_A3":"CHN","BRK_NAME":"China","BRK_GROUP":null,"ABBREV":"China","POSTAL":"CN","FORMAL_EN":"People's Republic of China","FORMAL_FR":null,"NAME_CIAWF":"China","NOTE_ADM0":null,"NOTE_BRK":null,"NAME_SORT":"China","NAME_ALT":null,"MAPCOLOR7":4,"MAPCOLOR8":4,"MAPCOLOR9":4,"MAPCOLOR13":3,"POP_EST":1379302771,"POP_RANK":18,"GDP_MD_EST":21140000,"POP_YEAR":2017,"LASTCENSUS":2010,"GDP_YEAR":2016,"ECONOMY":"3. Emerging region: BRIC","INCOME_GRP":"3. Upper middle income","WIKIPEDIA":-99,"FIPS_10_":"CH","ISO_A2":"CN","ISO_A3":"CHN","ISO_A3_EH":"CHN","ISO_N3":"156","UN_A3":"156","WB_A2":"CN","WB_A3":"CHN","WOE_ID":23424781,"WOE_ID_EH":23424781,"WOE_NOTE":"Exact WOE match as country","ADM0_A3_IS":"CHN","ADM0_A3_US":"CHN","ADM0_A3_UN":-99,"ADM0_A3_WB":-99,"CONTINENT":"Asia","REGION_UN":"Asia","SUBREGION":"Eastern Asia","REGION_WB":"East Asia & Pacific","NAME_LEN":5,"LONG_LEN":5,"ABBREV_LEN":5,"TINY":-99,"HOMEPART":1,"MIN_ZOOM":0,"MIN_LABEL":1.7,"MAX_LABEL":5.7},"geometry":{"type":"MultiPolygon","coordinates":[[[[75.158028,37.133031],[73.822244,39.893973],[80.25999,42.349999],[85.720484,47.452969],[90.970809,46.888146],[96.349396,42.725635],[106.129316,42.134328],[111.873306,45.102079],[119.66327,46.69268],[116.191802,49.134598],[120.177089,52.753886],[127.287456,50.739797],[134.50081,47.57845],[130.633866,42.903015],[126.182045,41.107336],[122.168595,40.422443],[118.87815,37.897325],[120.637009,36.11144],[121.264257,30.676267],[118.656871,24.547391],[110.785466,21.397144],[106.567273,22.218205],[101.652018,22.318199],[99.531992,22.949039],[98.246231,27.747221],[93.413348,28.640629],[88.730326,28.086865],[82.327513,30.115268],[78.811086,33.506198]]],[[[110.339188,18.678395],[110.570647,19.255879]]]]}},{"type":"Feature","properties":{"scalerank":1,"featurecla":"Admin-0 country","LABELRANK":3,"SOVEREIGNT":"Ivory Coast","SOV_A3":"CIV","ADM0_DIF":0,"LEVEL":2,"TYPE":"Sovereign country","ADMIN":"Ivory Coast","ADM0_A3":"CIV","GEOU_DIF":0,"GEOUNIT":"Ivory Coast","GU_A3":"CIV","SU_DIF":0,"SUBUNIT":"Ivory Coast","SU_A3":"CIV","BRK_DIFF":0,"NAME":"Côte d'Ivoire","NAME_LONG":"Côte d'Ivoire","BRK_A3":"CIV","BRK_NAME":"Côte d'Ivoire","BRK_GROUP":null,"ABBREV":"I.C.","POSTAL":"CI","FORMAL_EN":"Republic of Ivory Coast","FORMAL_FR":"Republic of Cote D'Ivoire","NAME_CIAWF":"Cote D'ivoire","NOTE_ADM0":null,"NOTE_BRK":null,"NAME_SORT":"Côte d'Ivoire","NAME_ALT":null,"MAPCOLOR7":4,"MAPCOLOR8":6,"MAPCOLOR9":3,"MAPCOLOR13":3,"POP_EST":24184810,"POP_RANK":15,"GDP_MD_EST":87120,"POP_YEAR":2017,"LASTCENSUS":1998,"GDP_YEAR":2016,"ECONOMY":"6. Developing region","INCOME_GRP":"4. Lower middle income","WIKIPEDIA":-99,"FIPS_10_":"IV","ISO_A2":"CI","ISO_A3":"CIV","ISO_A3_EH":"CIV","ISO_N3":"384","UN_A3":"384","WB_A2":"CI","WB_A3":"CIV","WOE_ID":23424854,"WOE_ID_EH":23424854,"WOE_NOTE":"Exact WOE match as country","ADM0_A3_IS":"CIV","ADM0_A3_US":"CIV","ADM0_A3_UN":-99,"ADM0_A3_WB":-99,"CONTINENT":"Africa","REGION_UN":"Africa","SUBREGION":"Western Africa","REGION_WB":"Sub-Saharan Africa","NAME_LEN":13,"LONG_LEN":13,"ABBREV_LEN":4,"TINY":-99,"HOMEPART":1,"MIN_ZOOM":0,"MIN_LABEL":3,"MAX_LABEL":8},"geometry":{"type":"Polygon","coordinates":[[[-5.404342,10.370737],[-2.983585,7.379705],[-6.528769,4.705088],[-8.60288,6.467564],[-7.8321,8.575704],[-6.666461,10.430811]]]}},{"type":"Feature","properties":{"scalerank":1,"featurecla":"Admin-0 country","LABELRANK":3,"SOVEREIGNT":"Cameroon","SOV_A3":"CMR","ADM0_DIF":0,"LEVEL":2,"TYPE":"Sovereign country","ADMIN":"Cameroon","ADM0_A3":"CMR","GEOU_DIF":0,"GEOUNIT":"Cameroon","GU_A3":"CMR","SU_DIF":0,"SUBUNIT":"Cameroon","SU_A3":"CMR","BRK_DIFF":0,"NAME":"Cameroon","NAME_LONG":"Cameroon","BRK_A3":"CMR","BRK_NAME":"Cameroon","BRK_GROUP":null,"ABBREV":"Cam.","POSTAL":"CM","FORMAL_EN":"Republic of Cameroon","FORMAL_FR":null,"NAME_CIAWF":"Cameroon","NOTE_ADM0":null,"NOTE_BRK":null,"NAME_SORT":"Cameroon","NAME_ALT":null,"MAPCOLOR7":1,"MAPCOLOR8":4,"MAPCOLOR9":1,"MAPCOLOR13":3,"POP_EST":24994885,"POP_RANK":15,"GDP_MD_EST":77240,"POP_YEAR":2017,"LASTCENSUS":2005,"GDP_YEAR":2016,"ECONOMY":"6. Developing region","INCOME_GRP":"4. Lower middle income","WIKIPEDIA":-99,"FIPS_10_":"CM","ISO_A2":"CM","ISO_A3":"CMR","ISO_A3_EH":"CMR","ISO_N3":"120","UN_A3":"120","WB_A2":"CM","WB_A3":"CMR","WOE_ID":23424785,"WOE_ID_EH":23424785,"WOE_NOTE":"Exact WOE match as country","ADM0_A3_IS":"CMR","ADM0_A3_US":"CMR","ADM0_A3_UN":-99,"ADM0_A3_WB":-99,"CONTINENT":"Africa","REGION_UN":"Africa","SUBREGION":"Middle Africa","REGION_WB":"Sub-Saharan Africa","NAME_LEN":8,"LONG_LEN":8,"ABBREV_LEN":4,"TINY":-99,"HOMEPART":1,"MIN_ZOOM":0,"MIN_LABEL":3,"MAX_LABEL":8},"geometry":{"type":"Polygon","coordinates":[[[15.27946,7.421925],[15.405396,3.335301],[12.951334,2.321616],[8.744924,4.352215],[11.058788,6.644427],[13.308676,10.160362],[14.89336,12.21905],[14.544467,8.965861]]]}},{"type":"Feature","properties":{"scalerank":1,"featurecla":"Admin-0 country","LABELRANK":2,"SOVEREIGNT":"Democratic Republic of the Congo","SOV_A3":"COD","ADM0_DIF":0,"LEVEL":2,"TYPE":"Sovereign country","ADMIN":"Democratic Republic of the Congo","ADM0_A3":"COD","GEOU_DIF":0,"GEOUNIT":"Democratic Republic of the Congo","GU_A3":"COD","SU_DIF":0,"SUBUNIT":"Democratic Republic of the Congo","SU_A3":"COD","BRK_DIFF":0,"NAME":"Dem. Rep. Congo","NAME_LONG":"Democratic Republic of the Congo","BRK_A3":"COD","BRK_NAME":"Democratic Republic of the Congo","BRK_GROUP":null,"ABBREV":"D.R.C.","POSTAL":"DRC","FORMAL_EN":"Democratic Republic of the Congo","FORMAL_FR":null,"NAME_CIAWF":"Congo, Democratic Republic of the","NOTE_ADM0":null,"NOTE_BRK":null,"NAME_SORT":"Congo, Dem. Rep.","NAME_ALT":null,"MAPCOLOR7":4,"MAPCOLOR8":4,"MAPCOLOR9":4,"MAPCOLOR13":7,"POP_EST":83301151,"POP_RANK":16,"GDP_MD_EST":66010,"POP_YEAR":2017,"LASTCENSUS":1984,"GDP_YEAR":2016,"ECONOMY":"7. Least developed region","INCOME_GRP":"5. Low income","WIKIPEDIA":-99,"FIPS_10_":"CG","ISO_A2":"CD","ISO_A3":"COD","ISO_A3_EH":"COD","ISO_N3":"180","UN_A3":"180","WB_A2":"ZR","WB_A3":"ZAR","WOE_ID":23424780,"WOE_ID_EH":23424780,"WOE_NOTE":"Exact WOE match as country","ADM0_A3_IS":"COD","ADM0_A3_US":"COD","ADM0_A3_UN":-99,"ADM0_A3_WB":-99,"CONTINENT":"Africa","REGION_UN":"Africa","SUBREGION":"Middle Africa","REGION_WB":"Sub-Saharan Africa","NAME_LEN":15,"LONG_LEN":32,"ABBREV_LEN":6,"TINY":-99,"HOMEPART":1,"MIN_ZOOM":0,"MIN_LABEL":2,"MAX_LABEL":7},"geometry":{"type":"Polygon","coordinates":[[[23.912215,-10.926826],[21.949131,-8.305901],[19.166613,-7.738184],[16.326528,-5.87747],[12.631612,-4.991271],[15.75354,-3.855165],[17.82654,0.288923],[19.467784,5.031528],[24.410531,5.108784],[27.979977,4.408413],[30.773347,2.339883],[29.579466,-1.341313],[29.419993,-5.939999],[28.449871,-9.164918],[28.934286,-13.248958],[24.78317,-11.238694]]]}},{"type":"Feature","properties":{"scalerank":1,"featurecla":"Admin-0 country","LABELRANK":4,"SOVEREIGNT":"Republic of the Congo","SOV_A3":"COG","ADM0_DIF":0,"LEVEL":2,"TYPE":"Sovereign country","ADMIN":"Republic of the Congo","ADM0_A3":"COG","GEOU_DIF":0,"GEOUNIT":"Republic of the Congo","GU_A3":"COG","SU_DIF":0,"SUBUNIT":"Republic of the Congo","SU_A3":"COG","BRK_DIFF":0,"NAME":"Congo","NAME_LONG":"Republic of the Congo","BRK_A3":"COG","BRK_NAME":"Republic of the Congo","BRK_GROUP":null,"ABBREV":"Rep. Congo","POSTAL":"CG","FORMAL_EN":"Republic of the Congo","FORMAL_FR":null,"NAME_CIAWF":"Congo, Republic of the","NOTE_ADM0":null,"NOTE_BRK":null,"NAME_SORT":"Congo, Rep.","NAME_ALT":null,"MAPCOLOR7":2,"MAPCOLOR8":1,"MAPCOLOR9":3,"MAPCOLOR13":10,"POP_EST":4954674,"POP_RANK":12,"GDP_MD_EST":30270,"POP_YEAR":2017,"LASTCENSUS":2007,"GDP_YEAR":2016,"ECONOMY":"6. Developing region","INCOME_GRP":"4. Lower middle income","WIKIPEDIA":-99,"FIPS_10_":"CF","ISO_A2":"CG","ISO_A3":"COG","ISO_A3_EH":"COG","ISO_N3":"178","UN_A3":"178","WB_A2":"CG","WB_A3":"COG","WOE_ID":23424779,"WOE_ID_EH":23424779,"WOE_NOTE":"Exact WOE match as country","ADM0_A3_IS":"COG","ADM0_A3_US":"COG","ADM0_A3_UN":-99,"ADM0_A3_WB":-99,"CONTINENT":"Africa","REGION_UN":"Africa","SUBREGION":"Middle Africa","REGION_WB":"Sub-Saharan Africa","NAME_LEN":5,"LONG_LEN":21,"ABBREV_LEN":10,"TINY":-99,"HOMEPART":1,"MIN_ZOOM":0,"MIN_LABEL":4,"MAX_LABEL":9},"geometry":{"type":"Polygon","coordinates":[[[12.995517,-4.781103],[12.495703,-2.391688],[14.276266,1.19693],[16.012852,2.26764],[17.774192,0.855659],[16.00629,-3.535133],[12.995517,-4.781103]]]}},{"type":"Feature","properties":{"scalerank":1,"featurecla":"Admin-0 country","LABELRANK":2,"SOVEREIGNT":"Colombia","SOV_A3":"COL","ADM0_DIF":0,"LEVEL":2,"TYPE":"Sovereign country","ADMIN":"Colombia","ADM0_A3":"COL","GEOU_DIF":0,"GEOUNIT":"Colombia","GU_A3":"COL","SU_DIF":0,"SUBUNIT":"Colombia","SU_A3":"COL","BRK_DIFF":0,"NAME":"Colombia","NAME_LONG":"Colombia","BRK_A3":"COL","BRK_NAME":"Colombia","BRK_GROUP":null,"ABBREV":"Col.","POSTAL":"CO","FORMAL_EN":"Republic of Colombia","FORMAL_FR":null,"NAME_CIAWF":"Colombia","NOTE_ADM0":null,"NOTE_BRK":null,"NAME_SORT":"Colombia","NAME_ALT":null,"MAPCOLOR7":2,"MAPCOLOR8":1,"MAPCOLOR9":3,"MAPCOLOR13":1,"POP_EST":47698524,"POP_RANK":15,"GDP_MD_EST":688000,"POP_YEAR":2017,"LASTCENSUS":2006,"GDP_YEAR":2016,"ECONOMY":"6. Developing region","INCOME_GRP":"3. Upper middle income","WIKIPEDIA":-99,"FIPS_10_":"CO","ISO_A2":"CO","ISO_A3":"COL","ISO_A3_EH":"COL","ISO_N3":"170","UN_A3":"170","WB_A2":"CO","WB_A3":"COL","WOE_ID":23424787,"WOE_ID_EH":23424787,"WOE_NOTE":"Exact WOE match as country","ADM0_A3_IS":"COL","ADM0_A3_US":"COL","ADM0_A3_UN":-99,"ADM0_A3_WB":-99,"CONTINENT":"South America","REGION_UN":"Americas","SUBREGION":"South America","REGION_WB":"Latin America & Caribbean","NAME_LEN":8,"LONG_LEN":8,"ABBREV_LEN":4,"TINY":-99,"HOMEPART":1,"MIN_ZOOM":0,"MIN_LABEL":2,"MAX_LABEL":7},"geometry":{"type":"Polygon","coordinates":[[[-66.876326,1.253361],[-69.252434,0.602651],[-70.394044,-3.766591],[-73.659504,-1.260491],[-77.424984,0.395687],[-77.931543,2.696606],[-77.881571,7.223771],[-75.6746,9.443248],[-72.238195,11.95555],[-72.905286,10.450344],[-72.444487,7.423785],[-67.695087,6.267318],[-67.809938,2.820655]]]}},{"type":"Feature","properties":{"scalerank":1,"featurecla":"Admin-0 country","LABELRANK":5,"SOVEREIGNT":"Costa Rica","SOV_A3":"CRI","ADM0_DIF":0,"LEVEL":2,"TYPE":"Sovereign country","ADMIN":"Costa Rica","ADM0_A3":"CRI","GEOU_DIF":0,"GEOUNIT":"Costa Rica","GU_A3":"CRI","SU_DIF":0,"SUBUNIT":"Costa Rica","SU_A3":"CRI","BRK_DIFF":0,"NAME":"Costa Rica","NAME_LONG":"Costa Rica","BRK_A3":"CRI","BRK_NAME":"Costa Rica","BRK_GROUP":null,"ABBREV":"C.R.","POSTAL":"CR","FORMAL_EN":"Republic of Costa Rica","FORMAL_FR":null,"NAME_CIAWF":"Costa Rica","NOTE_ADM0":null,"NOTE_BRK":null,"NAME_SORT":"Costa Rica","NAME_ALT":null,"MAPCOLOR7":3,"MAPCOLOR8":2,"MAPCOLOR9":4,"MAPCOLOR13":2,"POP_EST":4930258,"POP_RANK":12,"GDP_MD_EST":79260,"POP_YEAR":2017,"LASTCENSUS":2011,"GDP_YEAR":2016,"ECONOMY":"5. Emerging region: G20","INCOME_GRP":"3. Upper middle income","WIKIPEDIA":-99,"FIPS_10_":"CS","ISO_A2":"CR","ISO_A3":"CRI","ISO_A3_EH":"CRI","ISO_N3":"188","UN_A3":"188","WB_A2":"CR","WB_A3":"CRI","WOE_ID":23424791,"WOE_ID_EH":23424791,"WOE_NOTE":"Exact WOE match as country","ADM0_A3_IS":"CRI","ADM0_A3_US":"CRI","ADM0_A3_UN":-99,"ADM0_A3_WB":-99,"CONTINENT":"North America","REGION_UN":"Americas","SUBREGION":"Central America","REGION_WB":"Latin America & Caribbean","NAME_LEN":10,"LONG_LEN":10,"ABBREV_LEN":4,"TINY":-99,"HOMEPART":1,"MIN_ZOOM":0,"MIN_LABEL":3,"MAX_LABEL":8},"geometry":{"type":"Polygon","coordinates":[[[-82.965783,8.225028],[-84.713351,9.908052],[-85.659314,10.754331],[-83.895054,10.726839],[-82.868657,8.807266]]]}},{"type":"Feature","properties":{"scalerank":1,"featurecla":"Admin-0 country","LABELRANK":3,"SOVEREIGNT":"Cuba","SOV_A3":"CUB","ADM0_DIF":0,"LEVEL":2,"TYPE":"Sovereign country","ADMIN":"Cuba","ADM0_A3":"CUB","GEOU_DIF":0,"GEOUNIT":"Cuba","GU_A3":"CUB","SU_DIF":0,"SUBUNIT":"Cuba","SU_A3":"CUB","BRK_DIFF":0,"NAME":"Cuba","NAME_LONG":"Cuba","BRK_A3":"CUB","BRK_NAME":"Cuba","BRK_GROUP":null,"ABBREV":"Cuba","POSTAL":"CU","FORMAL_EN":"Republic of Cuba","FORMAL_FR":null,"NAME_CIAWF":"Cuba","NOTE_ADM0":null,"NOTE_BRK":null,"NAME_SORT":"Cuba","NAME_ALT":null,"MAPCOLOR7":3,"MAPCOLOR8":5,"MAPCOLOR9":3,"MAPCOLOR13":4,"POP_EST":11147407,"POP_RANK":14,"GDP_MD_EST":132900,"POP_YEAR":2017,"LASTCENSUS":2002,"GDP_YEAR":2016,"ECONOMY":"5. Emerging region: G20","INCOME_GRP":"3. Upper middle income","WIKIPEDIA":-99,"FIPS_10_":"CU","ISO_A2":"CU","ISO_A3":"CUB","ISO_A3_EH":"CUB","ISO_N3":"192","UN_A3":"192","WB_A2":"CU","WB_A3":"CUB","WOE_ID":23424793,"WOE_ID_EH":23424793,"WOE_NOTE":"Exact WOE match as country","ADM0_A3_IS":"CUB","ADM0_A3_US":"CUB","ADM0_A3_UN":-99,"ADM0_A3_WB":-99,"CONTINENT":"North America","REGION_UN":"Americas","SUBREGION":"Caribbean","REGION_WB":"Latin America & Caribbean","NAME_LEN":4,"LONG_LEN":4,"ABBREV_LEN":4,"TINY":-99,"HOMEPART":1,"MIN_ZOOM":0,"MIN_LABEL":3,"MAX_LABEL":8},"geometry":{"type":"Polygon","coordinates":[[[-82.268151,23.188611],[-76.523825,21.20682],[-75.63468,19.873774],[-79.285,21.559175],[-83.9088,22.154565],[-82.510436,23.078747]]]}},{"type":"Feature","properties":{"scalerank":1,"featurecla":"Admin-0 country","LABELRANK":6,"SOVEREIGNT":"Northern Cyprus","SOV_A3":"CYN","ADM0_DIF":0,"LEVEL":2,"TYPE":"Sovereign country","ADMIN":"Northern Cyprus","ADM0_A3":"CYN","GEOU_DIF":0,"GEOUNIT":"Northern Cyprus","GU_A3":"CYN","SU_DIF":0,"SUBUNIT":"Northern Cyprus","SU_A3":"CYN","BRK_DIFF":1,"NAME":"N. Cyprus","NAME_LONG":"Northern Cyprus","BRK_A3":"B20","BRK_NAME":"N. Cyprus","BRK_GROUP":null,"ABBREV":"N. Cy.","POSTAL":"CN","FORMAL_EN":"Turkish Republic of Northern Cyprus","FORMAL_FR":null,"NAME_CIAWF":null,"NOTE_ADM0":"Self admin.","NOTE_BRK":"Self admin.; Claimed by Cyprus","NAME_SORT":"Cyprus, Northern","NAME_ALT":null,"MAPCOLOR7":3,"MAPCOLOR8":1,"MAPCOLOR9":4,"MAPCOLOR13":8,"POP_EST":265100,"POP_RANK":10,"GDP_MD_EST":3600,"POP_YEAR":2013,"LASTCENSUS":-99,"GDP_YEAR":2013,"ECONOMY":"6. Developing region","INCOME_GRP":"3. Upper middle income","WIKIPEDIA":-99,"FIPS_10_":"-99","ISO_A2":"-99","ISO_A3":"-99","ISO_A3_EH":"-99","ISO_N3":"-99","UN_A3":"-099","WB_A2":"-99","WB_A3":"-99","WOE_ID":-90,"WOE_ID_EH":23424995,"WOE_NOTE":"WOE lists as subunit of united Cyprus","ADM0_A3_IS":"CYP","ADM0_A3_US":"CYP","ADM0_A3_UN":-99,"ADM0_A3_WB":-99,"CONTINENT":"Asia","REGION_UN":"Asia","SUBREGION":"Western Asia","REGION_WB":"Europe & Central Asia","NAME_LEN":9,"LONG_LEN":15,"ABBREV_LEN":6,"TINY":-99,"HOMEPART":1,"MIN_ZOOM":0,"MIN_LABEL":6,"MAX_LABEL":10},"geometry":{"type":"Polygon","coordinates":[[[32.73178,35.140026],[33.675392,35.017863]]]}},{"type":"Feature","properties":{"scalerank":1,"featurecla":"Admin-0 country","LABELRANK":5,"SOVEREIGNT":"Cyprus","SOV_A3":"CYP","ADM0_DIF":0,"LEVEL":2,"TYPE":"Sovereign country","ADMIN":"Cyprus","ADM0_A3":"CYP","GEOU_DIF":0,"GEOUNIT":"Cyprus","GU_A3":"CYP","SU_DIF":0,"SUBUNIT":"Cyprus","SU_A3":"CYP","BRK_DIFF":0,"NAME":"Cyprus","NAME_LONG":"Cyprus","BRK_A3":"CYP","BRK_NAME":"Cyprus","BRK_GROUP":null,"ABBREV":"Cyp.","POSTAL":"CY","FORMAL_EN":"Republic of Cyprus","FORMAL_FR":null,"NAME_CIAWF":"Cyprus","NOTE_ADM0":null,"NOTE_BRK":null,"NAME_SORT":"Cyprus","NAME_ALT":null,"MAPCOLOR7":1,"MAPCOLOR8":2,"MAPCOLOR9":3,"MAPCOLOR13":7,"POP_EST":1221549,"POP_RANK":12,"GDP_MD_EST":29260,"POP_YEAR":2017,"LASTCENSUS":2001,"GDP_YEAR":2016,"ECONOMY":"6. Developing region","INCOME_GRP":"2. High income: nonOECD","WIKIPEDIA":-99,"FIPS_10_":"CY","ISO_A2":"CY","ISO_A3":"CYP","ISO_A3_EH":"CYP","ISO_N3":"196","UN_A3":"196","WB_A2":"CY","WB_A3":"CYP","WOE_ID":-90,"WOE_ID_EH":23424994,"WOE_NOTE":"WOE lists as subunit of united Cyprus","ADM0_A3_IS":"CYP","ADM0_A3_US":"CYP","ADM0_A3_UN":-99,"ADM0_A3_WB":-99,"CONTINENT":"Asia","REGION_UN":"Asia","SUBREGION":"Western Asia","REGION_WB":"Europe & Central Asia","NAME_LEN":6,"LONG_LEN":6,"ABBREV_LEN":4,"TINY":-99,"HOMEPART":1,"MIN_ZOOM":0,"MIN_LABEL":4.5,"MAX_LABEL":9.5},"geometry":{"type":"Polygon","coordinates":[[[32.73178,35.140026],[33.86644,35.093595]]]}},{"type":"Feature","properties":{"scalerank":1,"featurecla":"Admin-0 country","LABELRANK":5,"SOVEREIGNT":"Czechia","SOV_A3":"CZE","ADM0_DIF":0,"LEVEL":2,"TYPE":"Sovereign country","ADMIN":"Czechia","ADM0_A3":"CZE","GEOU_DIF":0,"GEOUNIT":"Czechia","GU_A3":"CZE","SU_DIF":0,"SUBUNIT":"Czechia","SU_A3":"CZE","BRK_DIFF":0,"NAME":"Czechia","NAME_LONG":"Czech Republic","BRK_A3":"CZE","BRK_NAME":"Czechia","BRK_GROUP":null,"ABBREV":"Cz.","POSTAL":"CZ","FORMAL_EN":"Czech Republic","FORMAL_FR":"la République tchèque","NAME_CIAWF":"Czechia","NOTE_ADM0":null,"NOTE_BRK":null,"NAME_SORT":"Czechia","NAME_ALT":"Česko","MAPCOLOR7":1,"MAPCOLOR8":1,"MAPCOLOR9":2,"MAPCOLOR13":6,"POP_EST":10674723,"POP_RANK":14,"GDP_MD_EST":350900,"POP_YEAR":2017,"LASTCENSUS":2011,"GDP_YEAR":2016,"ECONOMY":"2. Developed region: nonG7","INCOME_GRP":"1. High income: OECD","WIKIPEDIA":-99,"FIPS_10_":"EZ","ISO_A2":"CZ","ISO_A3":"CZE","ISO_A3_EH":"CZE","ISO_N3":"203","UN_A3":"203","WB_A2":"CZ","WB_A3":"CZE","WOE_ID":23424810,"WOE_ID_EH":23424810,"WOE_NOTE":"Exact WOE match as country","ADM0_A3_IS":"CZE","ADM0_A3_US":"CZE","ADM0_A3_UN":-99,"ADM0_A3_WB":-99,"CONTINENT":"Europe","REGION_UN":"Europe","SUBREGION":"Eastern Europe","REGION_WB":"Europe & Central Asia","NAME_LEN":7,"LONG_LEN":14,"ABBREV_LEN":3,"TINY":-99,"HOMEPART":1,"MIN_ZOOM":0,"MIN_LABEL":4,"MAX_LABEL":9},"geometry":{"type":"Polygon","coordinates":[[[16.960288,48.596982],[12.521024,49.547415],[15.016996,51.106674],[18.392914,49.988629],[17.545007,48.800019]]]}},{"type":"Feature","properties":{"scalerank":1,"featurecla":"Admin-0 country","LABELRANK":2,"SOVEREIGNT":"Germany","SOV_A3":"DEU","ADM0_DIF":0,"LEVEL":2,"TYPE":"Sovereign country","ADMIN":"Germany","ADM0_A3":"DEU","GEOU_DIF":0,"GEOUNIT":"Germany","GU_A3":"DEU","SU_DIF":0,"SUBUNIT":"Germany","SU_A3":"DEU","BRK_DIFF":0,"NAME":"Germany","NAME_LONG":"Germany","BRK_A3":"DEU","BRK_NAME":"Germany","BRK_GROUP":null,"ABBREV":"Ger.","POSTAL":"D","FORMAL_EN":"Federal Republic of Germany","FORMAL_FR":null,"NAME_CIAWF":"Germany","NOTE_ADM0":null,"NOTE_BRK":null,"NAME_SORT":"Germany","NAME_ALT":null,"MAPCOLOR7":2,"MAPCOLOR8":5,"MAPCOLOR9":5,"MAPCOLOR13":1,"POP_EST":80594017,"POP_RANK":16,"GDP_MD_EST":3979000,"POP_YEAR":2017,"LASTCENSUS":2011,"GDP_YEAR":2016,"ECONOMY":"1. Developed region: G7","INCOME_GRP":"1. High income: OECD","WIKIPEDIA":-99,"FIPS_10_":"GM","ISO_A2":"DE","ISO_A3":"DEU","ISO_A3_EH":"DEU","ISO_N3":"276","UN_A3":"276","WB_A2":"DE","WB_A3":"DEU","WOE_ID":23424829,"WOE_ID_EH":23424829,"WOE_NOTE":"Exact WOE match as country","ADM0_A3_IS":"DEU","ADM0_A3_US":"DEU","ADM0_A3_UN":-99,"ADM0_A3_WB":-99,"CONTINENT":"Europe","REGION_UN":"Europe","SUBREGION":"Western Europe","REGION_WB":"Europe & Central Asia","NAME_LEN":7,"LONG_LEN":7,"ABBREV_LEN":4,"TINY":-99,"HOMEPART":1,"MIN_ZOOM":0,"MIN_LABEL":1.7,"MAX_LABEL":6.7},"geometry":{"type":"Polygon","coordinates":[[[13.595946,48.877172],[10.544504,47.566399],[8.099279,49.017784],[6.84287,52.22844],[8.526229,54.962744],[13.647467,54.075511],[14.570718,51.002339],[13.031329,49.307068]]]}},{"type":"Feature","properties":{"scalerank":1,"featurecla":"Admin-0 country","LABELRANK":5,"SOVEREIGNT":"Djibouti","SOV_A3":"DJI","ADM0_DIF":0,"LEVEL":2,"TYPE":"Sovereign country","ADMIN":"Djibouti","ADM0_A3":"DJI","GEOU_DIF":0,"GEOUNIT":"Djibouti","GU_A3":"DJI","SU_DIF":0,"SUBUNIT":"Djibouti","SU_A3":"DJI","BRK_DIFF":0,"NAME":"Djibouti","NAME_LONG":"Djibouti","BRK_A3":"DJI","BRK_NAME":"Djibouti","BRK_GROUP":null,"ABBREV":"Dji.","POSTAL":"DJ","FORMAL_EN":"Republic of Djibouti","FORMAL_FR":null,"NAME_CIAWF":"Djibouti","NOTE_ADM0":null,"NOTE_BRK":null,"NAME_SORT":"Djibouti","NAME_ALT":null,"MAPCOLOR7":1,"MAPCOLOR8":2,"MAPCOLOR9":4,"MAPCOLOR13":8,"POP_EST":865267,"POP_RANK":11,"GDP_MD_EST":3345,"POP_YEAR":2017,"LASTCENSUS":2009,"GDP_YEAR":2016,"ECONOMY":"7. Least developed region","INCOME_GRP":"4. Lower middle income","WIKIPEDIA":-99,"FIPS_10_":"DJ","ISO_A2":"DJ","ISO_A3":"DJI","ISO_A3_EH":"DJI","ISO_N3":"262","UN_A3":"262","WB_A2":"DJ","WB_A3":"DJI","WOE_ID":23424797,"WOE_ID_EH":23424797,"WOE_NOTE":"Exact WOE match as country","ADM0_A3_IS":"DJI","ADM0_A3_US":"DJI","ADM0_A3_UN":-99,"ADM0_A3_WB":-99,"CONTINENT":"Africa","REGION_UN":"Africa","SUBREGION":"Eastern Africa","REGION_WB":"Middle East & North Africa","NAME_LEN":8,"LONG_LEN":8,"ABBREV_LEN":4,"TINY":-99,"HOMEPART":1,"MIN_ZOOM":0,"MIN_LABEL":4,"MAX_LABEL":9},"geometry":{"type":"Polygon","coordinates":[[[43.081226,12.699639],[41.75557,11.05091]]]}},{"type":"Feature","properties":{"scalerank":1,"featurecla":"Admin-0 country","LABELRANK":4,"SOVEREIGNT":"Denmark","SOV_A3":"DN1","ADM0_DIF":1,"LEVEL":2,"TYPE":"Country","ADMIN":"Denmark","ADM0_A3":"DNK","GEOU_DIF":0,"GEOUNIT":"Denmark","GU_A3":"DNK","SU_DIF":0,"SUBUNIT":"Denmark","SU_A3":"DNK","BRK_DIFF":0,"NAME":"Denmark","NAME_LONG":"Denmark","BRK_A3":"DNK","BRK_NAME":"Denmark","BRK_GROUP":null,"ABBREV":"Den.","POSTAL":"DK","FORMAL_EN":"Kingdom of Denmark","FORMAL_FR":null,"NAME_CIAWF":"Denmark","NOTE_ADM0":null,"NOTE_BRK":null,"NAME_SORT":"Denmark","NAME_ALT":null,"MAPCOLOR7":4,"MAPCOLOR8":1,"MAPCOLOR9":3,"MAPCOLOR13":12,"POP_EST":5605948,"POP_RANK":13,"GDP_MD_EST":264800,"POP_YEAR":2017,"LASTCENSUS":2011,"GDP_YEAR":2016,"ECONOMY":"2. Developed region: nonG7","INCOME_GRP":"1. High income: OECD","WIKIPEDIA":-99,"FIPS_10_":"DA","ISO_A2":"DK","ISO_A3":"DNK","ISO_A3_EH":"DNK","ISO_N3":"208","UN_A3":"208","WB_A2":"DK","WB_A3":"DNK","WOE_ID":23424796,"WOE_ID_EH":23424796,"WOE_NOTE":"Exact WOE match as country","ADM0_A3_IS":"DNK","ADM0_A3_US":"DNK","ADM0_A3_UN":-99,"ADM0_A3_WB":-99,"CONTINENT":"Europe","REGION_UN":"Europe","SUBREGION":"Northern Europe","REGION_WB":"Europe & Central Asia","NAME_LEN":7,"LONG_LEN":7,"ABBREV_LEN":4,"TINY":-99,"HOMEPART":1,"MIN_ZOOM":0,"MIN_LABEL":3,"MAX_LABEL":8},"geometry":{"type":"MultiPolygon","coordinates":[[[[9.921906,54.983104],[9.775559,57.447941],[9.649985,55.469999]]],[[[12.690006,55.609991]]]]}},{"type":"Feature","properties":{"scalerank":1,"featurecla":"Admin-0 country","LABELRANK":5,"SOVEREIGNT":"Dominican Republic","SOV_A3":"DOM","ADM0_DIF":0,"LEVEL":2,"TYPE":"Sovereign country","ADMIN":"Dominican Republic","ADM0_A3":"DOM","GEOU_DIF":0,"GEOUNIT":"Dominican Republic","GU_A3":"DOM","SU_DIF":0,"SUBUNIT":"Dominican Republic","SU_A3":"DOM","BRK_DIFF":0,"NAME":"Dominican Rep.","NAME_LONG":"Dominican Republic","BRK_A3":"DOM","BRK_NAME":"Dominican Rep.","BRK_GROUP":null,"ABBREV":"Dom. Rep.","POSTAL":"DO","FORMAL_EN":"Dominican Republic","FORMAL_FR":null,"NAME_CIAWF":"Dominican Republic","NOTE_ADM0":null,"NOTE_BRK":null,"NAME_SORT":"Dominican Republic","NAME_ALT":null,"MAPCOLOR7":5,"MAPCOLOR8":2,"MAPCOLOR9":5,"MAPCOLOR13":7,"POP_EST":10734247,"POP_RANK":14,"GDP_MD_EST":161900,"POP_YEAR":2017,"LASTCENSUS":2010,"GDP_YEAR":2016,"ECONOMY":"6. Developing region","INCOME_GRP":"3. Upper middle income","WIKIPEDIA":-99,"FIPS_10_":"DR","ISO_A2":"DO","ISO_A3":"DOM","ISO_A3_EH":"DOM","ISO_N3":"214","UN_A3":"214","WB_A2":"DO","WB_A3":"DOM","WOE_ID":23424800,"WOE_ID_EH":23424800,"WOE_NOTE":"Exact WOE match as country","ADM0_A3_IS":"DOM","ADM0_A3_US":"DOM","ADM0_A3_UN":-99,"ADM0_A3_WB":-99,"CONTINENT":"North America","REGION_UN":"Americas","SUBREGION":"Caribbean","REGION_WB":"Latin America & Caribbean","NAME_LEN":14,"LONG_LEN":18,"ABBREV_LEN":9,"TINY":-99,"HOMEPART":1,"MIN_ZOOM":0,"MIN_LABEL":4.5,"MAX_LABEL":9.5},"geometry":{"type":"Polygon","coordinates":[[[-71.712361,19.714456],[-68.809412,18.979074],[-70.669298,18.426886],[-71.624873,19.169838]]]}},{"type":"Feature","properties":{"scalerank":1,"featurecla":"Admin-0 country","LABELRANK":3,"SOVEREIGNT":"Algeria","SOV_A3":"DZA","ADM0_DIF":0,"LEVEL":2,"TYPE":"Sovereign country","ADMIN":"Algeria","ADM0_A3":"DZA","GEOU_DIF":0,"GEOUNIT":"Algeria","GU_A3":"DZA","SU_DIF":0,"SUBUNIT":"Algeria","SU_A3":"DZA","BRK_DIFF":0,"NAME":"Algeria","NAME_LONG":"Algeria","BRK_A3":"DZA","BRK_NAME":"Algeria","BRK_GROUP":null,"ABBREV":"Alg.","POSTAL":"DZ","FORMAL_EN":"People's Democratic Republic of Algeria","FORMAL_FR":null,"NAME_CIAWF":"Algeria","NOTE_ADM0":null,"NOTE_BRK":null,"NAME_SORT":"Algeria","NAME_ALT":null,"MAPCOLOR7":5,"MAPCOLOR8":1,"MAPCOLOR9":6,"MAPCOLOR13":3,"POP_EST":40969443,"POP_RANK":15,"GDP_MD_EST":609400,"POP_YEAR":2017,"LASTCENSUS":2008,"GDP_YEAR":2016,"ECONOMY":"6. Developing region","INCOME_GRP":"3. Upper middle income","WIKIPEDIA":-99,"FIPS_10_":"AG","ISO_A2":"DZ","ISO_A3":"DZA","ISO_A3_EH":"DZA","ISO_N3":"012","UN_A3":"012","WB_A2":"DZ","WB_A3":"DZA","WOE_ID":23424740,"WOE_ID_EH":23424740,"WOE_NOTE":"Exact WOE match as country","ADM0_A3_IS":"DZA","ADM0_A3_US":"DZA","ADM0_A3_UN":-99,"ADM0_A3_WB":-99,"CONTINENT":"Africa","REGION_UN":"Africa","SUBREGION":"Northern Africa","REGION_WB":"Middle East & North Africa","NAME_LEN":7,"LONG_LEN":7,"ABBREV_LEN":4,"TINY":-99,"HOMEPART":1,"MIN_ZOOM":0,"MIN_LABEL":3,"MAX_LABEL":7},"geometry":{"type":"Polygon","coordinates":[[[4.267419,19.155265],[-8.6844,27.395744],[-3.690441,30.896952],[-1.792986,34.527919],[5.32012,36.716519],[7.524482,34.097376],[9.683885,28.144174],[10.771364,24.562532]]]}},{"type":"Feature","properties":{"scalerank":1,"featurecla":"Admin-0 country","LABELRANK":3,"SOVEREIGNT":"Ecuador","SOV_A3":"ECU","ADM0_DIF":0,"LEVEL":2,"TYPE":"Sovereign country","ADMIN":"Ecuador","ADM0_A3":"ECU","GEOU_DIF":0,"GEOUNIT":"Ecuador","GU_A3":"ECU","SU_DIF":0,"SUBUNIT":"Ecuador","SU_A3":"ECU","BRK_DIFF":0,"NAME":"Ecuador","NAME_LONG":"Ecuador","BRK_A3":"ECU","BRK_NAME":"Ecuador","BRK_GROUP":null,"ABBREV":"Ecu.","POSTAL":"EC","FORMAL_EN":"Republic of Ecuador","FORMAL_FR":null,"NAME_CIAWF":"Ecuador","NOTE_ADM0":null,"NOTE_BRK":null,"NAME_SORT":"Ecuador","NAME_ALT":null,"MAPCOLOR7":1,"MAPCOLOR8":5,"MAPCOLOR9":2,"MAPCOLOR13":12,"POP_EST":16290913,"POP_RANK":14,"GDP_MD_EST":182400,"POP_YEAR":2017,"LASTCENSUS":2010,"GDP_YEAR":2016,"ECONOMY":"6. Developing region","INCOME_GRP":"3. Upper middle income","WIKIPEDIA":-99,"FIPS_10_":"EC","ISO_A2":"EC","ISO_A3":"ECU","ISO_A3_EH":"ECU","ISO_N3":"218","UN_A3":"218","WB_A2":"EC","WB_A3":"ECU","WOE_ID":23424801,"WOE_ID_EH":23424801,"WOE_NOTE":"Exact WOE match as country","ADM0_A3_IS":"ECU","ADM0_A3_US":"ECU","ADM0_A3_UN":-99,"ADM0_A3_WB":-99,"CONTINENT":"South America","REGION_UN":"Americas","SUBREGION":"South America","REGION_WB":"Latin America & Caribbean","NAME_LEN":7,"LONG_LEN":7,"ABBREV_LEN":4,"TINY":-99,"HOMEPART":1,"MIN_ZOOM":0,"MIN_LABEL":3,"MAX_LABEL":8},"geometry":{"type":"Polygon","coordinates":[[[-78.855259,1.380924],[-75.233723,-0.911417],[-80.028908,-4.346091],[-80.967765,-2.246943],[-78.855259,1.380924]]]}},{"type":"Feature","properties":{"scalerank":1,"featurecla":"Admin-0 country","LABELRANK":2,"SOVEREIGNT":"Egypt","SOV_A3":"EGY","ADM0_DIF":0,"LEVEL":2,"TYPE":"Sovereign country","ADMIN":"Egypt","ADM0_A3":"EGY","GEOU_DIF":0,"GEOUNIT":"Egypt","GU_A3":"EGY","SU_DIF":0,"SUBUNIT":"Egypt","SU_A3":"EGY","BRK_DIFF":0,"NAME":"Egypt","NAME_LONG":"Egypt","BRK_A3":"EGY","BRK_NAME":"Egypt","BRK_GROUP":null,"ABBREV":"Egypt","POSTAL":"EG","FORMAL_EN":"Arab Republic of Egypt","FORMAL_FR":null,"NAME_CIAWF":"Egypt","NOTE_ADM0":null,"NOTE_BRK":null,"NAME_SORT":"Egypt, Arab Rep.","NAME_ALT":null,"MAPCOLOR7":4,"MAPCOLOR8":6,"MAPCOLOR9":7,"MAPCOLOR13":2,"POP_EST":97041072,"POP_RANK":16,"GDP_MD_EST":1105000,"POP_YEAR":2017,"LASTCENSUS":2006,"GDP_YEAR":2016,"ECONOMY":"5. Emerging region: G20","INCOME_GRP":"4. Lower middle income","WIKIPEDIA":-99,"FIPS_10_":"EG","ISO_A2":"EG","ISO_A3":"EGY","ISO_A3_EH":"EGY","ISO_N3":"818","UN_A3":"818","WB_A2":"EG","WB_A3":"EGY","WOE_ID":23424802,"WOE_ID_EH":23424802,"WOE_NOTE":"Exact WOE match as country","ADM0_A3_IS":"EGY","ADM0_A3_US":"EGY","ADM0_A3_UN":-99,"ADM0_A3_WB":-99,"CONTINENT":"Africa","REGION_UN":"Africa","SUBREGION":"Northern Africa","REGION_WB":"Middle East & North Africa","NAME_LEN":5,"LONG_LEN":5,"ABBREV_LEN":5,"TINY":-99,"HOMEPART":1,"MIN_ZOOM":0,"MIN_LABEL":1.7,"MAX_LABEL":6.7},"geometry":{"type":"Polygon","coordinates":[[[36.86623,22],[24.80287,31.08929],[30.97693,31.55586],[34.823243,29.761081],[32.42323,29.85108],[35.49372,23.75237]]]}},{"type":"Feature","properties":{"scalerank":1,"featurecla":"Admin-0 country","LABELRANK":4,"SOVEREIGNT":"Eritrea","SOV_A3":"ERI","ADM0_DIF":0,"LEVEL":2,"TYPE":"Sovereign country","ADMIN":"Eritrea","ADM0_A3":"ERI","GEOU_DIF":0,"GEOUNIT":"Eritrea","GU_A3":"ERI","SU_DIF":0,"SUBUNIT":"Eritrea","SU_A3":"ERI","BRK_DIFF":0,"NAME":"Eritrea","NAME_LONG":"Eritrea","BRK_A3":"ERI","BRK_NAME":"Eritrea","BRK_GROUP":null,"ABBREV":"Erit.","POSTAL":"ER","FORMAL_EN":"State of Eritrea","FORMAL_FR":null,"NAME_CIAWF":"Eritrea","NOTE_ADM0":null,"NOTE_BRK":null,"NAME_SORT":"Eritrea","NAME_ALT":null,"MAPCOLOR7":3,"MAPCOLOR8":1,"MAPCOLOR9":2,"MAPCOLOR13":12,"POP_EST":5918919,"POP_RANK":13,"GDP_MD_EST":9169,"POP_YEAR":2017,"LASTCENSUS":1984,"GDP_YEAR":2016,"ECONOMY":"7. Least developed region","INCOME_GRP":"5. Low income","WIKIPEDIA":-99,"FIPS_10_":"ER","ISO_A2":"ER","ISO_A3":"ERI","ISO_A3_EH":"ERI","ISO_N3":"232","UN_A3":"232","WB_A2":"ER","WB_A3":"ERI","WOE_ID":23424806,"WOE_ID_EH":23424806,"WOE_NOTE":"Exact WOE match as country","ADM0_A3_IS":"ERI","ADM0_A3_US":"ERI","ADM0_A3_UN":-99,"ADM0_A3_WB":-99,"CONTINENT":"Africa","REGION_UN":"Africa","SUBREGION":"Eastern Africa","REGION_WB":"Sub-Saharan Africa","NAME_LEN":7,"LONG_LEN":7,"ABBREV_LEN":5,"TINY":-99,"HOMEPART":1,"MIN_ZOOM":0,"MIN_LABEL":4,"MAX_LABEL":9},"geometry":{"type":"Polygon","coordinates":[[[43.081226,12.699639],[39.34061,14.53155],[36.85253,16.95655],[41.734952,13.921037]]]}},{"type":"Feature","properties":{"scalerank":1,"featurecla":"Admin-0 country","LABELRANK":2,"SOVEREIGNT":"Spain","SOV_A3":"ESP","ADM0_DIF":0,"LEVEL":2,"TYPE":"Sovereign country","ADMIN":"Spain","ADM0_A3":"ESP","GEOU_DIF":0,"GEOUNIT":"Spain","GU_A3":"ESP","SU_DIF":0,"SUBUNIT":"Spain","SU_A3":"ESP","BRK_DIFF":0,"NAME":"Spain","NAME_LONG":"Spain","BRK_A3":"ESP","BRK_NAME":"Spain","BRK_GROUP":null,"ABBREV":"Sp.","POSTAL":"E","FORMAL_EN":"Kingdom of Spain","FORMAL_FR":null,"NAME_CIAWF":"Spain","NOTE_ADM0":null,"NOTE_BRK":null,"NAME_SORT":"Spain","NAME_ALT":null,"MAPCOLOR7":4,"MAPCOLOR8":5,"MAPCOLOR9":5,"MAPCOLOR13":5,"POP_EST":48958159,"POP_RANK":15,"GDP_MD_EST":1690000,"POP_YEAR":2017,"LASTCENSUS":2001,"GDP_YEAR":2016,"ECONOMY":"2. Developed region: nonG7","INCOME_GRP":"1. High income: OECD","WIKIPEDIA":-99,"FIPS_10_":"SP","ISO_A2":"ES","ISO_A3":"ESP","ISO_A3_EH":"ESP","ISO_N3":"724","UN_A3":"724","WB_A2":"ES","WB_A3":"ESP","WOE_ID":23424950,"WOE_ID_EH":23424950,"WOE_NOTE":"Exact WOE match as country","ADM0_A3_IS":"ESP","ADM0_A3_US":"ESP","ADM0_A3_UN":-99,"ADM0_A3_WB":-99,"CONTINENT":"Europe","REGION_UN":"Europe","SUBREGION":"Southern Europe","REGION_WB":"Europe & Central Asia","NAME_LEN":5,"LONG_LEN":5,"ABBREV_LEN":3,"TINY":-99,"HOMEPART":1,"MIN_ZOOM":0,"MIN_LABEL":2,"MAX_LABEL":7},"geometry":{"type":"Polygon","coordinates":[[[-9.034818,41.880571],[-1.901351,43.422802],[0.810525,41.014732],[-2.146453,36.674144],[-7.453726,37.097788],[-7.026413,40.184524],[-8.263857,42.280469]]]}},{"type":"Feature","properties":{"scalerank":1,"featurecla":"Admin-0 country","LABELRANK":6,"SOVEREIGNT":"Estonia","SOV_A3":"EST","ADM0_DIF":0,"LEVEL":2,"TYPE":"Sovereign country","ADMIN":"Estonia","ADM0_A3":"EST","GEOU_DIF":0,"GEOUNIT":"Estonia","GU_A3":"EST","SU_DIF":0,"SUBUNIT":"Estonia","SU_A3":"EST","BRK_DIFF":0,"NAME":"Estonia","NAME_LONG":"Estonia","BRK_A3":"EST","BRK_NAME":"Estonia","BRK_GROUP":null,"ABBREV":"Est.","POSTAL":"EST","FORMAL_EN":"Republic of Estonia","FORMAL_FR":null,"NAME_CIAWF":"Estonia","NOTE_ADM0":null,"NOTE_BRK":null,"NAME_SORT":"Estonia","NAME_ALT":null,"MAPCOLOR7":3,"MAPCOLOR8":2,"MAPCOLOR9":1,"MAPCOLOR13":10,"POP_EST":1251581,"POP_RANK":12,"GDP_MD_EST":38700,"POP_YEAR":2017,"LASTCENSUS":2000,"GDP_YEAR":2016,"ECONOMY":"2. Developed region: nonG7","INCOME_GRP":"1. High income: OECD","WIKIPEDIA":-99,"FIPS_10_":"EN","ISO_A2":"EE","ISO_A3":"EST","ISO_A3_EH":"EST","ISO_N3":"233","UN_A3":"233","WB_A2":"EE","WB_A3":"EST","WOE_ID":23424805,"WOE_ID_EH":23424805,"WOE_NOTE":"Exact WOE match as country","ADM0_A3_IS":"EST","ADM0_A3_US":"EST","ADM0_A3_UN":-99,"ADM0_A3_WB":-99,"CONTINENT":"Europe","REGION_UN":"Europe","SUBREGION":"Northern Europe","REGION_WB":"Europe & Central Asia","NAME_LEN":7,"LONG_LEN":7,"ABBREV_LEN":4,"TINY":-99,"HOMEPART":1,"MIN_ZOOM":0,"MIN_LABEL":3,"MAX_LABEL":8},"geometry":{"type":"Polygon","coordinates":[[[24.312863,57.793424],[27.981114,59.475388],[25.60281,57.847529]]]}},{"type":"Feature","properties":{"scalerank":1,"featurecla":"Admin-0 country","LABELRANK":2,"SOVEREIGNT":"Ethiopia","SOV_A3":"ETH","ADM0_DIF":0,"LEVEL":2,"TYPE":"Sovereign country","ADMIN":"Ethiopia","ADM0_A3":"ETH","GEOU_DIF":0,"GEOUNIT":"Ethiopia","GU_A3":"ETH","SU_DIF":0,"SUBUNIT":"Ethiopia","SU_A3":"ETH","BRK_DIFF":0,"NAME":"Ethiopia","NAME_LONG":"Ethiopia","BRK_A3":"ETH","BRK_NAME":"Ethiopia","BRK_GROUP":null,"ABBREV":"Eth.","POSTAL":"ET","FORMAL_EN":"Federal Democratic Republic of Ethiopia","FORMAL_FR":null,"NAME_CIAWF":"Ethiopia","NOTE_ADM0":null,"NOTE_BRK":null,"NAME_SORT":"Ethiopia","NAME_ALT":null,"MAPCOLOR7":4,"MAPCOLOR8":4,"MAPCOLOR9":1,"MAPCOLOR13":13,"POP_EST":105350020,"POP_RANK":17,"GDP_MD_EST":174700,"POP_YEAR":2017,"LASTCENSUS":2007,"GDP_YEAR":2016,"ECONOMY":"7. Least developed region","INCOME_GRP":"5. Low income","WIKIPEDIA":-99,"FIPS_10_":"ET","ISO_A2":"ET","ISO_A3":"ETH","ISO_A3_EH":"ETH","ISO_N3":"231","UN_A3":"231","WB_A2":"ET","WB_A3":"ETH","WOE_ID":23424808,"WOE_ID_EH":23424808,"WOE_NOTE":"Exact WOE match as country","ADM0_A3_IS":"ETH","ADM0_A3_US":"ETH","ADM0_A3_UN":-99,"ADM0_A3_WB":-99,"CONTINENT":"Africa","REGION_UN":"Africa","SUBREGION":"Eastern Africa","REGION_WB":"Sub-Saharan Africa","NAME_LEN":8,"LONG_LEN":8,"ABBREV_LEN":4,"TINY":-99,"HOMEPART":1,"MIN_ZOOM":0,"MIN_LABEL":2,"MAX_LABEL":7},"geometry":{"type":"Polygon","coordinates":[[[42.35156,12.54223],[42.55876,10.57258],[42.76967,4.25259],[38.67114,3.61607],[34.70702,6.59422],[33.96162,9.58358],[37.59377,14.2131],[41.59856,13.45209]]]}},{"type":"Feature","properties":{"scalerank":1,"featurecla":"Admin-0 country","LABELRANK":3,"SOVEREIGNT":"Finland","SOV_A3":"FI1","ADM0_DIF":1,"LEVEL":2,"TYPE":"Country","ADMIN":"Finland","ADM0_A3":"FIN","GEOU_DIF":0,"GEOUNIT":"Finland","GU_A3":"FIN","SU_DIF":0,"SUBUNIT":"Finland","SU_A3":"FIN","BRK_DIFF":0,"NAME":"Finland","NAME_LONG":"Finland","BRK_A3":"FIN","BRK_NAME":"Finland","BRK_GROUP":null,"ABBREV":"Fin.","POSTAL":"FIN","FORMAL_EN":"Republic of Finland","FORMAL_FR":null,"NAME_CIAWF":"Finland","NOTE_ADM0":null,"NOTE_BRK":null,"NAME_SORT":"Finland","NAME_ALT":null,"MAPCOLOR7":4,"MAPCOLOR8":1,"MAPCOLOR9":4,"MAPCOLOR13":6,"POP_EST":5491218,"POP_RANK":13,"GDP_MD_EST":224137,"POP_YEAR":2017,"LASTCENSUS":2010,"GDP_YEAR":2016,"ECONOMY":"2. Developed region: nonG7","INCOME_GRP":"1. High income: OECD","WIKIPEDIA":-99,"FIPS_10_":"FI","ISO_A2":"FI","ISO_A3":"FIN","ISO_A3_EH":"FIN","ISO_N3":"246","UN_A3":"246","WB_A2":"FI","WB_A3":"FIN","WOE_ID":23424812,"WOE_ID_EH":23424812,"WOE_NOTE":"Exact WOE match as country","ADM0_A3_IS":"FIN","ADM0_A3_US":"FIN","ADM0_A3_UN":-99,"ADM0_A3_WB":-99,"CONTINENT":"Europe","REGION_UN":"Europe","SUBREGION":"Northern Europe","REGION_WB":"Europe & Central Asia","NAME_LEN":7,"LONG_LEN":7,"ABBREV_LEN":4,"TINY":-99,"HOMEPART":1,"MIN_ZOOM":0,"MIN_LABEL":3,"MAX_LABEL":8},"geometry":{"type":"Polygon","coordinates":[[[23.903379,66.006927],[24.735679,68.649557],[29.054589,66.944286],[28.07,60.50352],[21.544866,61.705329]]]}},{"type":"Feature","properties":{"scalerank":1,"featurecla":"Admin-0 country","LABELRANK":6,"SOVEREIGNT":"Fiji","SOV_A3":"FJI","ADM0_DIF":0,"LEVEL":2,"TYPE":"Sovereign country","ADMIN":"Fiji","ADM0_A3":"FJI","GEOU_DIF":0,"GEOUNIT":"Fiji","GU_A3":"FJI","SU_DIF":0,"SUBUNIT":"Fiji","SU_A3":"FJI","BRK_DIFF":0,"NAME":"Fiji","NAME_LONG":"Fiji","BRK_A3":"FJI","BRK_NAME":"Fiji","BRK_GROUP":null,"ABBREV":"Fiji","POSTAL":"FJ","FORMAL_EN":"Republic of Fiji","FORMAL_FR":null,"NAME_CIAWF":"Fiji","NOTE_ADM0":null,"NOTE_BRK":null,"NAME_SORT":"Fiji","NAME_ALT":null,"MAPCOLOR7":5,"MAPCOLOR8":1,"MAPCOLOR9":2,"MAPCOLOR13":2,"POP_EST":920938,"POP_RANK":11,"GDP_MD_EST":8374,"POP_YEAR":2017,"LASTCENSUS":2007,"GDP_YEAR":2016,"ECONOMY":"6. Developing region","INCOME_GRP":"4. Lower middle income","WIKIPEDIA":-99,"FIPS_10_":"FJ","ISO_A2":"FJ","ISO_A3":"FJI","ISO_A3_EH":"FJI","ISO_N3":"242","UN_A3":"242","WB_A2":"FJ","WB_A3":"FJI","WOE_ID":23424813,"WOE_ID_EH":23424813,"WOE_NOTE":"Exact WOE match as country","ADM0_A3_IS":"FJI","ADM0_A3_US":"FJI","ADM0_A3_UN":-99,"ADM0_A3_WB":-99,"CONTINENT":"Oceania","REGION_UN":"Oceania","SUBREGION":"Melanesia","REGION_WB":"East Asia & Pacific","NAME_LEN":4,"LONG_LEN":4,"ABBREV_LEN":4,"TINY":-99,"HOMEPART":1,"MIN_ZOOM":0,"MIN_LABEL":3,"MAX_LABEL":8},"geometry":{"type":"MultiPolygon","coordinates":[[[[178.3736,-17.33992],[178.3736,-17.33992]]],[[[179.364143,-16.801354]]],[[[-179.917369,-16.501783]]]]}},{"type":"Feature","properties":{"scalerank":1,"featurecla":"Admin-0 country","LABELRANK":5,"SOVEREIGNT":"United Kingdom","SOV_A3":"GB1","ADM0_DIF":1,"LEVEL":2,"TYPE":"Dependency","ADMIN":"Falkland Islands","ADM0_A3":"FLK","GEOU_DIF":0,"GEOUNIT":"Falkland Islands","GU_A3":"FLK","SU_DIF":0,"SUBUNIT":"Falkland Islands","SU_A3":"FLK","BRK_DIFF":1,"NAME":"Falkland Is.","NAME_LONG":"Falkland Islands","BRK_A3":"B12","BRK_NAME":"Falkland Is.","BRK_GROUP":null,"ABBREV":"Flk. Is.","POSTAL":"FK","FORMAL_EN":"Falkland Islands","FORMAL_FR":null,"NAME_CIAWF":"Falkland Islands (Islas Malvinas)","NOTE_ADM0":"U.K.","NOTE_BRK":"Admin. by U.K.; Claimed by Argentina","NAME_SORT":"Falkland Islands","NAME_ALT":"Islas Malvinas","MAPCOLOR7":6,"MAPCOLOR8":6,"MAPCOLOR9":6,"MAPCOLOR13":3,"POP_EST":2931,"POP_RANK":4,"GDP_MD_EST":281.8,"POP_YEAR":2014,"LASTCENSUS":-99,"GDP_YEAR":2012,"ECONOMY":"2. Developed region: nonG7","INCOME_GRP":"1. High income: OECD","WIKIPEDIA":-99,"FIPS_10_":"FK","ISO_A2":"FK","ISO_A3":"FLK","ISO_A3_EH":"FLK","ISO_N3":"238","UN_A3":"238","WB_A2":"-99","WB_A3":"-99","WOE_ID":23424814,"WOE_ID_EH":23424814,"WOE_NOTE":"Exact WOE match as country","ADM0_A3_IS":"FLK","ADM0_A3_US":"FLK","ADM0_A3_UN":-99,"ADM0_A3_WB":-99,"CONTINENT":"South America","REGION_UN":"Americas","SUBREGION":"South America","REGION_WB":"Latin America & Caribbean","NAME_LEN":12,"LONG_LEN":16,"ABBREV_LEN":8,"TINY":-99,"HOMEPART":-99,"MIN_ZOOM":0,"MIN_LABEL":4.5,"MAX_LABEL":9},"geometry":{"type":"Polygon","coordinates":[[[-61.2,-51.85],[-60.7,-52.3]]]}},{"type":"Feature","properties":{"scalerank":1,"featurecla":"Admin-0 country","LABELRANK":2,"SOVEREIGNT":"France","SOV_A3":"FR1","ADM0_DIF":1,"LEVEL":2,"TYPE":"Country","ADMIN":"France","ADM0_A3":"FRA","GEOU_DIF":0,"GEOUNIT":"France","GU_A3":"FRA","SU_DIF":0,"SUBUNIT":"France","SU_A3":"FRA","BRK_DIFF":0,"NAME":"France","NAME_LONG":"France","BRK_A3":"FRA","BRK_NAME":"France","BRK_GROUP":null,"ABBREV":"Fr.","POSTAL":"F","FORMAL_EN":"French Republic","FORMAL_FR":null,"NAME_CIAWF":"France","NOTE_ADM0":null,"NOTE_BRK":null,"NAME_SORT":"France","NAME_ALT":null,"MAPCOLOR7":7,"MAPCOLOR8":5,"MAPCOLOR9":9,"MAPCOLOR13":11,"POP_EST":67106161,"POP_RANK":16,"GDP_MD_EST":2699000,"POP_YEAR":2017,"LASTCENSUS":-99,"GDP_YEAR":2016,"ECONOMY":"1. Developed region: G7","INCOME_GRP":"1. High income: OECD","WIKIPEDIA":-99,"FIPS_10_":"FR","ISO_A2":"-99","ISO_A3":"-99","ISO_A3_EH":"-99","ISO_N3":"250","UN_A3":"250","WB_A2":"FR","WB_A3":"FRA","WOE_ID":-90,"WOE_ID_EH":23424819,"WOE_NOTE":"Includes only Metropolitan France (including Corsica)","ADM0_A3_IS":"FRA","ADM0_A3_US":"FRA","ADM0_A3_UN":-99,"ADM0_A3_WB":-99,"CONTINENT":"Europe","REGION_UN":"Europe","SUBREGION":"Western Europe","REGION_WB":"Europe & Central Asia","NAME_LEN":6,"LONG_LEN":6,"ABBREV_LEN":3,"TINY":-99,"HOMEPART":1,"MIN_ZOOM":0,"MIN_LABEL":1.7,"MAX_LABEL":6.7},"geometry":{"type":"MultiPolygon","coordinates":[[[[2.513573,51.148506],[6.18632,49.463803],[6.037389,46.725779],[7.549596,44.127901],[0.338047,42.579546],[-4.59235,48.68416]]],[[[-51.657797,4.156232],[-54.524754,2.311849],[-52.882141,5.409851]]],[[[9.560016,42.152492]]]]}},{"type":"Feature","properties":{"scalerank":1,"featurecla":"Admin-0 country","LABELRANK":4,"SOVEREIGNT":"Gabon","SOV_A3":"GAB","ADM0_DIF":0,"LEVEL":2,"TYPE":"Sovereign country","ADMIN":"Gabon","ADM0_A3":"GAB","GEOU_DIF":0,"GEOUNIT":"Gabon","GU_A3":"GAB","SU_DIF":0,"SUBUNIT":"Gabon","SU_A3":"GAB","BRK_DIFF":0,"NAME":"Gabon","NAME_LONG":"Gabon","BRK_A3":"GAB","BRK_NAME":"Gabon","BRK_GROUP":null,"ABBREV":"Gabon","POSTAL":"GA","FORMAL_EN":"Gabonese Republic","FORMAL_FR":null,"NAME_CIAWF":"Gabon","NOTE_ADM0":null,"NOTE_BRK":null,"NAME_SORT":"Gabon","NAME_ALT":null,"MAPCOLOR7":6,"MAPCOLOR8":2,"MAPCOLOR9":5,"MAPCOLOR13":5,"POP_EST":1772255,"POP_RANK":12,"GDP_MD_EST":35980,"POP_YEAR":2017,"LASTCENSUS":2003,"GDP_YEAR":2016,"ECONOMY":"6. Developing region","INCOME_GRP":"3. Upper middle income","WIKIPEDIA":-99,"FIPS_10_":"GB","ISO_A2":"GA","ISO_A3":"GAB","ISO_A3_EH":"GAB","ISO_N3":"266","UN_A3":"266","WB_A2":"GA","WB_A3":"GAB","WOE_ID":23424822,"WOE_ID_EH":23424822,"WOE_NOTE":"Exact WOE match as country","ADM0_A3_IS":"GAB","ADM0_A3_US":"GAB","ADM0_A3_UN":-99,"ADM0_A3_WB":-99,"CONTINENT":"Africa","REGION_UN":"Africa","SUBREGION":"Middle Africa","REGION_WB":"Sub-Saharan Africa","NAME_LEN":5,"LONG_LEN":5,"ABBREV_LEN":5,"TINY":3,"HOMEPART":1,"MIN_ZOOM":0,"MIN_LABEL":3,"MAX_LABEL":8},"geometry":{"type":"Polygon","coordinates":[[[11.276449,2.261051],[14.276266,1.19693],[12.495703,-2.391688],[8.830087,-0.779074]]]}},{"type":"Feature","properties":{"scalerank":1,"featurecla":"Admin-0 country","LABELRANK":2,"SOVEREIGNT":"United Kingdom","SOV_A3":"GB1","ADM0_DIF":1,"LEVEL":2,"TYPE":"Country","ADMIN":"United Kingdom","ADM0_A3":"GBR","GEOU_DIF":0,"GEOUNIT":"United Kingdom","GU_A3":"GBR","SU_DIF":0,"SUBUNIT":"United Kingdom","SU_A3":"GBR","BRK_DIFF":0,"NAME":"United Kingdom","NAME_LONG":"United Kingdom","BRK_A3":"GBR","BRK_NAME":"United Kingdom","BRK_GROUP":null,"ABBREV":"U.K.","POSTAL":"GB","FORMAL_EN":"United Kingdom of Great Britain and Northern Ireland","FORMAL_FR":null,"NAME_CIAWF":"United Kingdom","NOTE_ADM0":null,"NOTE_BRK":null,"NAME_SORT":"United Kingdom","NAME_ALT":null,"MAPCOLOR7":6,"MAPCOLOR8":6,"MAPCOLOR9":6,"MAPCOLOR13":3,"POP_EST":64769452,"POP_RANK":16,"GDP_MD_EST":2788000,"POP_YEAR":2017,"LASTCENSUS":2011,"GDP_YEAR":2016,"ECONOMY":"1. Developed region: G7","INCOME_GRP":"1. High income: OECD","WIKIPEDIA":-99,"FIPS_10_":"UK","ISO_A2":"GB","ISO_A3":"GBR","ISO_A3_EH":"GBR","ISO_N3":"826","UN_A3":"826","WB_A2":"GB","WB_A3":"GBR","WOE_ID":-90,"WOE_ID_EH":23424975,"WOE_NOTE":"Eh ID includes Channel Islands and Isle of Man. UK constituent countries of England (24554868), Wales (12578049), Scotland (12578048), and Northern Ireland (20070563).","ADM0_A3_IS":"GBR","ADM0_A3_US":"GBR","ADM0_A3_UN":-99,"ADM0_A3_WB":-99,"CONTINENT":"Europe","REGION_UN":"Europe","SUBREGION":"Northern Europe","REGION_WB":"Europe & Central Asia","NAME_LEN":14,"LONG_LEN":14,"ABBREV_LEN":4,"TINY":-99,"HOMEPART":1,"MIN_ZOOM":0,"MIN_LABEL":1.7,"MAX_LABEL":6.7},"geometry":{"type":"MultiPolygon","coordinates":[[[[-6.197885,53.867565]]],[[[-3.005005,58.635],[-1.114991,54.624986],[0.550334,50.765739],[-4.30999,51.210001],[-3.093831,53.404547],[-5.047981,55.783986]]]]}},{"type":"Feature","properties":{"scalerank":1,"featurecla":"Admin-0 country","LABELRANK":5,"SOVEREIGNT":"Georgia","SOV_A3":"GEO","ADM0_DIF":0,"LEVEL":2,"TYPE":"Sovereign country","ADMIN":"Georgia","ADM0_A3":"GEO","GEOU_DIF":0,"GEOUNIT":"Georgia","GU_A3":"GEO","SU_DIF":0,"SUBUNIT":"Georgia","SU_A3":"GEO","BRK_DIFF":0,"NAME":"Georgia","NAME_LONG":"Georgia","BRK_A3":"GEO","BRK_NAME":"Georgia","BRK_GROUP":null,"ABBREV":"Geo.","POSTAL":"GE","FORMAL_EN":"Georgia","FORMAL_FR":null,"NAME_CIAWF":"Georgia","NOTE_ADM0":null,"NOTE_BRK":null,"NAME_SORT":"Georgia","NAME_ALT":null,"MAPCOLOR7":5,"MAPCOLOR8":1,"MAPCOLOR9":3,"MAPCOLOR13":2,"POP_EST":4926330,"POP_RANK":12,"GDP_MD_EST":37270,"POP_YEAR":2017,"LASTCENSUS":2002,"GDP_YEAR":2016,"ECONOMY":"6. Developing region","INCOME_GRP":"4. Lower middle income","WIKIPEDIA":-99,"FIPS_10_":"GG","ISO_A2":"GE","ISO_A3":"GEO","ISO_A3_EH":"GEO","ISO_N3":"268","UN_A3":"268","WB_A2":"GE","WB_A3":"GEO","WOE_ID":23424823,"WOE_ID_EH":23424823,"WOE_NOTE":"Exact WOE match as country","ADM0_A3_IS":"GEO","ADM0_A3_US":"GEO","ADM0_A3_UN":-99,"ADM0_A3_WB":-99,"CONTINENT":"Asia","REGION_UN":"Asia","SUBREGION":"Western Asia","REGION_WB":"Europe & Central Asia","NAME_LEN":7,"LONG_LEN":7,"ABBREV_LEN":4,"TINY":-99,"HOMEPART":1,"MIN_ZOOM":0,"MIN_LABEL":4,"MAX_LABEL":9},"geometry":{"type":"Polygon","coordinates":[[[44.97248,41.248129],[39.955009,43.434998],[45.7764,42.09244]]]}},{"type":"Feature","properties":{"scalerank":1,"featurecla":"Admin-0 country","LABELRANK":3,"SOVEREIGNT":"Ghana","SOV_A3":"GHA","ADM0_DIF":0,"LEVEL":2,"TYPE":"Sovereign country","ADMIN":"Ghana","ADM0_A3":"GHA","GEOU_DIF":0,"GEOUNIT":"Ghana","GU_A3":"GHA","SU_DIF":0,"SUBUNIT":"Ghana","SU_A3":"GHA","BRK_DIFF":0,"NAME":"Ghana","NAME_LONG":"Ghana","BRK_A3":"GHA","BRK_NAME":"Ghana","BRK_GROUP":null,"ABBREV":"Ghana","POSTAL":"GH","FORMAL_EN":"Republic of Ghana","FORMAL_FR":null,"NAME_CIAWF":"Ghana","NOTE_ADM0":null,"NOTE_BRK":null,"NAME_SORT":"Ghana","NAME_ALT":null,"MAPCOLOR7":5,"MAPCOLOR8":3,"MAPCOLOR9":1,"MAPCOLOR13":4,"POP_EST":27499924,"POP_RANK":15,"GDP_MD_EST":120800,"POP_YEAR":2017,"LASTCENSUS":2010,"GDP_YEAR":2016,"ECONOMY":"6. Developing region","INCOME_GRP":"4. Lower middle income","WIKIPEDIA":-99,"FIPS_10_":"GH","ISO_A2":"GH","ISO_A3":"GHA","ISO_A3_EH":"GHA","ISO_N3":"288","UN_A3":"288","WB_A2":"GH","WB_A3":"GHA","WOE_ID":23424824,"WOE_ID_EH":23424824,"WOE_NOTE":"Exact WOE match as country","ADM0_A3_IS":"GHA","ADM0_A3_US":"GHA","ADM0_A3_UN":-99,"ADM0_A3_WB":-99,"CONTINENT":"Africa","REGION_UN":"Africa","SUBREGION":"Western Africa","REGION_WB":"Sub-Saharan Africa","NAME_LEN":5,"LONG_LEN":5,"ABBREV_LEN":5,"TINY":-99,"HOMEPART":1,"MIN_ZOOM":0,"MIN_LABEL":3,"MAX_LABEL":8},"geometry":{"type":"Polygon","coordinates":[[[-2.827496,9.642461],[0.36758,10.191213],[-0.507638,5.343473],[-2.827496,9.642461]]]}},{"type":"Feature","properties":{"scalerank":1,"featurecla":"Admin-0 country","LABELRANK":3,"SOVEREIGNT":"Guinea","SOV_A3":"GIN","ADM0_DIF":0,"LEVEL":2,"TYPE":"Sovereign country","ADMIN":"Guinea","ADM0_A3":"GIN","GEOU_DIF":0,"GEOUNIT":"Guinea","GU_A3":"GIN","SU_DIF":0,"SUBUNIT":"Guinea","SU_A3":"GIN","BRK_DIFF":0,"NAME":"Guinea","NAME_LONG":"Guinea","BRK_A3":"GIN","BRK_NAME":"Guinea","BRK_GROUP":null,"ABBREV":"Gin.","POSTAL":"GN","FORMAL_EN":"Republic of Guinea","FORMAL_FR":null,"NAME_CIAWF":"Guinea","NOTE_ADM0":null,"NOTE_BRK":null,"NAME_SORT":"Guinea","NAME_ALT":null,"MAPCOLOR7":6,"MAPCOLOR8":3,"MAPCOLOR9":7,"MAPCOLOR13":2,"POP_EST":12413867,"POP_RANK":14,"GDP_MD_EST":16080,"POP_YEAR":2017,"LASTCENSUS":1996,"GDP_YEAR":2016,"ECONOMY":"7. Least developed region","INCOME_GRP":"5. Low income","WIKIPEDIA":-99,"FIPS_10_":"GV","ISO_A2":"GN","ISO_A3":"GIN","ISO_A3_EH":"GIN","ISO_N3":"324","UN_A3":"324","WB_A2":"GN","WB_A3":"GIN","WOE_ID":23424835,"WOE_ID_EH":23424835,"WOE_NOTE":"Exact WOE match as country","ADM0_A3_IS":"GIN","ADM0_A3_US":"GIN","ADM0_A3_UN":-99,"ADM0_A3_WB":-99,"CONTINENT":"Africa","REGION_UN":"Africa","SUBREGION":"Western Africa","REGION_WB":"Sub-Saharan Africa","NAME_LEN":6,"LONG_LEN":6,"ABBREV_LEN":4,"TINY":-99,"HOMEPART":1,"MIN_ZOOM":0,"MIN_LABEL":3,"MAX_LABEL":8},"geometry":{"type":"Polygon","coordinates":[[[-8.029944,10.206535],[-8.280703,7.68718],[-10.016567,8.428504],[-11.917277,10.046984],[-14.330076,10.01572],[-13.9008,11.678719],[-12.203565,12.465648],[-10.165214,11.844084],[-8.581305,11.136246]]]}},{"type":"Feature","properties":{"scalerank":1,"featurecla":"Admin-0 country","LABELRANK":6,"SOVEREIGNT":"Gambia","SOV_A3":"GMB","ADM0_DIF":0,"LEVEL":2,"TYPE":"Sovereign country","ADMIN":"Gambia","ADM0_A3":"GMB","GEOU_DIF":0,"GEOUNIT":"Gambia","GU_A3":"GMB","SU_DIF":0,"SUBUNIT":"Gambia","SU_A3":"GMB","BRK_DIFF":0,"NAME":"Gambia","NAME_LONG":"The Gambia","BRK_A3":"GMB","BRK_NAME":"Gambia","BRK_GROUP":null,"ABBREV":"Gambia","POSTAL":"GM","FORMAL_EN":"Republic of the Gambia","FORMAL_FR":null,"NAME_CIAWF":"Gambia, The","NOTE_ADM0":null,"NOTE_BRK":null,"NAME_SORT":"Gambia, The","NAME_ALT":null,"MAPCOLOR7":1,"MAPCOLOR8":4,"MAPCOLOR9":1,"MAPCOLOR13":8,"POP_EST":2051363,"POP_RANK":12,"GDP_MD_EST":3387,"POP_YEAR":2017,"LASTCENSUS":2003,"GDP_YEAR":2016,"ECONOMY":"7. Least developed region","INCOME_GRP":"5. Low income","WIKIPEDIA":-99,"FIPS_10_":"GA","ISO_A2":"GM","ISO_A3":"GMB","ISO_A3_EH":"GMB","ISO_N3":"270","UN_A3":"270","WB_A2":"GM","WB_A3":"GMB","WOE_ID":23424821,"WOE_ID_EH":23424821,"WOE_NOTE":"Exact WOE match as country","ADM0_A3_IS":"GMB","ADM0_A3_US":"GMB","ADM0_A3_UN":-99,"ADM0_A3_WB":-99,"CONTINENT":"Africa","REGION_UN":"Africa","SUBREGION":"Western Africa","REGION_WB":"Sub-Saharan Africa","NAME_LEN":6,"LONG_LEN":10,"ABBREV_LEN":6,"TINY":-99,"HOMEPART":1,"MIN_ZOOM":0,"MIN_LABEL":5,"MAX_LABEL":10},"geometry":{"type":"Polygon","coordinates":[[[-16.841525,13.151394],[-13.844963,13.505042]]]}},{"type":"Feature","properties":{"scalerank":1,"featurecla":"Admin-0 country","LABELRANK":6,"SOVEREIGNT":"Guinea-Bissau","SOV_A3":"GNB","ADM0_DIF":0,"LEVEL":2,"TYPE":"Sovereign country","ADMIN":"Guinea-Bissau","ADM0_A3":"GNB","GEOU_DIF":0,"GEOUNIT":"Guinea-Bissau","GU_A3":"GNB","SU_DIF":0,"SUBUNIT":"Guinea-Bissau","SU_A3":"GNB","BRK_DIFF":0,"NAME":"Guinea-Bissau","NAME_LONG":"Guinea-Bissau","BRK_A3":"GNB","BRK_NAME":"Guinea-Bissau","BRK_GROUP":null,"ABBREV":"GnB.","POSTAL":"GW","FORMAL_EN":"Republic of Guinea-Bissau","FORMAL_FR":null,"NAME_CIAWF":"Guinea-Bissau","NOTE_ADM0":null,"NOTE_BRK":null,"NAME_SORT":"Guinea-Bissau","NAME_ALT":null,"MAPCOLOR7":3,"MAPCOLOR8":5,"MAPCOLOR9":3,"MAPCOLOR13":4,"POP_EST":1792338,"POP_RANK":12,"GDP_MD_EST":2851,"POP_YEAR":2017,"LASTCENSUS":2009,"GDP_YEAR":2016,"ECONOMY":"7. Least developed region","INCOME_GRP":"5. Low income","WIKIPEDIA":-99,"FIPS_10_":"PU","ISO_A2":"GW","ISO_A3":"GNB","ISO_A3_EH":"GNB","ISO_N3":"624","UN_A3":"624","WB_A2":"GW","WB_A3":"GNB","WOE_ID":23424929,"WOE_ID_EH":23424929,"WOE_NOTE":"Exact WOE match as country","ADM0_A3_IS":"GNB","ADM0_A3_US":"GNB","ADM0_A3_UN":-99,"ADM0_A3_WB":-99,"CONTINENT":"Africa","REGION_UN":"Africa","SUBREGION":"Western Africa","REGION_WB":"Sub-Saharan Africa","NAME_LEN":13,"LONG_LEN":13,"ABBREV_LEN":4,"TINY":-99,"HOMEPART":1,"MIN_ZOOM":0,"MIN_LABEL":5,"MAX_LABEL":10},"geometry":{"type":"Polygon","coordinates":[[[-13.700476,12.586183],[-15.130311,11.040412],[-15.816574,12.515567]]]}},{"type":"Feature","properties":{"scalerank":1,"featurecla":"Admin-0 country","LABELRANK":4,"SOVEREIGNT":"Equatorial Guinea","SOV_A3":"GNQ","ADM0_DIF":0,"LEVEL":2,"TYPE":"Sovereign country","ADMIN":"Equatorial Guinea","ADM0_A3":"GNQ","GEOU_DIF":0,"GEOUNIT":"Equatorial Guinea","GU_A3":"GNQ","SU_DIF":0,"SUBUNIT":"Equatorial Guinea","SU_A3":"GNQ","BRK_DIFF":0,"NAME":"Eq. Guinea","NAME_LONG":"Equatorial Guinea","BRK_A3":"GNQ","BRK_NAME":"Eq. Guinea","BRK_GROUP":null,"ABBREV":"Eq. G.","POSTAL":"GQ","FORMAL_EN":"Republic of Equatorial Guinea","FORMAL_FR":null,"NAME_CIAWF":"Equatorial Guinea","NOTE_ADM0":null,"NOTE_BRK":null,"NAME_SORT":"Equatorial Guinea","NAME_ALT":null,"MAPCOLOR7":4,"MAPCOLOR8":1,"MAPCOLOR9":4,"MAPCOLOR13":8,"POP_EST":778358,"POP_RANK":11,"GDP_MD_EST":31770,"POP_YEAR":2017,"LASTCENSUS":2002,"GDP_YEAR":2016,"ECONOMY":"7. Least developed region","INCOME_GRP":"2. High income: nonOECD","WIKIPEDIA":-99,"FIPS_10_":"EK","ISO_A2":"GQ","ISO_A3":"GNQ","ISO_A3_EH":"GNQ","ISO_N3":"226","UN_A3":"226","WB_A2":"GQ","WB_A3":"GNQ","WOE_ID":23424804,"WOE_ID_EH":23424804,"WOE_NOTE":"Exact WOE match as country","ADM0_A3_IS":"GNQ","ADM0_A3_US":"GNQ","ADM0_A3_UN":-99,"ADM0_A3_WB":-99,"CONTINENT":"Africa","REGION_UN":"Africa","SUBREGION":"Middle Africa","REGION_WB":"Sub-Saharan Africa","NAME_LEN":10,"LONG_LEN":17,"ABBREV_LEN":6,"TINY":-99,"HOMEPART":1,"MIN_ZOOM":0,"MIN_LABEL":4,"MAX_LABEL":9},"geometry":{"type":"Polygon","coordinates":[[[9.649158,2.283866]]]}},{"type":"Feature","properties":{"scalerank":1,"featurecla":"Admin-0 country","LABELRANK":3,"SOVEREIGNT":"Greece","SOV_A3":"GRC","ADM0_DIF":0,"LEVEL":2,"TYPE":"Sovereign country","ADMIN":"Greece","ADM0_A3":"GRC","GEOU_DIF":0,"GEOUNIT":"Greece","GU_A3":"GRC","SU_DIF":0,"SUBUNIT":"Greece","SU_A3":"GRC","BRK_DIFF":0,"NAME":"Greece","NAME_LONG":"Greece","BRK_A3":"GRC","BRK_NAME":"Greece","BRK_GROUP":null,"ABBREV":"Greece","POSTAL":"GR","FORMAL_EN":"Hellenic Republic","FORMAL_FR":null,"NAME_CIAWF":"Greece","NOTE_ADM0":null,"NOTE_BRK":null,"NAME_SORT":"Greece","NAME_ALT":null,"MAPCOLOR7":2,"MAPCOLOR8":2,"MAPCOLOR9":2,"MAPCOLOR13":9,"POP_EST":10768477,"POP_RANK":14,"GDP_MD_EST":290500,"POP_YEAR":2017,"LASTCENSUS":2011,"GDP_YEAR":2016,"ECONOMY":"2. Developed region: nonG7","INCOME_GRP":"1. High income: OECD","WIKIPEDIA":-99,"FIPS_10_":"GR","ISO_A2":"GR","ISO_A3":"GRC","ISO_A3_EH":"GRC","ISO_N3":"300","UN_A3":"300","WB_A2":"GR","WB_A3":"GRC","WOE_ID":23424833,"WOE_ID_EH":23424833,"WOE_NOTE":"Exact WOE match as country","ADM0_A3_IS":"GRC","ADM0_A3_US":"GRC","ADM0_A3_UN":-99,"ADM0_A3_WB":-99,"CONTINENT":"Europe","REGION_UN":"Europe","SUBREGION":"Southern Europe","REGION_WB":"Europe & Central Asia","NAME_LEN":6,"LONG_LEN":6,"ABBREV_LEN":6,"TINY":-99,"HOMEPART":1,"MIN_ZOOM":0,"MIN_LABEL":3,"MAX_LABEL":8},"geometry":{"type":"MultiPolygon","coordinates":[[[[20.150016,39.624998],[22.76177,41.3048],[26.294602,40.936261],[22.813988,40.476005],[23.115003,37.920011],[20.730032,38.769985]]],[[[23.69998,35.705004],[24.735007,35.084991]]]]}},{"type":"Feature","properties":{"scalerank":1,"featurecla":"Admin-0 country","LABELRANK":3,"SOVEREIGNT":"Denmark","SOV_A3":"DN1","ADM0_DIF":1,"LEVEL":2,"TYPE":"Country","ADMIN":"Greenland","ADM0_A3":"GRL","GEOU_DIF":0,"GEOUNIT":"Greenland","GU_A3":"GRL","SU_DIF":0,"SUBUNIT":"Greenland","SU_A3":"GRL","BRK_DIFF":0,"NAME":"Greenland","NAME_LONG":"Greenland","BRK_A3":"GRL","BRK_NAME":"Greenland","BRK_GROUP":null,"ABBREV":"Grlnd.","POSTAL":"GL","FORMAL_EN":"Greenland","FORMAL_FR":null,"NAME_CIAWF":"Greenland","NOTE_ADM0":"Den.","NOTE_BRK":null,"NAME_SORT":"Greenland","NAME_ALT":null,"MAPCOLOR7":4,"MAPCOLOR8":1,"MAPCOLOR9":3,"MAPCOLOR13":12,"POP_EST":57713,"POP_RANK":8,"GDP_MD_EST":2173,"POP_YEAR":2017,"LASTCENSUS":2010,"GDP_YEAR":2015,"ECONOMY":"2. Developed region: nonG7","INCOME_GRP":"2. High income: nonOECD","WIKIPEDIA":-99,"FIPS_10_":"GL","ISO_A2":"GL","ISO_A3":"GRL","ISO_A3_EH":"GRL","ISO_N3":"304","UN_A3":"304","WB_A2":"GL","WB_A3":"GRL","WOE_ID":23424828,"WOE_ID_EH":23424828,"WOE_NOTE":"Exact WOE match as country","ADM0_A3_IS":"GRL","ADM0_A3_US":"GRL","ADM0_A3_UN":-99,"ADM0_A3_WB":-99,"CONTINENT":"North America","REGION_UN":"Americas","SUBREGION":"Northern America","REGION_WB":"Europe & Central Asia","NAME_LEN":9,"LONG_LEN":9,"ABBREV_LEN":6,"TINY":-99,"HOMEPART":-99,"MIN_ZOOM":0,"MIN_LABEL":1.7,"MAX_LABEL":6.7},"geometry":{"type":"Polygon","coordinates":[[[-46.76379,82.62796],[-26.51753,82.29765],[-20.62363,81.52462],[-18.9,79.4],[-20.66818,75.15585],[-22.29954,72.18409],[-25.54341,71.43094],[-31.77665,68.12078],[-40.68281,64.13902],[-48.26294,60.85843],[-53.96911,67.18899],[-54.68336,69.61003],[-55.83468,71.65444],[-63.39165,76.1752],[-73.297,78.04419],[-62.23444,81.3211],[-46.59984,81.985945]]]}},{"type":"Feature","properties":{"scalerank":1,"featurecla":"Admin-0 country","LABELRANK":3,"SOVEREIGNT":"Guatemala","SOV_A3":"GTM","ADM0_DIF":0,"LEVEL":2,"TYPE":"Sovereign country","ADMIN":"Guatemala","ADM0_A3":"GTM","GEOU_DIF":0,"GEOUNIT":"Guatemala","GU_A3":"GTM","SU_DIF":0,"SUBUNIT":"Guatemala","SU_A3":"GTM","BRK_DIFF":0,"NAME":"Guatemala","NAME_LONG":"Guatemala","BRK_A3":"GTM","BRK_NAME":"Guatemala","BRK_GROUP":null,"ABBREV":"Guat.","POSTAL":"GT","FORMAL_EN":"Republic of Guatemala","FORMAL_FR":null,"NAME_CIAWF":"Guatemala","NOTE_ADM0":null,"NOTE_BRK":null,"NAME_SORT":"Guatemala","NAME_ALT":null,"MAPCOLOR7":3,"MAPCOLOR8":3,"MAPCOLOR9":3,"MAPCOLOR13":6,"POP_EST":15460732,"POP_RANK":14,"GDP_MD_EST":131800,"POP_YEAR":2017,"LASTCENSUS":2002,"GDP_YEAR":2016,"ECONOMY":"6. Developing region","INCOME_GRP":"4. Lower middle income","WIKIPEDIA":-99,"FIPS_10_":"GT","ISO_A2":"GT","ISO_A3":"GTM","ISO_A3_EH":"GTM","ISO_N3":"320","UN_A3":"320","WB_A2":"GT","WB_A3":"GTM","WOE_ID":23424834,"WOE_ID_EH":23424834,"WOE_NOTE":"Exact WOE match as country","ADM0_A3_IS":"GTM","ADM0_A3_US":"GTM","ADM0_A3_UN":-99,"ADM0_A3_WB":-99,"CONTINENT":"North America","REGION_UN":"Americas","SUBREGION":"Central America","REGION_WB":"Latin America & Caribbean","NAME_LEN":9,"LONG_LEN":9,"ABBREV_LEN":5,"TINY":4,"HOMEPART":1,"MIN_ZOOM":0,"MIN_LABEL":3,"MAX_LABEL":8},"geometry":{"type":"Polygon","coordinates":[[[-89.14308,17.808319],[-89.154811,15.066419],[-90.095555,13.735338],[-91.74796,16.066565],[-91.00152,17.817595]]]}},{"type":"Feature","properties":{"scalerank":1,"featurecla":"Admin-0 country","LABELRANK":4,"SOVEREIGNT":"Guyana","SOV_A3":"GUY","ADM0_DIF":0,"LEVEL":2,"TYPE":"Sovereign country","ADMIN":"Guyana","ADM0_A3":"GUY","GEOU_DIF":0,"GEOUNIT":"Guyana","GU_A3":"GUY","SU_DIF":0,"SUBUNIT":"Guyana","SU_A3":"GUY","BRK_DIFF":0,"NAME":"Guyana","NAME_LONG":"Guyana","BRK_A3":"GUY","BRK_NAME":"Guyana","BRK_GROUP":null,"ABBREV":"Guy.","POSTAL":"GY","FORMAL_EN":"Co-operative Republic of Guyana","FORMAL_FR":null,"NAME_CIAWF":"Guyana","NOTE_ADM0":null,"NOTE_BRK":null,"NAME_SORT":"Guyana","NAME_ALT":null,"MAPCOLOR7":3,"MAPCOLOR8":1,"MAPCOLOR9":4,"MAPCOLOR13":8,"POP_EST":737718,"POP_RANK":11,"GDP_MD_EST":6093,"POP_YEAR":2017,"LASTCENSUS":2002,"GDP_YEAR":2016,"ECONOMY":"6. Developing region","INCOME_GRP":"4. Lower middle income","WIKIPEDIA":-99,"FIPS_10_":"GY","ISO_A2":"GY","ISO_A3":"GUY","ISO_A3_EH":"GUY","ISO_N3":"328","UN_A3":"328","WB_A2":"GY","WB_A3":"GUY","WOE_ID":23424836,"WOE_ID_EH":23424836,"WOE_NOTE":"Exact WOE match as country","ADM0_A3_IS":"GUY","ADM0_A3_US":"GUY","ADM0_A3_UN":-99,"ADM0_A3_WB":-99,"CONTINENT":"South America","REGION_UN":"Americas","SUBREGION":"South America","REGION_WB":"Latin America & Caribbean","NAME_LEN":6,"LONG_LEN":6,"ABBREV_LEN":4,"TINY":-99,"HOMEPART":1,"MIN_ZOOM":0,"MIN_LABEL":4,"MAX_LABEL":9},"geometry":{"type":"Polygon","coordinates":[[[-56.539386,1.899523],[-59.646044,1.786894],[-60.213683,5.244486],[-60.550588,7.779603],[-57.307246,5.073567]]]}},{"type":"Feature","properties":{"scalerank":1,"featurecla":"Admin-0 country","LABELRANK":5,"SOVEREIGNT":"Honduras","SOV_A3":"HND","ADM0_DIF":0,"LEVEL":2,"TYPE":"Sovereign country","ADMIN":"Honduras","ADM0_A3":"HND","GEOU_DIF":0,"GEOUNIT":"Honduras","GU_A3":"HND","SU_DIF":0,"SUBUNIT":"Honduras","SU_A3":"HND","BRK_DIFF":0,"NAME":"Honduras","NAME_LONG":"Honduras","BRK_A3":"HND","BRK_NAME":"Honduras","BRK_GROUP":null,"ABBREV":"Hond.","POSTAL":"HN","FORMAL_EN":"Republic of Honduras","FORMAL_FR":null,"NAME_CIAWF":"Honduras","NOTE_ADM0":null,"NOTE_BRK":null,"NAME_SORT":"Honduras","NAME_ALT":null,"MAPCOLOR7":2,"MAPCOLOR8":5,"MAPCOLOR9":2,"MAPCOLOR13":5,"POP_EST":9038741,"POP_RANK":13,"GDP_MD_EST":43190,"POP_YEAR":2017,"LASTCENSUS":2001,"GDP_YEAR":2016,"ECONOMY":"6. Developing region","INCOME_GRP":"4. Lower middle income","WIKIPEDIA":-99,"FIPS_10_":"HO","ISO_A2":"HN","ISO_A3":"HND","ISO_A3_EH":"HND","ISO_N3":"340","UN_A3":"340","WB_A2":"HN","WB_A3":"HND","WOE_ID":23424841,"WOE_ID_EH":23424841,"WOE_NOTE":"Exact WOE match as country","ADM0_A3_IS":"HND","ADM0_A3_US":"HND","ADM0_A3_UN":-99,"ADM0_A3_WB":-99,"CONTINENT":"North America","REGION_UN":"Americas","SUBREGION":"Central America","REGION_WB":"Latin America & Caribbean","NAME_LEN":8,"LONG_LEN":8,"ABBREV_LEN":5,"TINY":-99,"HOMEPART":1,"MIN_ZOOM":0,"MIN_LABEL":4.5,"MAX_LABEL":9.5},"geometry":{"type":"Polygon","coordinates":[[[-89.353326,14.424133],[-87.61568,15.878799],[-85.444004,15.885749],[-83.147219,14.995829],[-84.924501,14.790493],[-86.312142,13.771356],[-87.793111,13.38448],[-89.353326,14.424133]]]}},{"type":"Feature","properties":{"scalerank":1,"featurecla":"Admin-0 country","LABELRANK":6,"SOVEREIGNT":"Croatia","SOV_A3":"HRV","ADM0_DIF":0,"LEVEL":2,"TYPE":"Sovereign country","ADMIN":"Croatia","ADM0_A3":"HRV","GEOU_DIF":0,"GEOUNIT":"Croatia","GU_A3":"HRV","SU_DIF":0,"SUBUNIT":"Croatia","SU_A3":"HRV","BRK_DIFF":0,"NAME":"Croatia","NAME_LONG":"Croatia","BRK_A3":"HRV","BRK_NAME":"Croatia","BRK_GROUP":null,"ABBREV":"Cro.","POSTAL":"HR","FORMAL_EN":"Republic of Croatia","FORMAL_FR":null,"NAME_CIAWF":"Croatia","NOTE_ADM0":null,"NOTE_BRK":null,"NAME_SORT":"Croatia","NAME_ALT":null,"MAPCOLOR7":5,"MAPCOLOR8":4,"MAPCOLOR9":5,"MAPCOLOR13":1,"POP_EST":4292095,"POP_RANK":12,"GDP_MD_EST":94240,"POP_YEAR":2017,"LASTCENSUS":2011,"GDP_YEAR":2016,"ECONOMY":"2. Developed region: nonG7","INCOME_GRP":"2. High income: nonOECD","WIKIPEDIA":-99,"FIPS_10_":"HR","ISO_A2":"HR","ISO_A3":"HRV","ISO_A3_EH":"HRV","ISO_N3":"191","UN_A3":"191","WB_A2":"HR","WB_A3":"HRV","WOE_ID":23424843,"WOE_ID_EH":23424843,"WOE_NOTE":"Exact WOE match as country","ADM0_A3_IS":"HRV","ADM0_A3_US":"HRV","ADM0_A3_UN":-99,"ADM0_A3_WB":-99,"CONTINENT":"Europe","REGION_UN":"Europe","SUBREGION":"Southern Europe","REGION_WB":"Europe & Central Asia","NAME_LEN":7,"LONG_LEN":7,"ABBREV_LEN":4,"TINY":-99,"HOMEPART":1,"MIN_ZOOM":0,"MIN_LABEL":4,"MAX_LABEL":9},"geometry":{"type":"Polygon","coordinates":[[[19.005485,44.860234],[16.23966,44.351143],[17.50997,42.849995],[13.952255,44.802124],[15.323954,45.731783],[19.072769,45.521511]]]}},{"type":"Feature","properties":{"scalerank":1,"featurecla":"Admin-0 country","LABELRANK":5,"SOVEREIGNT":"Haiti","SOV_A3":"HTI","ADM0_DIF":0,"LEVEL":2,"TYPE":"Sovereign country","ADMIN":"Haiti","ADM0_A3":"HTI","GEOU_DIF":0,"GEOUNIT":"Haiti","GU_A3":"HTI","SU_DIF":0,"SUBUNIT":"Haiti","SU_A3":"HTI","BRK_DIFF":0,"NAME":"Haiti","NAME_LONG":"Haiti","BRK_A3":"HTI","BRK_NAME":"Haiti","BRK_GROUP":null,"ABBREV":"Haiti","POSTAL":"HT","FORMAL_EN":"Republic of Haiti","FORMAL_FR":null,"NAME_CIAWF":"Haiti","NOTE_ADM0":null,"NOTE_BRK":null,"NAME_SORT":"Haiti","NAME_ALT":null,"MAPCOLOR7":2,"MAPCOLOR8":1,"MAPCOLOR9":7,"MAPCOLOR13":2,"POP_EST":10646714,"POP_RANK":14,"GDP_MD_EST":19340,"POP_YEAR":2017,"LASTCENSUS":2003,"GDP_YEAR":2016,"ECONOMY":"7. Least developed region","INCOME_GRP":"5. Low income","WIKIPEDIA":-99,"FIPS_10_":"HA","ISO_A2":"HT","ISO_A3":"HTI","ISO_A3_EH":"HTI","ISO_N3":"332","UN_A3":"332","WB_A2":"HT","WB_A3":"HTI","WOE_ID":23424839,"WOE_ID_EH":23424839,"WOE_NOTE":"Exact WOE match as country","ADM0_A3_IS":"HTI","ADM0_A3_US":"HTI","ADM0_A3_UN":-99,"ADM0_A3_WB":-99,"CONTINENT":"North America","REGION_UN":"Americas","SUBREGION":"Caribbean","REGION_WB":"Latin America & Caribbean","NAME_LEN":5,"LONG_LEN":5,"ABBREV_LEN":5,"TINY":-99,"HOMEPART":1,"MIN_ZOOM":0,"MIN_LABEL":4,"MAX_LABEL":9},"geometry":{"type":"Polygon","coordinates":[[[-71.712361,19.714456],[-73.454555,18.217906],[-72.784105,19.483591]]]}},{"type":"Feature","properties":{"scalerank":1,"featurecla":"Admin-0 country","LABELRANK":5,"SOVEREIGNT":"Hungary","SOV_A3":"HUN","ADM0_DIF":0,"LEVEL":2,"TYPE":"Sovereign country","ADMIN":"Hungary","ADM0_A3":"HUN","GEOU_DIF":0,"GEOUNIT":"Hungary","GU_A3":"HUN","SU_DIF":0,"SUBUNIT":"Hungary","SU_A3":"HUN","BRK_DIFF":0,"NAME":"Hungary","NAME_LONG":"Hungary","BRK_A3":"HUN","BRK_NAME":"Hungary","BRK_GROUP":null,"ABBREV":"Hun.","POSTAL":"HU","FORMAL_EN":"Republic of Hungary","FORMAL_FR":null,"NAME_CIAWF":"Hungary","NOTE_ADM0":null,"NOTE_BRK":null,"NAME_SORT":"Hungary","NAME_ALT":null,"MAPCOLOR7":4,"MAPCOLOR8":6,"MAPCOLOR9":1,"MAPCOLOR13":5,"POP_EST":9850845,"POP_RANK":13,"GDP_MD_EST":267600,"POP_YEAR":2017,"LASTCENSUS":2001,"GDP_YEAR":2016,"ECONOMY":"2. Developed region: nonG7","INCOME_GRP":"1. High income: OECD","WIKIPEDIA":-99,"FIPS_10_":"HU","ISO_A2":"HU","ISO_A3":"HUN","ISO_A3_EH":"HUN","ISO_N3":"348","UN_A3":"348","WB_A2":"HU","WB_A3":"HUN","WOE_ID":23424844,"WOE_ID_EH":23424844,"WOE_NOTE":"Exact WOE match as country","ADM0_A3_IS":"HUN","ADM0_A3_US":"HUN","ADM0_A3_UN":-99,"ADM0_A3_WB":-99,"CONTINENT":"Europe","REGION_UN":"Europe","SUBREGION":"Eastern Europe","REGION_WB":"Europe & Central Asia","NAME_LEN":7,"LONG_LEN":7,"ABBREV_LEN":4,"TINY":-99,"HOMEPART":1,"MIN_ZOOM":0,"MIN_LABEL":4,"MAX_LABEL":9},"geometry":{"type":"Polygon","coordinates":[[[16.202298,46.852386],[18.777025,48.081768],[22.085608,48.422264],[18.829838,45.908878]]]}},{"type":"Feature","properties":{"scalerank":1,"featurecla":"Admin-0 country","LABELRANK":2,"SOVEREIGNT":"Indonesia","SOV_A3":"IDN","ADM0_DIF":0,"LEVEL":2,"TYPE":"Sovereign country","ADMIN":"Indonesia","ADM0_A3":"IDN","GEOU_DIF":0,"GEOUNIT":"Indonesia","GU_A3":"IDN","SU_DIF":0,"SUBUNIT":"Indonesia","SU_A3":"IDN","BRK_DIFF":0,"NAME":"Indonesia","NAME_LONG":"Indonesia","BRK_A3":"IDN","BRK_NAME":"Indonesia","BRK_GROUP":null,"ABBREV":"Indo.","POSTAL":"INDO","FORMAL_EN":"Republic of Indonesia","FORMAL_FR":null,"NAME_CIAWF":"Indonesia","NOTE_ADM0":null,"NOTE_BRK":null,"NAME_SORT":"Indonesia","NAME_ALT":null,"MAPCOLOR7":6,"MAPCOLOR8":6,"MAPCOLOR9":6,"MAPCOLOR13":11,"POP_EST":260580739,"POP_RANK":17,"GDP_MD_EST":3028000,"POP_YEAR":2017,"LASTCENSUS":2010,"GDP_YEAR":2016,"ECONOMY":"4. Emerging region: MIKT","INCOME_GRP":"4. Lower middle income","WIKIPEDIA":-99,"FIPS_10_":"ID","ISO_A2":"ID","ISO_A3":"IDN","ISO_A3_EH":"IDN","ISO_N3":"360","UN_A3":"360","WB_A2":"ID","WB_A3":"IDN","WOE_ID":23424846,"WOE_ID_EH":23424846,"WOE_NOTE":"Exact WOE match as country","ADM0_A3_IS":"IDN","ADM0_A3_US":"IDN","ADM0_A3_UN":-99,"ADM0_A3_WB":-99,"CONTINENT":"Asia","REGION_UN":"Asia","SUBREGION":"South-Eastern Asia","REGION_WB":"East Asia & Pacific","NAME_LEN":9,"LONG_LEN":9,"ABBREV_LEN":5,"TINY":-99,"HOMEPART":1,"MIN_ZOOM":0,"MIN_LABEL":1.7,"MAX_LABEL":6.7},"geometry":{"type":"MultiPolygon","coordinates":[[[[120.715609,-10.239581]]],[[[124.968682,-8.89279],[124.968682,-8.89279]]],[[[117.900018,-8.095681],[117.632024,-8.449303]]],[[[122.903537,-8.094234],[122.903537,-8.094234]]],[[[108.623479,-6.777674],[113.464734,-8.348947],[106.280624,-6.9249]]],[[[134.724624,-6.214401]]],[[[127.249215,-3.459065]]],[[[130.471344,-3.093764],[130.471344,-3.093764]]],[[[141.00021,-2.600151],[138.668621,-7.320225],[132.756941,-3.746283],[130.94284,-1.432522],[136.293314,-2.307042]]],[[[125.240501,1.419836],[121.475821,-0.955962],[123.170963,-4.683693],[120.898182,-3.602105],[119.498835,-3.494412],[121.666817,1.013944]]],[[[128.688249,1.132386],[127.600512,1.810691]]],[[[109.66326,2.006467],[114.621355,1.430688],[117.875627,1.827641],[116.000858,-3.657037],[110.223846,-2.934032]]],[[[105.817655,-5.852356],[99.26374,0.183142],[95.936863,5.439513],[103.07684,0.561361],[106.108593,-3.061777]]]]}},{"type":"Feature","properties":{"scalerank":1,"featurecla":"Admin-0 country","LABELRANK":2,"SOVEREIGNT":"India","SOV_A3":"IND","ADM0_DIF":0,"LEVEL":2,"TYPE":"Sovereign country","ADMIN":"India","ADM0_A3":"IND","GEOU_DIF":0,"GEOUNIT":"India","GU_A3":"IND","SU_DIF":0,"SUBUNIT":"India","SU_A3":"IND","BRK_DIFF":0,"NAME":"India","NAME_LONG":"India","BRK_A3":"IND","BRK_NAME":"India","BRK_GROUP":null,"ABBREV":"India","POSTAL":"IND","FORMAL_EN":"Republic of India","FORMAL_FR":null,"NAME_CIAWF":"India","NOTE_ADM0":null,"NOTE_BRK":null,"NAME_SORT":"India","NAME_ALT":null,"MAPCOLOR7":1,"MAPCOLOR8":3,"MAPCOLOR9":2,"MAPCOLOR13":2,"POP_EST":1281935911,"POP_RANK":18,"GDP_MD_EST":8721000,"POP_YEAR":2017,"LASTCENSUS":2011,"GDP_YEAR":2016,"ECONOMY":"3. Emerging region: BRIC","INCOME_GRP":"4. Lower middle income","WIKIPEDIA":-99,"FIPS_10_":"IN","ISO_A2":"IN","ISO_A3":"IND","ISO_A3_EH":"IND","ISO_N3":"356","UN_A3":"356","WB_A2":"IN","WB_A3":"IND","WOE_ID":23424848,"WOE_ID_EH":23424848,"WOE_NOTE":"Exact WOE match as country","ADM0_A3_IS":"IND","ADM0_A3_US":"IND","ADM0_A3_UN":-99,"ADM0_A3_WB":-99,"CONTINENT":"Asia","REGION_UN":"Asia","SUBREGION":"Southern Asia","REGION_WB":"South Asia","NAME_LEN":5,"LONG_LEN":5,"ABBREV_LEN":5,"TINY":-99,"HOMEPART":1,"MIN_ZOOM":0,"MIN_LABEL":1.7,"MAX_LABEL":6.7},"geometry":{"type":"Polygon","coordinates":[[[92.672721,22.041239],[91.799596,25.147432],[88.306373,24.866079],[86.975704,21.495562],[81.692719,16.310219],[79.340512,10.308854],[75.746467,11.308251],[72.824475,20.419503],[68.842599,24.359134],[72.823752,28.961592],[74.240203,34.748887],[78.458446,32.618164],[83.304249,27.364506],[88.120441,27.876542],[92.103712,27.452614],[96.248833,28.411031],[94.603249,25.162495]]]}},{"type":"Feature","properties":{"scalerank":1,"featurecla":"Admin-0 country","LABELRANK":3,"SOVEREIGNT":"Ireland","SOV_A3":"IRL","ADM0_DIF":0,"LEVEL":2,"TYPE":"Sovereign country","ADMIN":"Ireland","ADM0_A3":"IRL","GEOU_DIF":0,"GEOUNIT":"Ireland","GU_A3":"IRL","SU_DIF":0,"SUBUNIT":"Ireland","SU_A3":"IRL","BRK_DIFF":0,"NAME":"Ireland","NAME_LONG":"Ireland","BRK_A3":"IRL","BRK_NAME":"Ireland","BRK_GROUP":null,"ABBREV":"Ire.","POSTAL":"IRL","FORMAL_EN":"Ireland","FORMAL_FR":null,"NAME_CIAWF":"Ireland","NOTE_ADM0":null,"NOTE_BRK":null,"NAME_SORT":"Ireland","NAME_ALT":null,"MAPCOLOR7":2,"MAPCOLOR8":3,"MAPCOLOR9":2,"MAPCOLOR13":2,"POP_EST":5011102,"POP_RANK":13,"GDP_MD_EST":322000,"POP_YEAR":2017,"LASTCENSUS":2011,"GDP_YEAR":2016,"ECONOMY":"2. Developed region: nonG7","INCOME_GRP":"1. High income: OECD","WIKIPEDIA":-99,"FIPS_10_":"EI","ISO_A2":"IE","ISO_A3":"IRL","ISO_A3_EH":"IRL","ISO_N3":"372","UN_A3":"372","WB_A2":"IE","WB_A3":"IRL","WOE_ID":23424803,"WOE_ID_EH":23424803,"WOE_NOTE":"Exact WOE match as country","ADM0_A3_IS":"IRL","ADM0_A3_US":"IRL","ADM0_A3_UN":-99,"ADM0_A3_WB":-99,"CONTINENT":"Europe","REGION_UN":"Europe","SUBREGION":"Northern Europe","REGION_WB":"Europe & Central Asia","NAME_LEN":7,"LONG_LEN":7,"ABBREV_LEN":4,"TINY":-99,"HOMEPART":1,"MIN_ZOOM":0,"MIN_LABEL":3,"MAX_LABEL":8},"geometry":{"type":"Polygon","coordinates":[[[-7.572168,55.131622],[-9.977086,51.820455]]]}},{"type":"Feature","properties":{"scalerank":1,"featurecla":"Admin-0 country","LABELRANK":2,"SOVEREIGNT":"Iran","SOV_A3":"IRN","ADM0_DIF":0,"LEVEL":2,"TYPE":"Sovereign country","ADMIN":"Iran","ADM0_A3":"IRN","GEOU_DIF":0,"GEOUNIT":"Iran","GU_A3":"IRN","SU_DIF":0,"SUBUNIT":"Iran","SU_A3":"IRN","BRK_DIFF":0,"NAME":"Iran","NAME_LONG":"Iran","BRK_A3":"IRN","BRK_NAME":"Iran","BRK_GROUP":null,"ABBREV":"Iran","POSTAL":"IRN","FORMAL_EN":"Islamic Republic of Iran","FORMAL_FR":null,"NAME_CIAWF":"Iran","NOTE_ADM0":null,"NOTE_BRK":null,"NAME_SORT":"Iran, Islamic Rep.","NAME_ALT":null,"MAPCOLOR7":4,"MAPCOLOR8":3,"MAPCOLOR9":4,"MAPCOLOR13":13,"POP_EST":82021564,"POP_RANK":16,"GDP_MD_EST":1459000,"POP_YEAR":2017,"LASTCENSUS":2006,"GDP_YEAR":2016,"ECONOMY":"5. Emerging region: G20","INCOME_GRP":"3. Upper middle income","WIKIPEDIA":-99,"FIPS_10_":"IR","ISO_A2":"IR","ISO_A3":"IRN","ISO_A3_EH":"IRN","ISO_N3":"364","UN_A3":"364","WB_A2":"IR","WB_A3":"IRN","WOE_ID":23424851,"WOE_ID_EH":23424851,"WOE_NOTE":"Exact WOE match as country","ADM0_A3_IS":"IRN","ADM0_A3_US":"IRN","ADM0_A3_UN":-99,"ADM0_A3_WB":-99,"CONTINENT":"Asia","REGION_UN":"Asia","SUBREGION":"Southern Asia","REGION_WB":"Middle East & North Africa","NAME_LEN":4,"LONG_LEN":4,"ABBREV_LEN":4,"TINY":-99,"HOMEPART":1,"MIN_ZOOM":0,"MIN_LABEL":2.5,"MAX_LABEL":6.7},"geometry":{"type":"Polygon","coordinates":[[[61.210817,35.650072],[61.781222,30.73585],[61.874187,26.239975],[54.71509,26.480658],[48.567971,29.926778],[45.64846,34.748138],[44.109225,39.428136],[48.355529,39.288765],[53.82579,36.965031],[59.234762,37.412988]]]}},{"type":"Feature","properties":{"scalerank":1,"featurecla":"Admin-0 country","LABELRANK":3,"SOVEREIGNT":"Iraq","SOV_A3":"IRQ","ADM0_DIF":0,"LEVEL":2,"TYPE":"Sovereign country","ADMIN":"Iraq","ADM0_A3":"IRQ","GEOU_DIF":0,"GEOUNIT":"Iraq","GU_A3":"IRQ","SU_DIF":0,"SUBUNIT":"Iraq","SU_A3":"IRQ","BRK_DIFF":0,"NAME":"Iraq","NAME_LONG":"Iraq","BRK_A3":"IRQ","BRK_NAME":"Iraq","BRK_GROUP":null,"ABBREV":"Iraq","POSTAL":"IRQ","FORMAL_EN":"Republic of Iraq","FORMAL_FR":null,"NAME_CIAWF":"Iraq","NOTE_ADM0":null,"NOTE_BRK":null,"NAME_SORT":"Iraq","NAME_ALT":null,"MAPCOLOR7":1,"MAPCOLOR8":4,"MAPCOLOR9":3,"MAPCOLOR13":1,"POP_EST":39192111,"POP_RANK":15,"GDP_MD_EST":596700,"POP_YEAR":2017,"LASTCENSUS":1997,"GDP_YEAR":2016,"ECONOMY":"6. Developing region","INCOME_GRP":"4. Lower middle income","WIKIPEDIA":-99,"FIPS_10_":"IZ","ISO_A2":"IQ","ISO_A3":"IRQ","ISO_A3_EH":"IRQ","ISO_N3":"368","UN_A3":"368","WB_A2":"IQ","WB_A3":"IRQ","WOE_ID":23424855,"WOE_ID_EH":23424855,"WOE_NOTE":"Exact WOE match as country","ADM0_A3_IS":"IRQ","ADM0_A3_US":"IRQ","ADM0_A3_UN":-99,"ADM0_A3_WB":-99,"CONTINENT":"Asia","REGION_UN":"Asia","SUBREGION":"Western Asia","REGION_WB":"Middle East & North Africa","NAME_LEN":4,"LONG_LEN":4,"ABBREV_LEN":4,"TINY":-99,"HOMEPART":1,"MIN_ZOOM":0,"MIN_LABEL":3,"MAX_LABEL":7.5},"geometry":{"type":"Polygon","coordinates":[[[44.772677,37.170437],[47.849204,31.709176],[44.709499,29.178891],[41.837064,36.605854]]]}},{"type":"Feature","properties":{"scalerank":1,"featurecla":"Admin-0 country","LABELRANK":3,"SOVEREIGNT":"Iceland","SOV_A3":"ISL","ADM0_DIF":0,"LEVEL":2,"TYPE":"Sovereign country","ADMIN":"Iceland","ADM0_A3":"ISL","GEOU_DIF":0,"GEOUNIT":"Iceland","GU_A3":"ISL","SU_DIF":0,"SUBUNIT":"Iceland","SU_A3":"ISL","BRK_DIFF":0,"NAME":"Iceland","NAME_LONG":"Iceland","BRK_A3":"ISL","BRK_NAME":"Iceland","BRK_GROUP":null,"ABBREV":"Iceland","POSTAL":"IS","FORMAL_EN":"Republic of Iceland","FORMAL_FR":null,"NAME_CIAWF":"Iceland","NOTE_ADM0":null,"NOTE_BRK":null,"NAME_SORT":"Iceland","NAME_ALT":null,"MAPCOLOR7":1,"MAPCOLOR8":4,"MAPCOLOR9":4,"MAPCOLOR13":9,"POP_EST":339747,"POP_RANK":10,"GDP_MD_EST":16150,"POP_YEAR":2017,"LASTCENSUS":-99,"GDP_YEAR":2016,"ECONOMY":"2. Developed region: nonG7","INCOME_GRP":"1. High income: OECD","WIKIPEDIA":-99,"FIPS_10_":"IC","ISO_A2":"IS","ISO_A3":"ISL","ISO_A3_EH":"ISL","ISO_N3":"352","UN_A3":"352","WB_A2":"IS","WB_A3":"ISL","WOE_ID":23424845,"WOE_ID_EH":23424845,"WOE_NOTE":"Exact WOE match as country","ADM0_A3_IS":"ISL","ADM0_A3_US":"ISL","ADM0_A3_UN":-99,"ADM0_A3_WB":-99,"CONTINENT":"Europe","REGION_UN":"Europe","SUBREGION":"Northern Europe","REGION_WB":"Europe & Central Asia","NAME_LEN":7,"LONG_LEN":7,"ABBREV_LEN":7,"TINY":-99,"HOMEPART":1,"MIN_ZOOM":0,"MIN_LABEL":2,"MAX_LABEL":7},"geometry":{"type":"Polygon","coordinates":[[[-14.508695,66.455892],[-21.778484,64.402116],[-19.056842,66.276601]]]}},{"type":"Feature","properties":{"scalerank":1,"featurecla":"Admin-0 country","LABELRANK":4,"SOVEREIGNT":"Israel","SOV_A3":"IS1","ADM0_DIF":1,"LEVEL":2,"TYPE":"Country","ADMIN":"Israel","ADM0_A3":"ISR","GEOU_DIF":0,"GEOUNIT":"Israel","GU_A3":"ISR","SU_DIF":0,"SUBUNIT":"Israel","SU_A3":"ISR","BRK_DIFF":0,"NAME":"Israel","NAME_LONG":"Israel","BRK_A3":"ISR","BRK_NAME":"Israel","BRK_GROUP":null,"ABBREV":"Isr.","POSTAL":"IS","FORMAL_EN":"State of Israel","FORMAL_FR":null,"NAME_CIAWF":"Israel","NOTE_ADM0":null,"NOTE_BRK":null,"NAME_SORT":"Israel","NAME_ALT":null,"MAPCOLOR7":3,"MAPCOLOR8":2,"MAPCOLOR9":5,"MAPCOLOR13":9,"POP_EST":8299706,"POP_RANK":13,"GDP_MD_EST":297000,"POP_YEAR":2017,"LASTCENSUS":2009,"GDP_YEAR":2016,"ECONOMY":"2. Developed region: nonG7","INCOME_GRP":"1. High income: OECD","WIKIPEDIA":-99,"FIPS_10_":"-99","ISO_A2":"IL","ISO_A3":"ISR","ISO_A3_EH":"ISR","ISO_N3":"376","UN_A3":"376","WB_A2":"IL","WB_A3":"ISR","WOE_ID":23424852,"WOE_ID_EH":23424852,"WOE_NOTE":"Exact WOE match as country","ADM0_A3_IS":"ISR","ADM0_A3_US":"ISR","ADM0_A3_UN":-99,"ADM0_A3_WB":-99,"CONTINENT":"Asia","REGION_UN":"Asia","SUBREGION":"Western Asia","REGION_WB":"Middle East & North Africa","NAME_LEN":6,"LONG_LEN":6,"ABBREV_LEN":4,"TINY":-99,"HOMEPART":1,"MIN_ZOOM":0,"MIN_LABEL":3,"MAX_LABEL":8},"geometry":{"type":"Polygon","coordinates":[[[34.823243,29.761081],[35.098457,33.080539],[35.545665,32.393992],[34.922603,29.501326]]]}},{"type":"Feature","properties":{"scalerank":1,"featurecla":"Admin-0 country","LABELRANK":2,"SOVEREIGNT":"Italy","SOV_A3":"ITA","ADM0_DIF":0,"LEVEL":2,"TYPE":"Sovereign country","ADMIN":"Italy","ADM0_A3":"ITA","GEOU_DIF":0,"GEOUNIT":"Italy","GU_A3":"ITA","SU_DIF":0,"SUBUNIT":"Italy","SU_A3":"ITA","BRK_DIFF":0,"NAME":"Italy","NAME_LONG":"Italy","BRK_A3":"ITA","BRK_NAME":"Italy","BRK_GROUP":null,"ABBREV":"Italy","POSTAL":"I","FORMAL_EN":"Italian Republic","FORMAL_FR":null,"NAME_CIAWF":"Italy","NOTE_ADM0":null,"NOTE_BRK":null,"NAME_SORT":"Italy","NAME_ALT":null,"MAPCOLOR7":6,"MAPCOLOR8":7,"MAPCOLOR9":8,"MAPCOLOR13":7,"POP_EST":62137802,"POP_RANK":16,"GDP_MD_EST":2221000,"POP_YEAR":2017,"LASTCENSUS":2012,"GDP_YEAR":2016,"ECONOMY":"1. Developed region: G7","INCOME_GRP":"1. High income: OECD","WIKIPEDIA":-99,"FIPS_10_":"IT","ISO_A2":"IT","ISO_A3":"ITA","ISO_A3_EH":"ITA","ISO_N3":"380","UN_A3":"380","WB_A2":"IT","WB_A3":"ITA","WOE_ID":23424853,"WOE_ID_EH":23424853,"WOE_NOTE":"Exact WOE match as country","ADM0_A3_IS":"ITA","ADM0_A3_US":"ITA","ADM0_A3_UN":-99,"ADM0_A3_WB":-99,"CONTINENT":"Europe","REGION_UN":"Europe","SUBREGION":"Southern Europe","REGION_WB":"Europe & Central Asia","NAME_LEN":5,"LONG_LEN":5,"ABBREV_LEN":5,"TINY":-99,"HOMEPART":1,"MIN_ZOOM":0,"MIN_LABEL":2,"MAX_LABEL":7},"geometry":{"type":"MultiPolygon","coordinates":[[[[10.442701,46.893546],[13.141606,45.736692],[15.926191,41.961315],[17.73838,40.277671],[15.687963,38.214593],[13.627985,41.188287],[8.428561,44.231228],[6.843593,45.991147],[10.363378,46.483571]]],[[[15.520376,38.231155],[13.741156,38.034966]]],[[[9.210012,41.209991],[8.709991,40.899984]]]]}},{"type":"Feature","properties":{"scalerank":1,"featurecla":"Admin-0 country","LABELRANK":4,"SOVEREIGNT":"Jamaica","SOV_A3":"JAM","ADM0_DIF":0,"LEVEL":2,"TYPE":"Sovereign country","ADMIN":"Jamaica","ADM0_A3":"JAM","GEOU_DIF":0,"GEOUNIT":"Jamaica","GU_A3":"JAM","SU_DIF":0,"SUBUNIT":"Jamaica","SU_A3":"JAM","BRK_DIFF":0,"NAME":"Jamaica","NAME_LONG":"Jamaica","BRK_A3":"JAM","BRK_NAME":"Jamaica","BRK_GROUP":null,"ABBREV":"Jam.","POSTAL":"J","FORMAL_EN":"Jamaica","FORMAL_FR":null,"NAME_CIAWF":"Jamaica","NOTE_ADM0":null,"NOTE_BRK":null,"NAME_SORT":"Jamaica","NAME_ALT":null,"MAPCOLOR7":1,"MAPCOLOR8":2,"MAPCOLOR9":4,"MAPCOLOR13":10,"POP_EST":2990561,"POP_RANK":12,"GDP_MD_EST":25390,"POP_YEAR":2017,"LASTCENSUS":2011,"GDP_YEAR":2016,"ECONOMY":"6. Developing region","INCOME_GRP":"3. Upper middle income","WIKIPEDIA":-99,"FIPS_10_":"JM","ISO_A2":"JM","ISO_A3":"JAM","ISO_A3_EH":"JAM","ISO_N3":"388","UN_A3":"388","WB_A2":"JM","WB_A3":"JAM","WOE_ID":23424858,"WOE_ID_EH":23424858,"WOE_NOTE":"Exact WOE match as country","ADM0_A3_IS":"JAM","ADM0_A3_US":"JAM","ADM0_A3_UN":-99,"ADM0_A3_WB":-99,"CONTINENT":"North America","REGION_UN":"Americas","SUBREGION":"Caribbean","REGION_WB":"Latin America & Caribbean","NAME_LEN":7,"LONG_LEN":7,"ABBREV_LEN":4,"TINY":-99,"HOMEPART":1,"MIN_ZOOM":0,"MIN_LABEL":4,"MAX_LABEL":9},"geometry":{"type":"Polygon","coordinates":[[[-77.569601,18.490525],[-78.217727,18.454533]]]}},{"type":"Feature","properties":{"scalerank":1,"featurecla":"Admin-0 country","LABELRANK":4,"SOVEREIGNT":"Jordan","SOV_A3":"JOR","ADM0_DIF":0,"LEVEL":2,"TYPE":"Sovereign country","ADMIN":"Jordan","ADM0_A3":"JOR","GEOU_DIF":0,"GEOUNIT":"Jordan","GU_A3":"JOR","SU_DIF":0,"SUBUNIT":"Jordan","SU_A3":"JOR","BRK_DIFF":0,"NAME":"Jordan","NAME_LONG":"Jordan","BRK_A3":"JOR","BRK_NAME":"Jordan","BRK_GROUP":null,"ABBREV":"Jord.","POSTAL":"J","FORMAL_EN":"Hashemite Kingdom of Jordan","FORMAL_FR":null,"NAME_CIAWF":"Jordan","NOTE_ADM0":null,"NOTE_BRK":null,"NAME_SORT":"Jordan","NAME_ALT":null,"MAPCOLOR7":5,"MAPCOLOR8":3,"MAPCOLOR9":4,"MAPCOLOR13":4,"POP_EST":10248069,"POP_RANK":14,"GDP_MD_EST":86190,"POP_YEAR":2017,"LASTCENSUS":2004,"GDP_YEAR":2016,"ECONOMY":"6. Developing region","INCOME_GRP":"3. Upper middle income","WIKIPEDIA":-99,"FIPS_10_":"JO","ISO_A2":"JO","ISO_A3":"JOR","ISO_A3_EH":"JOR","ISO_N3":"400","UN_A3":"400","WB_A2":"JO","WB_A3":"JOR","WOE_ID":23424860,"WOE_ID_EH":23424860,"WOE_NOTE":"Exact WOE match as country","ADM0_A3_IS":"JOR","ADM0_A3_US":"JOR","ADM0_A3_UN":-99,"ADM0_A3_WB":-99,"CONTINENT":"Asia","REGION_UN":"Asia","SUBREGION":"Western Asia","REGION_WB":"Middle East & North Africa","NAME_LEN":6,"LONG_LEN":6,"ABBREV_LEN":5,"TINY":-99,"HOMEPART":1,"MIN_ZOOM":0,"MIN_LABEL":4,"MAX_LABEL":9},"geometry":{"type":"Polygon","coordinates":[[[38.792341,33.378686],[36.501214,29.505254],[35.719918,32.709192]]]}},{"type":"Feature","properties":{"scalerank":1,"featurecla":"Admin-0 country","LABELRANK":2,"SOVEREIGNT":"Japan","SOV_A3":"JPN","ADM0_DIF":0,"LEVEL":2,"TYPE":"Sovereign country","ADMIN":"Japan","ADM0_A3":"JPN","GEOU_DIF":0,"GEOUNIT":"Japan","GU_A3":"JPN","SU_DIF":0,"SUBUNIT":"Japan","SU_A3":"JPN","BRK_DIFF":0,"NAME":"Japan","NAME_LONG":"Japan","BRK_A3":"JPN","BRK_NAME":"Japan","BRK_GROUP":null,"ABBREV":"Japan","POSTAL":"J","FORMAL_EN":"Japan","FORMAL_FR":null,"NAME_CIAWF":"Japan","NOTE_ADM0":null,"NOTE_BRK":null,"NAME_SORT":"Japan","NAME_ALT":null,"MAPCOLOR7":5,"MAPCOLOR8":3,"MAPCOLOR9":5,"MAPCOLOR13":4,"POP_EST":126451398,"POP_RANK":17,"GDP_MD_EST":4932000,"POP_YEAR":2017,"LASTCENSUS":2010,"GDP_YEAR":2016,"ECONOMY":"1. Developed region: G7","INCOME_GRP":"1. High income: OECD","WIKIPEDIA":-99,"FIPS_10_":"JA","ISO_A2":"JP","ISO_A3":"JPN","ISO_A3_EH":"JPN","ISO_N3":"392","UN_A3":"392","WB_A2":"JP","WB_A3":"JPN","WOE_ID":23424856,"WOE_ID_EH":23424856,"WOE_NOTE":"Exact WOE match as country","ADM0_A3_IS":"JPN","ADM0_A3_US":"JPN","ADM0_A3_UN":-99,"ADM0_A3_WB":-99,"CONTINENT":"Asia","REGION_UN":"Asia","SUBREGION":"Eastern Asia","REGION_WB":"East Asia & Pacific","NAME_LEN":5,"LONG_LEN":5,"ABBREV_LEN":5,"TINY":-99,"HOMEPART":1,"MIN_ZOOM":0,"MIN_LABEL":1.7,"MAX_LABEL":7},"geometry":{"type":"MultiPolygon","coordinates":[[[[134.638428,34.149234],[132.924373,34.060299]]],[[[140.976388,37.142074],[135.079435,34.596545],[130.447676,32.319475],[135.677538,35.527134],[141.368973,41.37856]]],[[[143.910162,44.1741],[139.955106,41.569556]]]]}},{"type":"Feature","properties":{"scalerank":1,"featurecla":"Admin-0 country","LABELRANK":3,"SOVEREIGNT":"Kazakhstan","SOV_A3":"KAZ","ADM0_DIF":0,"LEVEL":2,"TYPE":"Sovereign country","ADMIN":"Kazakhstan","ADM0_A3":"KAZ","GEOU_DIF":0,"GEOUNIT":"Kazakhstan","GU_A3":"KAZ","SU_DIF":0,"SUBUNIT":"Kazakhstan","SU_A3":"KAZ","BRK_DIFF":0,"NAME":"Kazakhstan","NAME_LONG":"Kazakhstan","BRK_A3":"KAZ","BRK_NAME":"Kazakhstan","BRK_GROUP":null,"ABBREV":"Kaz.","POSTAL":"KZ","FORMAL_EN":"Republic of Kazakhstan","FORMAL_FR":null,"NAME_CIAWF":"Kazakhstan","NOTE_ADM0":null,"NOTE_BRK":null,"NAME_SORT":"Kazakhstan","NAME_ALT":null,"MAPCOLOR7":6,"MAPCOLOR8":1,"MAPCOLOR9":6,"MAPCOLOR13":1,"POP_EST":18556698,"POP_RANK":14,"GDP_MD_EST":460700,"POP_YEAR":2017,"LASTCENSUS":2009,"GDP_YEAR":2016,"ECONOMY":"6. Developing region","INCOME_GRP":"3. Upper middle income","WIKIPEDIA":-99,"FIPS_10_":"KZ","ISO_A2":"KZ","ISO_A3":"KAZ","ISO_A3_EH":"KAZ","ISO_N3":"398","UN_A3":"398","WB_A2":"KZ","WB_A3":"KAZ","WOE_ID":-90,"WOE_ID_EH":23424871,"WOE_NOTE":"Includes Baykonur Cosmodrome as an admin-1","ADM0_A3_IS":"KAZ","ADM0_A3_US":"KAZ","ADM0_A3_UN":-99,"ADM0_A3_WB":-99,"CONTINENT":"Asia","REGION_UN":"Asia","SUBREGION":"Central Asia","REGION_WB":"Europe & Central Asia","NAME_LEN":10,"LONG_LEN":10,"ABBREV_LEN":4,"TINY":-99,"HOMEPART":1,"MIN_ZOOM":0,"MIN_LABEL":3,"MAX_LABEL":7},"geometry":{"type":"Polygon","coordinates":[[[87.35997,49.214981],[79.966106,44.917517],[75.636965,42.8779],[69.070027,41.384244],[64.900824,43.728081],[55.968191,41.308642],[52.501426,42.792298],[53.040876,45.259047],[48.694734,47.075628],[48.702382,50.605128],[59.932807,50.842194],[61.4366,54.00625],[73.508516,54.035617],[81.945986,50.812196]]]}},{"type":"Feature","properties":{"scalerank":1,"featurecla":"Admin-0 country","LABELRANK":2,"SOVEREIGNT":"Kenya","SOV_A3":"KEN","ADM0_DIF":0,"LEVEL":2,"TYPE":"Sovereign country","ADMIN":"Kenya","ADM0_A3":"KEN","GEOU_DIF":0,"GEOUNIT":"Kenya","GU_A3":"KEN","SU_DIF":0,"SUBUNIT":"Kenya","SU_A3":"KEN","BRK_DIFF":0,"NAME":"Kenya","NAME_LONG":"Kenya","BRK_A3":"KEN","BRK_NAME":"Kenya","BRK_GROUP":null,"ABBREV":"Ken.","POSTAL":"KE","FORMAL_EN":"Republic of Kenya","FORMAL_FR":null,"NAME_CIAWF":"Kenya","NOTE_ADM0":null,"NOTE_BRK":null,"NAME_SORT":"Kenya","NAME_ALT":null,"MAPCOLOR7":5,"MAPCOLOR8":2,"MAPCOLOR9":7,"MAPCOLOR13":3,"POP_EST":47615739,"POP_RANK":15,"GDP_MD_EST":152700,"POP_YEAR":2017,"LASTCENSUS":2009,"GDP_YEAR":2016,"ECONOMY":"5. Emerging region: G20","INCOME_GRP":"5. Low income","WIKIPEDIA":-99,"FIPS_10_":"KE","ISO_A2":"KE","ISO_A3":"KEN","ISO_A3_EH":"KEN","ISO_N3":"404","UN_A3":"404","WB_A2":"KE","WB_A3":"KEN","WOE_ID":23424863,"WOE_ID_EH":23424863,"WOE_NOTE":"Exact WOE match as country","ADM0_A3_IS":"KEN","ADM0_A3_US":"KEN","ADM0_A3_UN":-99,"ADM0_A3_WB":-99,"CONTINENT":"Africa","REGION_UN":"Africa","SUBREGION":"Eastern Africa","REGION_WB":"Sub-Saharan Africa","NAME_LEN":5,"LONG_LEN":5,"ABBREV_LEN":4,"TINY":-99,"HOMEPART":1,"MIN_ZOOM":0,"MIN_LABEL":1.7,"MAX_LABEL":6.7},"geometry":{"type":"Polygon","coordinates":[[[35.298007,5.506],[38.89251,3.50074],[41.58513,-1.68325],[37.7669,-3.67712],[34.59607,3.05374]]]}},{"type":"Feature","properties":{"scalerank":1,"featurecla":"Admin-0 country","LABELRANK":4,"SOVEREIGNT":"Kyrgyzstan","SOV_A3":"KGZ","ADM0_DIF":0,"LEVEL":2,"TYPE":"Sovereign country","ADMIN":"Kyrgyzstan","ADM0_A3":"KGZ","GEOU_DIF":0,"GEOUNIT":"Kyrgyzstan","GU_A3":"KGZ","SU_DIF":0,"SUBUNIT":"Kyrgyzstan","SU_A3":"KGZ","BRK_DIFF":0,"NAME":"Kyrgyzstan","NAME_LONG":"Kyrgyzstan","BRK_A3":"KGZ","BRK_NAME":"Kyrgyzstan","BRK_GROUP":null,"ABBREV":"Kgz.","POSTAL":"KG","FORMAL_EN":"Kyrgyz Republic","FORMAL_FR":null,"NAME_CIAWF":"Kyrgyzstan","NOTE_ADM0":null,"NOTE_BRK":null,"NAME_SORT":"Kyrgyz Republic","NAME_ALT":null,"MAPCOLOR7":5,"MAPCOLOR8":7,"MAPCOLOR9":7,"MAPCOLOR13":6,"POP_EST":5789122,"POP_RANK":13,"GDP_MD_EST":21010,"POP_YEAR":2017,"LASTCENSUS":2009,"GDP_YEAR":2016,"ECONOMY":"6. Developing region","INCOME_GRP":"5. Low income","WIKIPEDIA":-99,"FIPS_10_":"KG","ISO_A2":"KG","ISO_A3":"KGZ","ISO_A3_EH":"KGZ","ISO_N3":"417","UN_A3":"417","WB_A2":"KG","WB_A3":"KGZ","WOE_ID":23424864,"WOE_ID_EH":23424864,"WOE_NOTE":"Exact WOE match as country","ADM0_A3_IS":"KGZ","ADM0_A3_US":"KGZ","ADM0_A3_UN":-99,"ADM0_A3_WB":-99,"CONTINENT":"Asia","REGION_UN":"Asia","SUBREGION":"Central Asia","REGION_WB":"Europe & Central Asia","NAME_LEN":10,"LONG_LEN":10,"ABBREV_LEN":4,"TINY":-99,"HOMEPART":1,"MIN_ZOOM":0,"MIN_LABEL":3,"MAX_LABEL":8},"geometry":{"type":"Polygon","coordinates":[[[80.25999,42.349999],[73.822244,39.893973],[71.014198,40.244366],[71.186281,42.704293],[79.142177,42.856092]]]}},{"type":"Feature","properties":{"scalerank":1,"featurecla":"Admin-0 country","LABELRANK":3,"SOVEREIGNT":"Cambodia","SOV_A3":"KHM","ADM0_DIF":0,"LEVEL":2,"TYPE":"Sovereign country","ADMIN":"Cambodia","ADM0_A3":"KHM","GEOU_DIF":0,"GEOUNIT":"Cambodia","GU_A3":"KHM","SU_DIF":0,"SUBUNIT":"Cambodia","SU_A3":"KHM","BRK_DIFF":0,"NAME":"Cambodia","NAME_LONG":"Cambodia","BRK_A3":"KHM","BRK_NAME":"Cambodia","BRK_GROUP":null,"ABBREV":"Camb.","POSTAL":"KH","FORMAL_EN":"Kingdom of Cambodia","FORMAL_FR":null,"NAME_CIAWF":"Cambodia","NOTE_ADM0":null,"NOTE_BRK":null,"NAME_SORT":"Cambodia","NAME_ALT":null,"MAPCOLOR7":6,"MAPCOLOR8":3,"MAPCOLOR9":6,"MAPCOLOR13":5,"POP_EST":16204486,"POP_RANK":14,"GDP_MD_EST":58940,"POP_YEAR":2017,"LASTCENSUS":2008,"GDP_YEAR":2016,"ECONOMY":"7. Least developed region","INCOME_GRP":"5. Low income","WIKIPEDIA":-99,"FIPS_10_":"CB","ISO_A2":"KH","ISO_A3":"KHM","ISO_A3_EH":"KHM","ISO_N3":"116","UN_A3":"116","WB_A2":"KH","WB_A3":"KHM","WOE_ID":23424776,"WOE_ID_EH":23424776,"WOE_NOTE":"Exact WOE match as country","ADM0_A3_IS":"KHM","ADM0_A3_US":"KHM","ADM0_A3_UN":-99,"ADM0_A3_WB":-99,"CONTINENT":"Asia","REGION_UN":"Asia","SUBREGION":"South-Eastern Asia","REGION_WB":"East Asia & Pacific","NAME_LEN":8,"LONG_LEN":8,"ABBREV_LEN":5,"TINY":-99,"HOMEPART":1,"MIN_ZOOM":0,"MIN_LABEL":3,"MAX_LABEL":8},"geometry":{"type":"Polygon","coordinates":[[[102.584932,12.186595],[107.614548,13.535531],[102.584932,12.186595]]]}},{"type":"Feature","properties":{"scalerank":1,"featurecla":"Admin-0 country","LABELRANK":2,"SOVEREIGNT":"South Korea","SOV_A3":"KOR","ADM0_DIF":0,"LEVEL":2,"TYPE":"Sovereign country","ADMIN":"South Korea","ADM0_A3":"KOR","GEOU_DIF":0,"GEOUNIT":"South Korea","GU_A3":"KOR","SU_DIF":0,"SUBUNIT":"South Korea","SU_A3":"KOR","BRK_DIFF":0,"NAME":"South Korea","NAME_LONG":"Republic of Korea","BRK_A3":"KOR","BRK_NAME":"Republic of Korea","BRK_GROUP":null,"ABBREV":"S.K.","POSTAL":"KR","FORMAL_EN":"Republic of Korea","FORMAL_FR":null,"NAME_CIAWF":"Korea, South","NOTE_ADM0":null,"NOTE_BRK":null,"NAME_SORT":"Korea, Rep.","NAME_ALT":null,"MAPCOLOR7":4,"MAPCOLOR8":1,"MAPCOLOR9":1,"MAPCOLOR13":5,"POP_EST":51181299,"POP_RANK":16,"GDP_MD_EST":1929000,"POP_YEAR":2017,"LASTCENSUS":2010,"GDP_YEAR":2016,"ECONOMY":"4. Emerging region: MIKT","INCOME_GRP":"1. High income: OECD","WIKIPEDIA":-99,"FIPS_10_":"KS","ISO_A2":"KR","ISO_A3":"KOR","ISO_A3_EH":"KOR","ISO_N3":"410","UN_A3":"410","WB_A2":"KR","WB_A3":"KOR","WOE_ID":23424868,"WOE_ID_EH":23424868,"WOE_NOTE":"Exact WOE match as country","ADM0_A3_IS":"KOR","ADM0_A3_US":"KOR","ADM0_A3_UN":-99,"ADM0_A3_WB":-99,"CONTINENT":"Asia","REGION_UN":"Asia","SUBREGION":"Eastern Asia","REGION_WB":"East Asia & Pacific","NAME_LEN":11,"LONG_LEN":17,"ABBREV_LEN":4,"TINY":-99,"HOMEPART":1,"MIN_ZOOM":0,"MIN_LABEL":3,"MAX_LABEL":7},"geometry":{"type":"Polygon","coordinates":[[[128.349716,38.612243],[126.37392,34.93456],[127.780035,38.304536]]]}},{"type":"Feature","properties":{"scalerank":1,"featurecla":"Admin-0 country","LABELRANK":6,"SOVEREIGNT":"Kosovo","SOV_A3":"KOS","ADM0_DIF":0,"LEVEL":2,"TYPE":"Sovereign country","ADMIN":"Kosovo","ADM0_A3":"KOS","GEOU_DIF":0,"GEOUNIT":"Kosovo","GU_A3":"KOS","SU_DIF":0,"SUBUNIT":"Kosovo","SU_A3":"KOS","BRK_DIFF":0,"NAME":"Kosovo","NAME_LONG":"Kosovo","BRK_A3":"KOS","BRK_NAME":"Kosovo","BRK_GROUP":null,"ABBREV":"Kos.","POSTAL":"KO","FORMAL_EN":"Republic of Kosovo","FORMAL_FR":null,"NAME_CIAWF":"Kosovo","NOTE_ADM0":null,"NOTE_BRK":null,"NAME_SORT":"Kosovo","NAME_ALT":null,"MAPCOLOR7":2,"MAPCOLOR8":2,"MAPCOLOR9":3,"MAPCOLOR13":11,"POP_EST":1895250,"POP_RANK":12,"GDP_MD_EST":18490,"POP_YEAR":2017,"LASTCENSUS":1981,"GDP_YEAR":2016,"ECONOMY":"6. Developing region","INCOME_GRP":"4. Lower middle income","WIKIPEDIA":-99,"FIPS_10_":"KV","ISO_A2":"XK","ISO_A3":"-99","ISO_A3_EH":"-99","ISO_N3":"-99","UN_A3":"-099","WB_A2":"KV","WB_A3":"KSV","WOE_ID":-90,"WOE_ID_EH":29389201,"WOE_NOTE":"Subunit of Serbia in WOE still; should include 29389201, 29389207, 29389218, 29389209 and 29389214.","ADM0_A3_IS":"KOS","ADM0_A3_US":"KOS","ADM0_A3_UN":-99,"ADM0_A3_WB":-99,"CONTINENT":"Europe","REGION_UN":"Europe","SUBREGION":"Southern Europe","REGION_WB":"Europe & Central Asia","NAME_LEN":6,"LONG_LEN":6,"ABBREV_LEN":4,"TINY":-99,"HOMEPART":1,"MIN_ZOOM":0,"MIN_LABEL":5,"MAX_LABEL":10},"geometry":{"type":"Polygon","coordinates":[[[20.590247,41.855409],[20.95651,43.13094],[21.576636,42.245224]]]}},{"type":"Feature","properties":{"scalerank":1,"featurecla":"Admin-0 country","LABELRANK":6,"SOVEREIGNT":"Kuwait","SOV_A3":"KWT","ADM0_DIF":0,"LEVEL":2,"TYPE":"Sovereign country","ADMIN":"Kuwait","ADM0_A3":"KWT","GEOU_DIF":0,"GEOUNIT":"Kuwait","GU_A3":"KWT","SU_DIF":0,"SUBUNIT":"Kuwait","SU_A3":"KWT","BRK_DIFF":0,"NAME":"Kuwait","NAME_LONG":"Kuwait","BRK_A3":"KWT","BRK_NAME":"Kuwait","BRK_GROUP":null,"ABBREV":"Kwt.","POSTAL":"KW","FORMAL_EN":"State of Kuwait","FORMAL_FR":null,"NAME_CIAWF":"Kuwait","NOTE_ADM0":null,"NOTE_BRK":null,"NAME_SORT":"Kuwait","NAME_ALT":null,"MAPCOLOR7":2,"MAPCOLOR8":2,"MAPCOLOR9":2,"MAPCOLOR13":2,"POP_EST":2875422,"POP_RANK":12,"GDP_MD_EST":301100,"POP_YEAR":2017,"LASTCENSUS":2010,"GDP_YEAR":2016,"ECONOMY":"6. Developing region","INCOME_GRP":"2. High income: nonOECD","WIKIPEDIA":-99,"FIPS_10_":"KU","ISO_A2":"KW","ISO_A3":"KWT","ISO_A3_EH":"KWT","ISO_N3":"414","UN_A3":"414","WB_A2":"KW","WB_A3":"KWT","WOE_ID":23424870,"WOE_ID_EH":23424870,"WOE_NOTE":"Exact WOE match as country","ADM0_A3_IS":"KWT","ADM0_A3_US":"KWT","ADM0_A3_UN":-99,"ADM0_A3_WB":-99,"CONTINENT":"Asia","REGION_UN":"Asia","SUBREGION":"Western Asia","REGION_WB":"Middle East & North Africa","NAME_LEN":6,"LONG_LEN":6,"ABBREV_LEN":4,"TINY":-99,"HOMEPART":1,"MIN_ZOOM":0,"MIN_LABEL":5,"MAX_LABEL":10},"geometry":{"type":"Polygon","coordinates":[[[46.568713,29.099025],[46.568713,29.099025]]]}},{"type":"Feature","properties":{"scalerank":1,"featurecla":"Admin-0 country","LABELRANK":4,"SOVEREIGNT":"Laos","SOV_A3":"LAO","ADM0_DIF":0,"LEVEL":2,"TYPE":"Sovereign country","ADMIN":"Laos","ADM0_A3":"LAO","GEOU_DIF":0,"GEOUNIT":"Laos","GU_A3":"LAO","SU_DIF":0,"SUBUNIT":"Laos","SU_A3":"LAO","BRK_DIFF":0,"NAME":"Laos","NAME_LONG":"Lao PDR","BRK_A3":"LAO","BRK_NAME":"Laos","BRK_GROUP":null,"ABBREV":"Laos","POSTAL":"LA","FORMAL_EN":"Lao People's Democratic Republic","FORMAL_FR":null,"NAME_CIAWF":"Laos","NOTE_ADM0":null,"NOTE_BRK":null,"NAME_SORT":"Lao PDR","NAME_ALT":null,"MAPCOLOR7":1,"MAPCOLOR8":1,"MAPCOLOR9":1,"MAPCOLOR13":9,"POP_EST":7126706,"POP_RANK":13,"GDP_MD_EST":40960,"POP_YEAR":2017,"LASTCENSUS":2005,"GDP_YEAR":2016,"ECONOMY":"7. Least developed region","INCOME_GRP":"4. Lower middle income","WIKIPEDIA":-99,"FIPS_10_":"LA","ISO_A2":"LA","ISO_A3":"LAO","ISO_A3_EH":"LAO","ISO_N3":"418","UN_A3":"418","WB_A2":"LA","WB_A3":"LAO","WOE_ID":23424872,"WOE_ID_EH":23424872,"WOE_NOTE":"Exact WOE match as country","ADM0_A3_IS":"LAO","ADM0_A3_US":"LAO","ADM0_A3_UN":-99,"ADM0_A3_WB":-99,"CONTINENT":"Asia","REGION_UN":"Asia","SUBREGION":"South-Eastern Asia","REGION_WB":"East Asia & Pacific","NAME_LEN":4,"LONG_LEN":7,"ABBREV_LEN":4,"TINY":-99,"HOMEPART":1,"MIN_ZOOM":0,"MIN_LABEL":4,"MAX_LABEL":9},"geometry":{"type":"Polygon","coordinates":[[[101.180005,21.436573],[104.822574,19.886642],[107.382727,14.202441],[103.956477,18.240954],[100.606294,19.508344]]]}},{"type":"Feature","properties":{"scalerank":1,"featurecla":"Admin-0 country","LABELRANK":5,"SOVEREIGNT":"Lebanon","SOV_A3":"LBN","ADM0_DIF":0,"LEVEL":2,"TYPE":"Sovereign country","ADMIN":"Lebanon","ADM0_A3":"LBN","GEOU_DIF":0,"GEOUNIT":"Lebanon","GU_A3":"LBN","SU_DIF":0,"SUBUNIT":"Lebanon","SU_A3":"LBN","BRK_DIFF":0,"NAME":"Lebanon","NAME_LONG":"Lebanon","BRK_A3":"LBN","BRK_NAME":"Lebanon","BRK_GROUP":null,"ABBREV":"Leb.","POSTAL":"LB","FORMAL_EN":"Lebanese Republic","FORMAL_FR":null,"NAME_CIAWF":"Lebanon","NOTE_ADM0":null,"NOTE_BRK":null,"NAME_SORT":"Lebanon","NAME_ALT":null,"MAPCOLOR7":4,"MAPCOLOR8":4,"MAPCOLOR9":4,"MAPCOLOR13":12,"POP_EST":6229794,"POP_RANK":13,"GDP_MD_EST":85160,"POP_YEAR":2017,"LASTCENSUS":1970,"GDP_YEAR":2016,"ECONOMY":"6. Developing region","INCOME_GRP":"3. Upper middle income","WIKIPEDIA":-99,"FIPS_10_":"LE","ISO_A2":"LB","ISO_A3":"LBN","ISO_A3_EH":"LBN","ISO_N3":"422","UN_A3":"422","WB_A2":"LB","WB_A3":"LBN","WOE_ID":23424873,"WOE_ID_EH":23424873,"WOE_NOTE":"Exact WOE match as country","ADM0_A3_IS":"LBN","ADM0_A3_US":"LBN","ADM0_A3_UN":-99,"ADM0_A3_WB":-99,"CONTINENT":"Asia","REGION_UN":"Asia","SUBREGION":"Western Asia","REGION_WB":"Middle East & North Africa","NAME_LEN":7,"LONG_LEN":7,"ABBREV_LEN":4,"TINY":4,"HOMEPART":1,"MIN_ZOOM":0,"MIN_LABEL":4,"MAX_LABEL":9},"geometry":{"type":"Polygon","coordinates":[[[35.821101,33.277426],[36.61175,34.201789]]]}},{"type":"Feature","properties":{"scalerank":1,"featurecla":"Admin-0 country","LABELRANK":4,"SOVEREIGNT":"Liberia","SOV_A3":"LBR","ADM0_DIF":0,"LEVEL":2,"TYPE":"Sovereign country","ADMIN":"Liberia","ADM0_A3":"LBR","GEOU_DIF":0,"GEOUNIT":"Liberia","GU_A3":"LBR","SU_DIF":0,"SUBUNIT":"Liberia","SU_A3":"LBR","BRK_DIFF":0,"NAME":"Liberia","NAME_LONG":"Liberia","BRK_A3":"LBR","BRK_NAME":"Liberia","BRK_GROUP":null,"ABBREV":"Liberia","POSTAL":"LR","FORMAL_EN":"Republic of Liberia","FORMAL_FR":null,"NAME_CIAWF":"Liberia","NOTE_ADM0":null,"NOTE_BRK":null,"NAME_SORT":"Liberia","NAME_ALT":null,"MAPCOLOR7":2,"MAPCOLOR8":3,"MAPCOLOR9":4,"MAPCOLOR13":9,"POP_EST":4689021,"POP_RANK":12,"GDP_MD_EST":3881,"POP_YEAR":2017,"LASTCENSUS":2008,"GDP_YEAR":2016,"ECONOMY":"7. Least developed region","INCOME_GRP":"5. Low income","WIKIPEDIA":-99,"FIPS_10_":"LI","ISO_A2":"LR","ISO_A3":"LBR","ISO_A3_EH":"LBR","ISO_N3":"430","UN_A3":"430","WB_A2":"LR","WB_A3":"LBR","WOE_ID":23424876,"WOE_ID_EH":23424876,"WOE_NOTE":"Exact WOE match as country","ADM0_A3_IS":"LBR","ADM0_A3_US":"LBR","ADM0_A3_UN":-99,"ADM0_A3_WB":-99,"CONTINENT":"Africa","REGION_UN":"Africa","SUBREGION":"Western Africa","REGION_WB":"Sub-Saharan Africa","NAME_LEN":7,"LONG_LEN":7,"ABBREV_LEN":7,"TINY":-99,"HOMEPART":1,"MIN_ZOOM":0,"MIN_LABEL":4,"MAX_LABEL":9},"geometry":{"type":"Polygon","coordinates":[[[-8.439298,7.686043],[-7.635368,5.188159],[-11.146704,7.396706],[-8.926065,7.309037]]]}},{"type":"Feature","properties":{"scalerank":1,"featurecla":"Admin-0 country","LABELRANK":3,"SOVEREIGNT":"Libya","SOV_A3":"LBY","ADM0_DIF":0,"LEVEL":2,"TYPE":"Sovereign country","ADMIN":"Libya","ADM0_A3":"LBY","GEOU_DIF":0,"GEOUNIT":"Libya","GU_A3":"LBY","SU_DIF":0,"SUBUNIT":"Libya","SU_A3":"LBY","BRK_DIFF":0,"NAME":"Libya","NAME_LONG":"Libya","BRK_A3":"LBY","BRK_NAME":"Libya","BRK_GROUP":null,"ABBREV":"Libya","POSTAL":"LY","FORMAL_EN":"Libya","FORMAL_FR":null,"NAME_CIAWF":"Libya","NOTE_ADM0":null,"NOTE_BRK":null,"NAME_SORT":"Libya","NAME_ALT":null,"MAPCOLOR7":1,"MAPCOLOR8":2,"MAPCOLOR9":2,"MAPCOLOR13":11,"POP_EST":6653210,"POP_RANK":13,"GDP_MD_EST":90890,"POP_YEAR":2017,"LASTCENSUS":2006,"GDP_YEAR":2016,"ECONOMY":"6. Developing region","INCOME_GRP":"3. Upper middle income","WIKIPEDIA":-99,"FIPS_10_":"LY","ISO_A2":"LY","ISO_A3":"LBY","ISO_A3_EH":"LBY","ISO_N3":"434","UN_A3":"434","WB_A2":"LY","WB_A3":"LBY","WOE_ID":23424882,"WOE_ID_EH":23424882,"WOE_NOTE":"Exact WOE match as country","ADM0_A3_IS":"LBY","ADM0_A3_US":"LBY","ADM0_A3_UN":-99,"ADM0_A3_WB":-99,"CONTINENT":"Africa","REGION_UN":"Africa","SUBREGION":"Northern Africa","REGION_WB":"Middle East & North Africa","NAME_LEN":5,"LONG_LEN":5,"ABBREV_LEN":5,"TINY":-99,"HOMEPART":1,"MIN_ZOOM":0,"MIN_LABEL":3,"MAX_LABEL":8},"geometry":{"type":"Polygon","coordinates":[[[11.999506,23.471668],[9.629056,27.140953],[9.950225,31.37607],[15.24563,32.26508],[20.13397,32.2382],[25.16482,31.56915],[23.85,20]]]}},{"type":"Feature","properties":{"scalerank":1,"featurecla":"Admin-0 country","LABELRANK":3,"SOVEREIGNT":"Sri Lanka","SOV_A3":"LKA","ADM0_DIF":0,"LEVEL":2,"TYPE":"Sovereign country","ADMIN":"Sri Lanka","ADM0_A3":"LKA","GEOU_DIF":0,"GEOUNIT":"Sri Lanka","GU_A3":"LKA","SU_DIF":0,"SUBUNIT":"Sri Lanka","SU_A3":"LKA","BRK_DIFF":0,"NAME":"Sri Lanka","NAME_LONG":"Sri Lanka","BRK_A3":"LKA","BRK_NAME":"Sri Lanka","BRK_GROUP":null,"ABBREV":"Sri L.","POSTAL":"LK","FORMAL_EN":"Democratic Socialist Republic of Sri Lanka","FORMAL_FR":null,"NAME_CIAWF":"Sri Lanka","NOTE_ADM0":null,"NOTE_BRK":null,"NAME_SORT":"Sri Lanka","NAME_ALT":null,"MAPCOLOR7":3,"MAPCOLOR8":5,"MAPCOLOR9":4,"MAPCOLOR13":9,"POP_EST":22409381,"POP_RANK":15,"GDP_MD_EST":236700,"POP_YEAR":2017,"LASTCENSUS":2001,"GDP_YEAR":2016,"ECONOMY":"6. Developing region","INCOME_GRP":"4. Lower middle income","WIKIPEDIA":-99,"FIPS_10_":"CE","ISO_A2":"LK","ISO_A3":"LKA","ISO_A3_EH":"LKA","ISO_N3":"144","UN_A3":"144","WB_A2":"LK","WB_A3":"LKA","WOE_ID":23424778,"WOE_ID_EH":23424778,"WOE_NOTE":"Exact WOE match as country","ADM0_A3_IS":"LKA","ADM0_A3_US":"LKA","ADM0_A3_UN":-99,"ADM0_A3_WB":-99,"CONTINENT":"Asia","REGION_UN":"Asia","SUBREGION":"Southern Asia","REGION_WB":"South Asia","NAME_LEN":9,"LONG_LEN":9,"ABBREV_LEN":6,"TINY":-99,"HOMEPART":1,"MIN_ZOOM":0,"MIN_LABEL":3,"MAX_LABEL":8},"geometry":{"type":"Polygon","coordinates":[[[81.787959,7.523055],[81.304319,8.564206]]]}},{"type":"Feature","properties":{"scalerank":1,"featurecla":"Admin-0 country","LABELRANK":6,"SOVEREIGNT":"Lesotho","SOV_A3":"LSO","ADM0_DIF":0,"LEVEL":2,"TYPE":"Sovereign country","ADMIN":"Lesotho","ADM0_A3":"LSO","GEOU_DIF":0,"GEOUNIT":"Lesotho","GU_A3":"LSO","SU_DIF":0,"SUBUNIT":"Lesotho","SU_A3":"LSO","BRK_DIFF":0,"NAME":"Lesotho","NAME_LONG":"Lesotho","BRK_A3":"LSO","BRK_NAME":"Lesotho","BRK_GROUP":null,"ABBREV":"Les.","POSTAL":"LS","FORMAL_EN":"Kingdom of Lesotho","FORMAL_FR":null,"NAME_CIAWF":"Lesotho","NOTE_ADM0":null,"NOTE_BRK":null,"NAME_SORT":"Lesotho","NAME_ALT":null,"MAPCOLOR7":1,"MAPCOLOR8":5,"MAPCOLOR9":2,"MAPCOLOR13":8,"POP_EST":1958042,"POP_RANK":12,"GDP_MD_EST":6019,"POP_YEAR":2017,"LASTCENSUS":2006,"GDP_YEAR":2016,"ECONOMY":"7. Least developed region","INCOME_GRP":"4. Lower middle income","WIKIPEDIA":-99,"FIPS_10_":"LT","ISO_A2":"LS","ISO_A3":"LSO","ISO_A3_EH":"LSO","ISO_N3":"426","UN_A3":"426","WB_A2":"LS","WB_A3":"LSO","WOE_ID":23424880,"WOE_ID_EH":23424880,"WOE_NOTE":"Exact WOE match as country","ADM0_A3_IS":"LSO","ADM0_A3_US":"LSO","ADM0_A3_UN":-99,"ADM0_A3_WB":-99,"CONTINENT":"Africa","REGION_UN":"Africa","SUBREGION":"Southern Africa","REGION_WB":"Sub-Saharan Africa","NAME_LEN":7,"LONG_LEN":7,"ABBREV_LEN":4,"TINY":-99,"HOMEPART":1,"MIN_ZOOM":0,"MIN_LABEL":4,"MAX_LABEL":9},"geometry":{"type":"Polygon","coordinates":[[[28.978263,-28.955597],[27.532511,-29.242711]]]}},{"type":"Feature","properties":{"scalerank":1,"featurecla":"Admin-0 country","LABELRANK":5,"SOVEREIGNT":"Lithuania","SOV_A3":"LTU","ADM0_DIF":0,"LEVEL":2,"TYPE":"Sovereign country","ADMIN":"Lithuania","ADM0_A3":"LTU","GEOU_DIF":0,"GEOUNIT":"Lithuania","GU_A3":"LTU","SU_DIF":0,"SUBUNIT":"Lithuania","SU_A3":"LTU","BRK_DIFF":0,"NAME":"Lithuania","NAME_LONG":"Lithuania","BRK_A3":"LTU","BRK_NAME":"Lithuania","BRK_GROUP":null,"ABBREV":"Lith.","POSTAL":"LT","FORMAL_EN":"Republic of Lithuania","FORMAL_FR":null,"NAME_CIAWF":"Lithuania","NOTE_ADM0":null,"NOTE_BRK":null,"NAME_SORT":"Lithuania","NAME_ALT":null,"MAPCOLOR7":6,"MAPCOLOR8":3,"MAPCOLOR9":3,"MAPCOLOR13":9,"POP_EST":2823859,"POP_RANK":12,"GDP_MD_EST":85620,"POP_YEAR":2017,"LASTCENSUS":2011,"GDP_YEAR":2016,"ECONOMY":"2. Developed region: nonG7","INCOME_GRP":"3. Upper middle income","WIKIPEDIA":-99,"FIPS_10_":"LH","ISO_A2":"LT","ISO_A3":"LTU","ISO_A3_EH":"LTU","ISO_N3":"440","UN_A3":"440","WB_A2":"LT","WB_A3":"LTU","WOE_ID":23424875,"WOE_ID_EH":23424875,"WOE_NOTE":"Exact WOE match as country","ADM0_A3_IS":"LTU","ADM0_A3_US":"LTU","ADM0_A3_UN":-99,"ADM0_A3_WB":-99,"CONTINENT":"Europe","REGION_UN":"Europe","SUBREGION":"Northern Europe","REGION_WB":"Europe & Central Asia","NAME_LEN":9,"LONG_LEN":9,"ABBREV_LEN":5,"TINY":-99,"HOMEPART":1,"MIN_ZOOM":0,"MIN_LABEL":4,"MAX_LABEL":9},"geometry":{"type":"Polygon","coordinates":[[[26.494331,55.615107],[22.651052,54.582741],[25.000934,56.164531]]]}},{"type":"Feature","properties":{"scalerank":1,"featurecla":"Admin-0 country","LABELRANK":6,"SOVEREIGNT":"Luxembourg","SOV_A3":"LUX","ADM0_DIF":0,"LEVEL":2,"TYPE":"Sovereign country","ADMIN":"Luxembourg","ADM0_A3":"LUX","GEOU_DIF":0,"GEOUNIT":"Luxembourg","GU_A3":"LUX","SU_DIF":0,"SUBUNIT":"Luxembourg","SU_A3":"LUX","BRK_DIFF":0,"NAME":"Luxembourg","NAME_LONG":"Luxembourg","BRK_A3":"LUX","BRK_NAME":"Luxembourg","BRK_GROUP":null,"ABBREV":"Lux.","POSTAL":"L","FORMAL_EN":"Grand Duchy of Luxembourg","FORMAL_FR":null,"NAME_CIAWF":"Luxembourg","NOTE_ADM0":null,"NOTE_BRK":null,"NAME_SORT":"Luxembourg","NAME_ALT":null,"MAPCOLOR7":1,"MAPCOLOR8":7,"MAPCOLOR9":3,"MAPCOLOR13":7,"POP_EST":594130,"POP_RANK":11,"GDP_MD_EST":58740,"POP_YEAR":2017,"LASTCENSUS":2011,"GDP_YEAR":2016,"ECONOMY":"2. Developed region: nonG7","INCOME_GRP":"1. High income: OECD","WIKIPEDIA":-99,"FIPS_10_":"LU","ISO_A2":"LU","ISO_A3":"LUX","ISO_A3_EH":"LUX","ISO_N3":"442","UN_A3":"442","WB_A2":"LU","WB_A3":"LUX","WOE_ID":23424881,"WOE_ID_EH":23424881,"WOE_NOTE":"Exact WOE match as country","ADM0_A3_IS":"LUX","ADM0_A3_US":"LUX","ADM0_A3_UN":-99,"ADM0_A3_WB":-99,"CONTINENT":"Europe","REGION_UN":"Europe","SUBREGION":"Western Europe","REGION_WB":"Europe & Central Asia","NAME_LEN":10,"LONG_LEN":10,"ABBREV_LEN":4,"TINY":5,"HOMEPART":1,"MIN_ZOOM":0,"MIN_LABEL":5.7,"MAX_LABEL":10},"geometry":{"type":"Polygon","coordinates":[[[5.674052,49.529484]]]}},{"type":"Feature","properties":{"scalerank":1,"featurecla":"Admin-0 country","LABELRANK":5,"SOVEREIGNT":"Latvia","SOV_A3":"LVA","ADM0_DIF":0,"LEVEL":2,"TYPE":"Sovereign country","ADMIN":"Latvia","ADM0_A3":"LVA","GEOU_DIF":0,"GEOUNIT":"Latvia","GU_A3":"LVA","SU_DIF":0,"SUBUNIT":"Latvia","SU_A3":"LVA","BRK_DIFF":0,"NAME":"Latvia","NAME_LONG":"Latvia","BRK_A3":"LVA","BRK_NAME":"Latvia","BRK_GROUP":null,"ABBREV":"Lat.","POSTAL":"LV","FORMAL_EN":"Republic of Latvia","FORMAL_FR":null,"NAME_CIAWF":"Latvia","NOTE_ADM0":null,"NOTE_BRK":null,"NAME_SORT":"Latvia","NAME_ALT":null,"MAPCOLOR7":4,"MAPCOLOR8":7,"MAPCOLOR9":6,"MAPCOLOR13":13,"POP_EST":1944643,"POP_RANK":12,"GDP_MD_EST":50650,"POP_YEAR":2017,"LASTCENSUS":2011,"GDP_YEAR":2016,"ECONOMY":"2. Developed region: nonG7","INCOME_GRP":"3. Upper middle income","WIKIPEDIA":-99,"FIPS_10_":"LG","ISO_A2":"LV","ISO_A3":"LVA","ISO_A3_EH":"LVA","ISO_N3":"428","UN_A3":"428","WB_A2":"LV","WB_A3":"LVA","WOE_ID":23424874,"WOE_ID_EH":23424874,"WOE_NOTE":"Exact WOE match as country","ADM0_A3_IS":"LVA","ADM0_A3_US":"LVA","ADM0_A3_UN":-99,"ADM0_A3_WB":-99,"CONTINENT":"Europe","REGION_UN":"Europe","SUBREGION":"Northern Europe","REGION_WB":"Europe & Central Asia","NAME_LEN":6,"LONG_LEN":6,"ABBREV_LEN":4,"TINY":-99,"HOMEPART":1,"MIN_ZOOM":0,"MIN_LABEL":4,"MAX_LABEL":9},"geometry":{"type":"Polygon","coordinates":[[[28.176709,56.16913],[21.0558,56.031076],[25.60281,57.847529]]]}},{"type":"Feature","properties":{"scalerank":1,"featurecla":"Admin-0 country","LABELRANK":3,"SOVEREIGNT":"Morocco","SOV_A3":"MAR","ADM0_DIF":0,"LEVEL":2,"TYPE":"Sovereign country","ADMIN":"Morocco","ADM0_A3":"MAR","GEOU_DIF":0,"GEOUNIT":"Morocco","GU_A3":"MAR","SU_DIF":0,"SUBUNIT":"Morocco","SU_A3":"MAR","BRK_DIFF":0,"NAME":"Morocco","NAME_LONG":"Morocco","BRK_A3":"MAR","BRK_NAME":"Morocco","BRK_GROUP":null,"ABBREV":"Mor.","POSTAL":"MA","FORMAL_EN":"Kingdom of Morocco","FORMAL_FR":null,"NAME_CIAWF":"Morocco","NOTE_ADM0":null,"NOTE_BRK":null,"NAME_SORT":"Morocco","NAME_ALT":null,"MAPCOLOR7":2,"MAPCOLOR8":2,"MAPCOLOR9":3,"MAPCOLOR13":9,"POP_EST":33986655,"POP_RANK":15,"GDP_MD_EST":282800,"POP_YEAR":2017,"LASTCENSUS":2004,"GDP_YEAR":2016,"ECONOMY":"6. Developing region","INCOME_GRP":"4. Lower middle income","WIKIPEDIA":-99,"FIPS_10_":"MO","ISO_A2":"MA","ISO_A3":"MAR","ISO_A3_EH":"MAR","ISO_N3":"504","UN_A3":"504","WB_A2":"MA","WB_A3":"MAR","WOE_ID":23424893,"WOE_ID_EH":23424893,"WOE_NOTE":"Exact WOE match as country","ADM0_A3_IS":"MAR","ADM0_A3_US":"MAR","ADM0_A3_UN":-99,"ADM0_A3_WB":-99,"CONTINENT":"Africa","REGION_UN":"Africa","SUBREGION":"Northern Africa","REGION_WB":"Middle East & North Africa","NAME_LEN":7,"LONG_LEN":7,"ABBREV_LEN":4,"TINY":-99,"HOMEPART":1,"MIN_ZOOM":0,"MIN_LABEL":3,"MAX_LABEL":8},"geometry":{"type":"Polygon","coordinates":[[[-2.169914,35.168396],[-3.647498,31.637294],[-8.817828,27.656426],[-12.030759,26.030866],[-16.973248,21.885745],[-14.800926,25.636265],[-10.399592,29.098586],[-6.244342,35.145865]]]}},{"type":"Feature","properties":{"scalerank":1,"featurecla":"Admin-0 country","LABELRANK":6,"SOVEREIGNT":"Moldova","SOV_A3":"MDA","ADM0_DIF":0,"LEVEL":2,"TYPE":"Sovereign country","ADMIN":"Moldova","ADM0_A3":"MDA","GEOU_DIF":0,"GEOUNIT":"Moldova","GU_A3":"MDA","SU_DIF":0,"SUBUNIT":"Moldova","SU_A3":"MDA","BRK_DIFF":0,"NAME":"Moldova","NAME_LONG":"Moldova","BRK_A3":"MDA","BRK_NAME":"Moldova","BRK_GROUP":null,"ABBREV":"Mda.","POSTAL":"MD","FORMAL_EN":"Republic of Moldova","FORMAL_FR":null,"NAME_CIAWF":"Moldova","NOTE_ADM0":null,"NOTE_BRK":null,"NAME_SORT":"Moldova","NAME_ALT":null,"MAPCOLOR7":3,"MAPCOLOR8":5,"MAPCOLOR9":4,"MAPCOLOR13":12,"POP_EST":3474121,"POP_RANK":12,"GDP_MD_EST":18540,"POP_YEAR":2017,"LASTCENSUS":2004,"GDP_YEAR":2016,"ECONOMY":"6. Developing region","INCOME_GRP":"4. Lower middle income","WIKIPEDIA":-99,"FIPS_10_":"MD","ISO_A2":"MD","ISO_A3":"MDA","ISO_A3_EH":"MDA","ISO_N3":"498","UN_A3":"498","WB_A2":"MD","WB_A3":"MDA","WOE_ID":23424885,"WOE_ID_EH":23424885,"WOE_NOTE":"Exact WOE match as country","ADM0_A3_IS":"MDA","ADM0_A3_US":"MDA","ADM0_A3_UN":-99,"ADM0_A3_WB":-99,"CONTINENT":"Europe","REGION_UN":"Europe","SUBREGION":"Eastern Europe","REGION_WB":"Europe & Central Asia","NAME_LEN":7,"LONG_LEN":7,"ABBREV_LEN":4,"TINY":-99,"HOMEPART":1,"MIN_ZOOM":0,"MIN_LABEL":5,"MAX_LABEL":10},"geometry":{"type":"Polygon","coordinates":[[[26.619337,48.220726],[29.559674,46.928583],[28.933717,46.25883],[27.233873,47.826771]]]}},{"type":"Feature","properties":{"scalerank":1,"featurecla":"Admin-0 country","LABELRANK":3,"SOVEREIGNT":"Madagascar","SOV_A3":"MDG","ADM0_DIF":0,"LEVEL":2,"TYPE":"Sovereign country","ADMIN":"Madagascar","ADM0_A3":"MDG","GEOU_DIF":0,"GEOUNIT":"Madagascar","GU_A3":"MDG","SU_DIF":0,"SUBUNIT":"Madagascar","SU_A3":"MDG","BRK_DIFF":0,"NAME":"Madagascar","NAME_LONG":"Madagascar","BRK_A3":"MDG","BRK_NAME":"Madagascar","BRK_GROUP":null,"ABBREV":"Mad.","POSTAL":"MG","FORMAL_EN":"Republic of Madagascar","FORMAL_FR":null,"NAME_CIAWF":"Madagascar","NOTE_ADM0":null,"NOTE_BRK":null,"NAME_SORT":"Madagascar","NAME_ALT":null,"MAPCOLOR7":6,"MAPCOLOR8":5,"MAPCOLOR9":2,"MAPCOLOR13":3,"POP_EST":25054161,"POP_RANK":15,"GDP_MD_EST":36860,"POP_YEAR":2017,"LASTCENSUS":1993,"GDP_YEAR":2016,"ECONOMY":"7. Least developed region","INCOME_GRP":"5. Low income","WIKIPEDIA":-99,"FIPS_10_":"MA","ISO_A2":"MG","ISO_A3":"MDG","ISO_A3_EH":"MDG","ISO_N3":"450","UN_A3":"450","WB_A2":"MG","WB_A3":"MDG","WOE_ID":23424883,"WOE_ID_EH":23424883,"WOE_NOTE":"Exact WOE match as country","ADM0_A3_IS":"MDG","ADM0_A3_US":"MDG","ADM0_A3_UN":-99,"ADM0_A3_WB":-99,"CONTINENT":"Africa","REGION_UN":"Africa","SUBREGION":"Eastern Africa","REGION_WB":"Sub-Saharan Africa","NAME_LEN":10,"LONG_LEN":10,"ABBREV_LEN":4,"TINY":-99,"HOMEPART":1,"MIN_ZOOM":0,"MIN_LABEL":3,"MAX_LABEL":7},"geometry":{"type":"Polygon","coordinates":[[[49.543519,-12.469833],[49.672607,-15.710204],[47.547723,-23.781959],[43.345654,-22.776904],[44.042976,-18.331387],[46.882183,-15.210182],[49.543519,-12.469833]]]}},{"type":"Feature","properties":{"scalerank":1,"featurecla":"Admin-0 country","LABELRANK":2,"SOVEREIGNT":"Mexico","SOV_A3":"MEX","ADM0_DIF":0,"LEVEL":2,"TYPE":"Sovereign country","ADMIN":"Mexico","ADM0_A3":"MEX","GEOU_DIF":0,"GEOUNIT":"Mexico","GU_A3":"MEX","SU_DIF":0,"SUBUNIT":"Mexico","SU_A3":"MEX","BRK_DIFF":0,"NAME":"Mexico","NAME_LONG":"Mexico","BRK_A3":"MEX","BRK_NAME":"Mexico","BRK_GROUP":null,"ABBREV":"Mex.","POSTAL":"MX","FORMAL_EN":"United Mexican States","FORMAL_FR":null,"NAME_CIAWF":"Mexico","NOTE_ADM0":null,"NOTE_BRK":null,"NAME_SORT":"Mexico","NAME_ALT":null,"MAPCOLOR7":6,"MAPCOLOR8":1,"MAPCOLOR9":7,"MAPCOLOR13":3,"POP_EST":124574795,"POP_RANK":17,"GDP_MD_EST":2307000,"POP_YEAR":2017,"LASTCENSUS":2010,"GDP_YEAR":2016,"ECONOMY":"4. Emerging region: MIKT","INCOME_GRP":"3. Upper middle income","WIKIPEDIA":-99,"FIPS_10_":"MX","ISO_A2":"MX","ISO_A3":"MEX","ISO_A3_EH":"MEX","ISO_N3":"484","UN_A3":"484","WB_A2":"MX","WB_A3":"MEX","WOE_ID":23424900,"WOE_ID_EH":23424900,"WOE_NOTE":"Exact WOE match as country","ADM0_A3_IS":"MEX","ADM0_A3_US":"MEX","ADM0_A3_UN":-99,"ADM0_A3_WB":-99,"CONTINENT":"North America","REGION_UN":"Americas","SUBREGION":"Central America","REGION_WB":"Latin America & Caribbean","NAME_LEN":6,"LONG_LEN":6,"ABBREV_LEN":4,"TINY":-99,"HOMEPART":1,"MIN_ZOOM":0,"MIN_LABEL":2,"MAX_LABEL":6.7},"geometry":{"type":"Polygon","coordinates":[[[-88.300031,18.499982],[-91.002269,17.254658],[-92.229249,15.251447],[-96.053382,15.752088],[-101.918528,17.91609],[-105.500661,20.816895],[-108.401905,25.172314],[-111.759607,28.467953],[-114.776451,31.799532],[-113.140039,28.411289],[-110.710007,24.826004],[-110.295071,23.430973],[-113.59673,26.63946],[-114.931842,29.279479],[-114.815,32.52528],[-105.63159,31.08383],[-100.9576,29.38071],[-97.140008,25.869997],[-96.525576,19.890931],[-91.407903,18.876083],[-87.05189,21.543543],[-88.090664,18.516648]]]}},{"type":"Feature","properties":{"scalerank":1,"featurecla":"Admin-0 country","LABELRANK":6,"SOVEREIGNT":"Macedonia","SOV_A3":"MKD","ADM0_DIF":0,"LEVEL":2,"TYPE":"Sovereign country","ADMIN":"Macedonia","ADM0_A3":"MKD","GEOU_DIF":0,"GEOUNIT":"Macedonia","GU_A3":"MKD","SU_DIF":0,"SUBUNIT":"Macedonia","SU_A3":"MKD","BRK_DIFF":0,"NAME":"Macedonia","NAME_LONG":"Macedonia","BRK_A3":"MKD","BRK_NAME":"Macedonia","BRK_GROUP":null,"ABBREV":"Mkd.","POSTAL":"MK","FORMAL_EN":"Former Yugoslav Republic of Macedonia","FORMAL_FR":null,"NAME_CIAWF":"Macedonia","NOTE_ADM0":null,"NOTE_BRK":null,"NAME_SORT":"Macedonia, FYR","NAME_ALT":null,"MAPCOLOR7":5,"MAPCOLOR8":3,"MAPCOLOR9":7,"MAPCOLOR13":3,"POP_EST":2103721,"POP_RANK":12,"GDP_MD_EST":29520,"POP_YEAR":2017,"LASTCENSUS":2010,"GDP_YEAR":2016,"ECONOMY":"6. Developing region","INCOME_GRP":"3. Upper middle income","WIKIPEDIA":-99,"FIPS_10_":"MK","ISO_A2":"MK","ISO_A3":"MKD","ISO_A3_EH":"MKD","ISO_N3":"807","UN_A3":"807","WB_A2":"MK","WB_A3":"MKD","WOE_ID":23424890,"WOE_ID_EH":23424890,"WOE_NOTE":"Exact WOE match as country","ADM0_A3_IS":"MKD","ADM0_A3_US":"MKD","ADM0_A3_UN":-99,"ADM0_A3_WB":-99,"CONTINENT":"Europe","REGION_UN":"Europe","SUBREGION":"Southern Europe","REGION_WB":"Europe & Central Asia","NAME_LEN":9,"LONG_LEN":9,"ABBREV_LEN":4,"TINY":-99,"HOMEPART":1,"MIN_ZOOM":0,"MIN_LABEL":5,"MAX_LABEL":10},"geometry":{"type":"Polygon","coordinates":[[[21.02004,40.842727],[21.576636,42.245224],[21.674161,40.931275]]]}},{"type":"Feature","properties":{"scalerank":1,"featurecla":"Admin-0 country","LABELRANK":3,"SOVEREIGNT":"Mali","SOV_A3":"MLI","ADM0_DIF":0,"LEVEL":2,"TYPE":"Sovereign country","ADMIN":"Mali","ADM0_A3":"MLI","GEOU_DIF":0,"GEOUNIT":"Mali","GU_A3":"MLI","SU_DIF":0,"SUBUNIT":"Mali","SU_A3":"MLI","BRK_DIFF":0,"NAME":"Mali","NAME_LONG":"Mali","BRK_A3":"MLI","BRK_NAME":"Mali","BRK_GROUP":null,"ABBREV":"Mali","POSTAL":"ML","FORMAL_EN":"Republic of Mali","FORMAL_FR":null,"NAME_CIAWF":"Mali","NOTE_ADM0":null,"NOTE_BRK":null,"NAME_SORT":"Mali","NAME_ALT":null,"MAPCOLOR7":1,"MAPCOLOR8":4,"MAPCOLOR9":1,"MAPCOLOR13":7,"POP_EST":17885245,"POP_RANK":14,"GDP_MD_EST":38090,"POP_YEAR":2017,"LASTCENSUS":2009,"GDP_YEAR":2016,"ECONOMY":"7. Least developed region","INCOME_GRP":"5. Low income","WIKIPEDIA":-99,"FIPS_10_":"ML","ISO_A2":"ML","ISO_A3":"MLI","ISO_A3_EH":"MLI","ISO_N3":"466","UN_A3":"466","WB_A2":"ML","WB_A3":"MLI","WOE_ID":23424891,"WOE_ID_EH":23424891,"WOE_NOTE":"Exact WOE match as country","ADM0_A3_IS":"MLI","ADM0_A3_US":"MLI","ADM0_A3_UN":-99,"ADM0_A3_WB":-99,"CONTINENT":"Africa","REGION_UN":"Africa","SUBREGION":"Western Africa","REGION_WB":"Sub-Saharan Africa","NAME_LEN":4,"LONG_LEN":4,"ABBREV_LEN":4,"TINY":-99,"HOMEPART":1,"MIN_ZOOM":0,"MIN_LABEL":3,"MAX_LABEL":7},"geometry":{"type":"Polygon","coordinates":[[[0.374892,14.928908],[-3.522803,13.337662],[-5.816926,10.222555],[-8.029944,10.206535],[-8.905265,12.088358],[-11.036556,12.211245],[-12.17075,14.616834],[-5.537744,15.50169],[2.060991,20.142233],[2.749993,15.409525]]]}},{"type":"Feature","properties":{"scalerank":1,"featurecla":"Admin-0 country","LABELRANK":3,"SOVEREIGNT":"Myanmar","SOV_A3":"MMR","ADM0_DIF":0,"LEVEL":2,"TYPE":"Sovereign country","ADMIN":"Myanmar","ADM0_A3":"MMR","GEOU_DIF":0,"GEOUNIT":"Myanmar","GU_A3":"MMR","SU_DIF":0,"SUBUNIT":"Myanmar","SU_A3":"MMR","BRK_DIFF":0,"NAME":"Myanmar","NAME_LONG":"Myanmar","BRK_A3":"MMR","BRK_NAME":"Myanmar","BRK_GROUP":null,"ABBREV":"Myan.","POSTAL":"MM","FORMAL_EN":"Republic of the Union of Myanmar","FORMAL_FR":null,"NAME_CIAWF":"Burma","NOTE_ADM0":null,"NOTE_BRK":null,"NAME_SORT":"Myanmar","NAME_ALT":null,"MAPCOLOR7":2,"MAPCOLOR8":2,"MAPCOLOR9":5,"MAPCOLOR13":13,"POP_EST":55123814,"POP_RANK":16,"GDP_MD_EST":311100,"POP_YEAR":2017,"LASTCENSUS":1983,"GDP_YEAR":2016,"ECONOMY":"7. Least developed region","INCOME_GRP":"5. Low income","WIKIPEDIA":-99,"FIPS_10_":"BM","ISO_A2":"MM","ISO_A3":"MMR","ISO_A3_EH":"MMR","ISO_N3":"104","UN_A3":"104","WB_A2":"MM","WB_A3":"MMR","WOE_ID":23424763,"WOE_ID_EH":23424763,"WOE_NOTE":"Exact WOE match as country","ADM0_A3_IS":"MMR","ADM0_A3_US":"MMR","ADM0_A3_UN":-99,"ADM0_A3_WB":-99,"CONTINENT":"Asia","REGION_UN":"Asia","SUBREGION":"South-Eastern Asia","REGION_WB":"East Asia & Pacific","NAME_LEN":7,"LONG_LEN":7,"ABBREV_LEN":5,"TINY":-99,"HOMEPART":1,"MIN_ZOOM":0,"MIN_LABEL":3,"MAX_LABEL":8},"geometry":{"type":"Polygon","coordinates":[[[92.368554,20.670883],[94.106742,23.850741],[97.402561,27.882536],[97.60472,23.897405],[101.180005,21.436573],[97.859123,17.567946],[99.196354,12.804748],[98.103604,13.64046],[94.533486,17.27724]]]}},{"type":"Feature","properties":{"scalerank":1,"featurecla":"Admin-0 country","LABELRANK":6,"SOVEREIGNT":"Montenegro","SOV_A3":"MNE","ADM0_DIF":0,"LEVEL":2,"TYPE":"Sovereign country","ADMIN":"Montenegro","ADM0_A3":"MNE","GEOU_DIF":0,"GEOUNIT":"Montenegro","GU_A3":"MNE","SU_DIF":0,"SUBUNIT":"Montenegro","SU_A3":"MNE","BRK_DIFF":0,"NAME":"Montenegro","NAME_LONG":"Montenegro","BRK_A3":"MNE","BRK_NAME":"Montenegro","BRK_GROUP":null,"ABBREV":"Mont.","POSTAL":"ME","FORMAL_EN":"Montenegro","FORMAL_FR":null,"NAME_CIAWF":"Montenegro","NOTE_ADM0":null,"NOTE_BRK":null,"NAME_SORT":"Montenegro","NAME_ALT":null,"MAPCOLOR7":4,"MAPCOLOR8":1,"MAPCOLOR9":4,"MAPCOLOR13":5,"POP_EST":642550,"POP_RANK":11,"GDP_MD_EST":10610,"POP_YEAR":2017,"LASTCENSUS":2011,"GDP_YEAR":2016,"ECONOMY":"6. Developing region","INCOME_GRP":"3. Upper middle income","WIKIPEDIA":-99,"FIPS_10_":"MJ","ISO_A2":"ME","ISO_A3":"MNE","ISO_A3_EH":"MNE","ISO_N3":"499","UN_A3":"499","WB_A2":"ME","WB_A3":"MNE","WOE_ID":20069817,"WOE_ID_EH":20069817,"WOE_NOTE":"Exact WOE match as country","ADM0_A3_IS":"MNE","ADM0_A3_US":"MNE","ADM0_A3_UN":-99,"ADM0_A3_WB":-99,"CONTINENT":"Europe","REGION_UN":"Europe","SUBREGION":"Southern Europe","REGION_WB":"Europe & Central Asia","NAME_LEN":10,"LONG_LEN":10,"ABBREV_LEN":5,"TINY":-99,"HOMEPART":1,"MIN_ZOOM":0,"MIN_LABEL":5,"MAX_LABEL":10},"geometry":{"type":"Polygon","coordinates":[[[20.0707,42.58863],[18.56,42.65],[20.25758,42.81275]]]}},{"type":"Feature","properties":{"scalerank":1,"featurecla":"Admin-0 country","LABELRANK":3,"SOVEREIGNT":"Mongolia","SOV_A3":"MNG","ADM0_DIF":0,"LEVEL":2,"TYPE":"Sovereign country","ADMIN":"Mongolia","ADM0_A3":"MNG","GEOU_DIF":0,"GEOUNIT":"Mongolia","GU_A3":"MNG","SU_DIF":0,"SUBUNIT":"Mongolia","SU_A3":"MNG","BRK_DIFF":0,"NAME":"Mongolia","NAME_LONG":"Mongolia","BRK_A3":"MNG","BRK_NAME":"Mongolia","BRK_GROUP":null,"ABBREV":"Mong.","POSTAL":"MN","FORMAL_EN":"Mongolia","FORMAL_FR":null,"NAME_CIAWF":"Mongolia","NOTE_ADM0":null,"NOTE_BRK":null,"NAME_SORT":"Mongolia","NAME_ALT":null,"MAPCOLOR7":3,"MAPCOLOR8":5,"MAPCOLOR9":5,"MAPCOLOR13":6,"POP_EST":3068243,"POP_RANK":12,"GDP_MD_EST":37000,"POP_YEAR":2017,"LASTCENSUS":2010,"GDP_YEAR":2016,"ECONOMY":"6. Developing region","INCOME_GRP":"4. Lower middle income","WIKIPEDIA":-99,"FIPS_10_":"MG","ISO_A2":"MN","ISO_A3":"MNG","ISO_A3_EH":"MNG","ISO_N3":"496","UN_A3":"496","WB_A2":"MN","WB_A3":"MNG","WOE_ID":23424887,"WOE_ID_EH":23424887,"WOE_NOTE":"Exact WOE match as country","ADM0_A3_IS":"MNG","ADM0_A3_US":"MNG","ADM0_A3_UN":-99,"ADM0_A3_WB":-99,"CONTINENT":"Asia","REGION_UN":"Asia","SUBREGION":"Eastern Asia","REGION_WB":"East Asia & Pacific","NAME_LEN":8,"LONG_LEN":8,"ABBREV_LEN":5,"TINY":-99,"HOMEPART":1,"MIN_ZOOM":0,"MIN_LABEL":3,"MAX_LABEL":7},"geometry":{"type":"Polygon","coordinates":[[[116.678801,49.888531],[119.772824,47.048059],[112.436062,45.011646],[107.744773,42.481516],[97.451757,42.74889],[90.585768,45.719716],[92.234712,50.802171],[98.861491,52.047366],[106.888804,50.274296],[114.96211,50.140247]]]}},{"type":"Feature","properties":{"scalerank":1,"featurecla":"Admin-0 country","LABELRANK":3,"SOVEREIGNT":"Mozambique","SOV_A3":"MOZ","ADM0_DIF":0,"LEVEL":2,"TYPE":"Sovereign country","ADMIN":"Mozambique","ADM0_A3":"MOZ","GEOU_DIF":0,"GEOUNIT":"Mozambique","GU_A3":"MOZ","SU_DIF":0,"SUBUNIT":"Mozambique","SU_A3":"MOZ","BRK_DIFF":0,"NAME":"Mozambique","NAME_LONG":"Mozambique","BRK_A3":"MOZ","BRK_NAME":"Mozambique","BRK_GROUP":null,"ABBREV":"Moz.","POSTAL":"MZ","FORMAL_EN":"Republic of Mozambique","FORMAL_FR":null,"NAME_CIAWF":"Mozambique","NOTE_ADM0":null,"NOTE_BRK":null,"NAME_SORT":"Mozambique","NAME_ALT":null,"MAPCOLOR7":4,"MAPCOLOR8":2,"MAPCOLOR9":1,"MAPCOLOR13":4,"POP_EST":26573706,"POP_RANK":15,"GDP_MD_EST":35010,"POP_YEAR":2017,"LASTCENSUS":2007,"GDP_YEAR":2016,"ECONOMY":"7. Least developed region","INCOME_GRP":"5. Low income","WIKIPEDIA":-99,"FIPS_10_":"MZ","ISO_A2":"MZ","ISO_A3":"MOZ","ISO_A3_EH":"MOZ","ISO_N3":"508","UN_A3":"508","WB_A2":"MZ","WB_A3":"MOZ","WOE_ID":23424902,"WOE_ID_EH":23424902,"WOE_NOTE":"Exact WOE match as country","ADM0_A3_IS":"MOZ","ADM0_A3_US":"MOZ","ADM0_A3_UN":-99,"ADM0_A3_WB":-99,"CONTINENT":"Africa","REGION_UN":"Africa","SUBREGION":"Eastern Africa","REGION_WB":"Sub-Saharan Africa","NAME_LEN":10,"LONG_LEN":10,"ABBREV_LEN":4,"TINY":-99,"HOMEPART":1,"MIN_ZOOM":0,"MIN_LABEL":3,"MAX_LABEL":8},"geometry":{"type":"Polygon","coordinates":[[[34.559989,-11.52002],[40.31659,-10.3171],[40.477251,-15.406294],[34.786383,-19.784012],[35.60747,-23.706563],[32.83012,-26.742192],[32.244988,-21.116489],[32.328239,-16.392074],[33.7897,-14.451831],[35.771905,-15.896859]]]}},{"type":"Feature","properties":{"scalerank":1,"featurecla":"Admin-0 country","LABELRANK":3,"SOVEREIGNT":"Mauritania","SOV_A3":"MRT","ADM0_DIF":0,"LEVEL":2,"TYPE":"Sovereign country","ADMIN":"Mauritania","ADM0_A3":"MRT","GEOU_DIF":0,"GEOUNIT":"Mauritania","GU_A3":"MRT","SU_DIF":0,"SUBUNIT":"Mauritania","SU_A3":"MRT","BRK_DIFF":0,"NAME":"Mauritania","NAME_LONG":"Mauritania","BRK_A3":"MRT","BRK_NAME":"Mauritania","BRK_GROUP":null,"ABBREV":"Mrt.","POSTAL":"MR","FORMAL_EN":"Islamic Republic of Mauritania","FORMAL_FR":null,"NAME_CIAWF":"Mauritania","NOTE_ADM0":null,"NOTE_BRK":null,"NAME_SORT":"Mauritania","NAME_ALT":null,"MAPCOLOR7":3,"MAPCOLOR8":3,"MAPCOLOR9":2,"MAPCOLOR13":1,"POP_EST":3758571,"POP_RANK":12,"GDP_MD_EST":16710,"POP_YEAR":2017,"LASTCENSUS":2000,"GDP_YEAR":2016,"ECONOMY":"7. Least developed region","INCOME_GRP":"5. Low income","WIKIPEDIA":-99,"FIPS_10_":"MR","ISO_A2":"MR","ISO_A3":"MRT","ISO_A3_EH":"MRT","ISO_N3":"478","UN_A3":"478","WB_A2":"MR","WB_A3":"MRT","WOE_ID":23424896,"WOE_ID_EH":23424896,"WOE_NOTE":"Exact WOE match as country","ADM0_A3_IS":"MRT","ADM0_A3_US":"MRT","ADM0_A3_UN":-99,"ADM0_A3_WB":-99,"CONTINENT":"Africa","REGION_UN":"Africa","SUBREGION":"Western Africa","REGION_WB":"Sub-Saharan Africa","NAME_LEN":10,"LONG_LEN":10,"ABBREV_LEN":4,"TINY":-99,"HOMEPART":1,"MIN_ZOOM":0,"MIN_LABEL":3,"MAX_LABEL":8},"geometry":{"type":"Polygon","coordinates":[[[-8.6844,27.395744],[-9.700255,15.264107],[-13.435738,16.039383],[-16.270552,17.166963],[-12.929102,21.327071]]]}},{"type":"Feature","properties":{"scalerank":1,"featurecla":"Admin-0 country","LABELRANK":6,"SOVEREIGNT":"Malawi","SOV_A3":"MWI","ADM0_DIF":0,"LEVEL":2,"TYPE":"Sovereign country","ADMIN":"Malawi","ADM0_A3":"MWI","GEOU_DIF":0,"GEOUNIT":"Malawi","GU_A3":"MWI","SU_DIF":0,"SUBUNIT":"Malawi","SU_A3":"MWI","BRK_DIFF":0,"NAME":"Malawi","NAME_LONG":"Malawi","BRK_A3":"MWI","BRK_NAME":"Malawi","BRK_GROUP":null,"ABBREV":"Mal.","POSTAL":"MW","FORMAL_EN":"Republic of Malawi","FORMAL_FR":null,"NAME_CIAWF":"Malawi","NOTE_ADM0":null,"NOTE_BRK":null,"NAME_SORT":"Malawi","NAME_ALT":null,"MAPCOLOR7":1,"MAPCOLOR8":3,"MAPCOLOR9":4,"MAPCOLOR13":5,"POP_EST":19196246,"POP_RANK":14,"GDP_MD_EST":21200,"POP_YEAR":2017,"LASTCENSUS":2008,"GDP_YEAR":2016,"ECONOMY":"7. Least developed region","INCOME_GRP":"5. Low income","WIKIPEDIA":-99,"FIPS_10_":"MI","ISO_A2":"MW","ISO_A3":"MWI","ISO_A3_EH":"MWI","ISO_N3":"454","UN_A3":"454","WB_A2":"MW","WB_A3":"MWI","WOE_ID":23424889,"WOE_ID_EH":23424889,"WOE_NOTE":"Exact WOE match as country","ADM0_A3_IS":"MWI","ADM0_A3_US":"MWI","ADM0_A3_UN":-99,"ADM0_A3_WB":-99,"CONTINENT":"Africa","REGION_UN":"Africa","SUBREGION":"Eastern Africa","REGION_WB":"Sub-Saharan Africa","NAME_LEN":6,"LONG_LEN":6,"ABBREV_LEN":4,"TINY":-99,"HOMEPART":1,"MIN_ZOOM":0,"MIN_LABEL":4,"MAX_LABEL":9},"geometry":{"type":"Polygon","coordinates":[[[34.559989,-11.52002],[35.03381,-16.8013],[32.688165,-13.712858],[33.73972,-9.41715]]]}},{"type":"Feature","properties":{"scalerank":1,"featurecla":"Admin-0 country","LABELRANK":3,"SOVEREIGNT":"Malaysia","SOV_A3":"MYS","ADM0_DIF":0,"LEVEL":2,"TYPE":"Sovereign country","ADMIN":"Malaysia","ADM0_A3":"MYS","GEOU_DIF":0,"GEOUNIT":"Malaysia","GU_A3":"MYS","SU_DIF":0,"SUBUNIT":"Malaysia","SU_A3":"MYS","BRK_DIFF":0,"NAME":"Malaysia","NAME_LONG":"Malaysia","BRK_A3":"MYS","BRK_NAME":"Malaysia","BRK_GROUP":null,"ABBREV":"Malay.","POSTAL":"MY","FORMAL_EN":"Malaysia","FORMAL_FR":null,"NAME_CIAWF":"Malaysia","NOTE_ADM0":null,"NOTE_BRK":null,"NAME_SORT":"Malaysia","NAME_ALT":null,"MAPCOLOR7":2,"MAPCOLOR8":4,"MAPCOLOR9":3,"MAPCOLOR13":6,"POP_EST":31381992,"POP_RANK":15,"GDP_MD_EST":863000,"POP_YEAR":2017,"LASTCENSUS":2010,"GDP_YEAR":2016,"ECONOMY":"6. Developing region","INCOME_GRP":"3. Upper middle income","WIKIPEDIA":-99,"FIPS_10_":"MY","ISO_A2":"MY","ISO_A3":"MYS","ISO_A3_EH":"MYS","ISO_N3":"458","UN_A3":"458","WB_A2":"MY","WB_A3":"MYS","WOE_ID":23424901,"WOE_ID_EH":23424901,"WOE_NOTE":"Exact WOE match as country","ADM0_A3_IS":"MYS","ADM0_A3_US":"MYS","ADM0_A3_UN":-99,"ADM0_A3_WB":-99,"CONTINENT":"Asia","REGION_UN":"Asia","SUBREGION":"South-Eastern Asia","REGION_WB":"East Asia & Pacific","NAME_LEN":8,"LONG_LEN":8,"ABBREV_LEN":6,"TINY":-99,"HOMEPART":1,"MIN_ZOOM":0,"MIN_LABEL":3,"MAX_LABEL":8},"geometry":{"type":"MultiPolygon","coordinates":[[[[114.204017,4.525874],[117.129626,6.928053],[117.882035,4.137551],[112.380252,1.410121],[111.370081,2.697303]]],[[[102.141187,6.221636],[103.854674,2.515454],[100.557408,4.76728],[102.141187,6.221636]]]]}},{"type":"Feature","properties":{"scalerank":1,"featurecla":"Admin-0 country","LABELRANK":3,"SOVEREIGNT":"Namibia","SOV_A3":"NAM","ADM0_DIF":0,"LEVEL":2,"TYPE":"Sovereign country","ADMIN":"Namibia","ADM0_A3":"NAM","GEOU_DIF":0,"GEOUNIT":"Namibia","GU_A3":"NAM","SU_DIF":0,"SUBUNIT":"Namibia","SU_A3":"NAM","BRK_DIFF":0,"NAME":"Namibia","NAME_LONG":"Namibia","BRK_A3":"NAM","BRK_NAME":"Namibia","BRK_GROUP":null,"ABBREV":"Nam.","POSTAL":"NA","FORMAL_EN":"Republic of Namibia","FORMAL_FR":null,"NAME_CIAWF":"Namibia","NOTE_ADM0":null,"NOTE_BRK":null,"NAME_SORT":"Namibia","NAME_ALT":null,"MAPCOLOR7":4,"MAPCOLOR8":1,"MAPCOLOR9":1,"MAPCOLOR13":7,"POP_EST":2484780,"POP_RANK":12,"GDP_MD_EST":25990,"POP_YEAR":2017,"LASTCENSUS":2001,"GDP_YEAR":2016,"ECONOMY":"6. Developing region","INCOME_GRP":"3. Upper middle income","WIKIPEDIA":-99,"FIPS_10_":"WA","ISO_A2":"NA","ISO_A3":"NAM","ISO_A3_EH":"NAM","ISO_N3":"516","UN_A3":"516","WB_A2":"NA","WB_A3":"NAM","WOE_ID":23424987,"WOE_ID_EH":23424987,"WOE_NOTE":"Exact WOE match as country","ADM0_A3_IS":"NAM","ADM0_A3_US":"NAM","ADM0_A3_UN":-99,"ADM0_A3_WB":-99,"CONTINENT":"Africa","REGION_UN":"Africa","SUBREGION":"Southern Africa","REGION_WB":"Sub-Saharan Africa","NAME_LEN":7,"LONG_LEN":7,"ABBREV_LEN":4,"TINY":-99,"HOMEPART":1,"MIN_ZOOM":0,"MIN_LABEL":3,"MAX_LABEL":7.5},"geometry":{"type":"Polygon","coordinates":[[[11.734199,-17.301889],[21.377176,-17.930636],[23.579006,-18.281261],[19.002127,-28.972443],[15.210472,-27.090956],[12.826845,-19.673166]]]}},{"type":"Feature","properties":{"scalerank":1,"featurecla":"Admin-0 country","LABELRANK":3,"SOVEREIGNT":"France","SOV_A3":"FR1","ADM0_DIF":1,"LEVEL":2,"TYPE":"Dependency","ADMIN":"New Caledonia","ADM0_A3":"NCL","GEOU_DIF":0,"GEOUNIT":"New Caledonia","GU_A3":"NCL","SU_DIF":0,"SUBUNIT":"New Caledonia","SU_A3":"NCL","BRK_DIFF":0,"NAME":"New Caledonia","NAME_LONG":"New Caledonia","BRK_A3":"NCL","BRK_NAME":"New Caledonia","BRK_GROUP":null,"ABBREV":"New C.","POSTAL":"NC","FORMAL_EN":"New Caledonia","FORMAL_FR":"Nouvelle-Calédonie","NAME_CIAWF":"New Caledonia","NOTE_ADM0":"Fr.","NOTE_BRK":null,"NAME_SORT":"New Caledonia","NAME_ALT":null,"MAPCOLOR7":7,"MAPCOLOR8":5,"MAPCOLOR9":9,"MAPCOLOR13":11,"POP_EST":279070,"POP_RANK":10,"GDP_MD_EST":10770,"POP_YEAR":2017,"LASTCENSUS":2009,"GDP_YEAR":2016,"ECONOMY":"6. Developing region","INCOME_GRP":"2. High income: nonOECD","WIKIPEDIA":-99,"FIPS_10_":"NC","ISO_A2":"NC","ISO_A3":"NCL","ISO_A3_EH":"NCL","ISO_N3":"540","UN_A3":"540","WB_A2":"NC","WB_A3":"NCL","WOE_ID":23424903,"WOE_ID_EH":23424903,"WOE_NOTE":"Exact WOE match as country","ADM0_A3_IS":"NCL","ADM0_A3_US":"NCL","ADM0_A3_UN":-99,"ADM0_A3_WB":-99,"CONTINENT":"Oceania","REGION_UN":"Oceania","SUBREGION":"Melanesia","REGION_WB":"East Asia & Pacific","NAME_LEN":13,"LONG_LEN":13,"ABBREV_LEN":6,"TINY":-99,"HOMEPART":-99,"MIN_ZOOM":0,"MIN_LABEL":4.6,"MAX_LABEL":8},"geometry":{"type":"Polygon","coordinates":[[[165.77999,-21.080005],[164.029606,-20.105646]]]}},{"type":"Feature","properties":{"scalerank":1,"featurecla":"Admin-0 country","LABELRANK":3,"SOVEREIGNT":"Niger","SOV_A3":"NER","ADM0_DIF":0,"LEVEL":2,"TYPE":"Sovereign country","ADMIN":"Niger","ADM0_A3":"NER","GEOU_DIF":0,"GEOUNIT":"Niger","GU_A3":"NER","SU_DIF":0,"SUBUNIT":"Niger","SU_A3":"NER","BRK_DIFF":0,"NAME":"Niger","NAME_LONG":"Niger","BRK_A3":"NER","BRK_NAME":"Niger","BRK_GROUP":null,"ABBREV":"Niger","POSTAL":"NE","FORMAL_EN":"Republic of Niger","FORMAL_FR":null,"NAME_CIAWF":"Niger","NOTE_ADM0":null,"NOTE_BRK":null,"NAME_SORT":"Niger","NAME_ALT":null,"MAPCOLOR7":4,"MAPCOLOR8":5,"MAPCOLOR9":3,"MAPCOLOR13":13,"POP_EST":19245344,"POP_RANK":14,"GDP_MD_EST":20150,"POP_YEAR":2017,"LASTCENSUS":2001,"GDP_YEAR":2016,"ECONOMY":"7. Least developed region","INCOME_GRP":"5. Low income","WIKIPEDIA":-99,"FIPS_10_":"NG","ISO_A2":"NE","ISO_A3":"NER","ISO_A3_EH":"NER","ISO_N3":"562","UN_A3":"562","WB_A2":"NE","WB_A3":"NER","WOE_ID":23424906,"WOE_ID_EH":23424906,"WOE_NOTE":"Exact WOE match as country","ADM0_A3_IS":"NER","ADM0_A3_US":"NER","ADM0_A3_UN":-99,"ADM0_A3_WB":-99,"CONTINENT":"Africa","REGION_UN":"Africa","SUBREGION":"Western Africa","REGION_WB":"Sub-Saharan Africa","NAME_LEN":5,"LONG_LEN":5,"ABBREV_LEN":5,"TINY":-99,"HOMEPART":1,"MIN_ZOOM":0,"MIN_LABEL":3,"MAX_LABEL":8},"geometry":{"type":"Polygon","coordinates":[[[3.61118,11.660167],[0.295646,14.444235],[4.267419,19.155265],[15.47106,21.04845],[13.956699,13.996691],[13.083987,13.596147],[7.804671,13.343527],[3.680634,12.552903]]]}},{"type":"Feature","properties":{"scalerank":1,"featurecla":"Admin-0 country","LABELRANK":2,"SOVEREIGNT":"Nigeria","SOV_A3":"NGA","ADM0_DIF":0,"LEVEL":2,"TYPE":"Sovereign country","ADMIN":"Nigeria","ADM0_A3":"NGA","GEOU_DIF":0,"GEOUNIT":"Nigeria","GU_A3":"NGA","SU_DIF":0,"SUBUNIT":"Nigeria","SU_A3":"NGA","BRK_DIFF":0,"NAME":"Nigeria","NAME_LONG":"Nigeria","BRK_A3":"NGA","BRK_NAME":"Nigeria","BRK_GROUP":null,"ABBREV":"Nigeria","POSTAL":"NG","FORMAL_EN":"Federal Republic of Nigeria","FORMAL_FR":null,"NAME_CIAWF":"Nigeria","NOTE_ADM0":null,"NOTE_BRK":null,"NAME_SORT":"Nigeria","NAME_ALT":null,"MAPCOLOR7":3,"MAPCOLOR8":2,"MAPCOLOR9":5,"MAPCOLOR13":2,"POP_EST":190632261,"POP_RANK":17,"GDP_MD_EST":1089000,"POP_YEAR":2017,"LASTCENSUS":2006,"GDP_YEAR":2016,"ECONOMY":"5. Emerging region: G20","INCOME_GRP":"4. Lower middle income","WIKIPEDIA":-99,"FIPS_10_":"NI","ISO_A2":"NG","ISO_A3":"NGA","ISO_A3_EH":"NGA","ISO_N3":"566","UN_A3":"566","WB_A2":"NG","WB_A3":"NGA","WOE_ID":23424908,"WOE_ID_EH":23424908,"WOE_NOTE":"Exact WOE match as country","ADM0_A3_IS":"NGA","ADM0_A3_US":"NGA","ADM0_A3_UN":-99,"ADM0_A3_WB":-99,"CONTINENT":"Africa","REGION_UN":"Africa","SUBREGION":"Western Africa","REGION_WB":"Sub-Saharan Africa","NAME_LEN":7,"LONG_LEN":7,"ABBREV_LEN":7,"TINY":-99,"HOMEPART":1,"MIN_ZOOM":0,"MIN_LABEL":1.7,"MAX_LABEL":6.7},"geometry":{"type":"Polygon","coordinates":[[[2.691702,6.258817],[3.572216,11.327939],[6.820442,13.115091],[11.527803,13.32898],[14.415379,11.572369],[11.839309,7.397042],[8.500288,4.771983],[3.57418,6.2583]]]}},{"type":"Feature","properties":{"scalerank":1,"featurecla":"Admin-0 country","LABELRANK":5,"SOVEREIGNT":"Nicaragua","SOV_A3":"NIC","ADM0_DIF":0,"LEVEL":2,"TYPE":"Sovereign country","ADMIN":"Nicaragua","ADM0_A3":"NIC","GEOU_DIF":0,"GEOUNIT":"Nicaragua","GU_A3":"NIC","SU_DIF":0,"SUBUNIT":"Nicaragua","SU_A3":"NIC","BRK_DIFF":0,"NAME":"Nicaragua","NAME_LONG":"Nicaragua","BRK_A3":"NIC","BRK_NAME":"Nicaragua","BRK_GROUP":null,"ABBREV":"Nic.","POSTAL":"NI","FORMAL_EN":"Republic of Nicaragua","FORMAL_FR":null,"NAME_CIAWF":"Nicaragua","NOTE_ADM0":null,"NOTE_BRK":null,"NAME_SORT":"Nicaragua","NAME_ALT":null,"MAPCOLOR7":1,"MAPCOLOR8":4,"MAPCOLOR9":1,"MAPCOLOR13":9,"POP_EST":6025951,"POP_RANK":13,"GDP_MD_EST":33550,"POP_YEAR":2017,"LASTCENSUS":2005,"GDP_YEAR":2016,"ECONOMY":"6. Developing region","INCOME_GRP":"4. Lower middle income","WIKIPEDIA":-99,"FIPS_10_":"NU","ISO_A2":"NI","ISO_A3":"NIC","ISO_A3_EH":"NIC","ISO_N3":"558","UN_A3":"558","WB_A2":"NI","WB_A3":"NIC","WOE_ID":23424915,"WOE_ID_EH":23424915,"WOE_NOTE":"Exact WOE match as country","ADM0_A3_IS":"NIC","ADM0_A3_US":"NIC","ADM0_A3_UN":-99,"ADM0_A3_WB":-99,"CONTINENT":"North America","REGION_UN":"Americas","SUBREGION":"Central America","REGION_WB":"Latin America & Caribbean","NAME_LEN":9,"LONG_LEN":9,"ABBREV_LEN":4,"TINY":-99,"HOMEPART":1,"MIN_ZOOM":0,"MIN_LABEL":4,"MAX_LABEL":9},"geometry":{"type":"Polygon","coordinates":[[[-83.655612,10.938764],[-86.058488,11.403439],[-87.005769,13.025794],[-85.698665,13.960078],[-84.449336,14.621614],[-83.182126,14.310703],[-83.650858,11.629032]]]}},{"type":"Feature","properties":{"scalerank":1,"featurecla":"Admin-0 country","LABELRANK":5,"SOVEREIGNT":"Netherlands","SOV_A3":"NL1","ADM0_DIF":1,"LEVEL":2,"TYPE":"Country","ADMIN":"Netherlands","ADM0_A3":"NLD","GEOU_DIF":0,"GEOUNIT":"Netherlands","GU_A3":"NLD","SU_DIF":0,"SUBUNIT":"Netherlands","SU_A3":"NLD","BRK_DIFF":0,"NAME":"Netherlands","NAME_LONG":"Netherlands","BRK_A3":"NLD","BRK_NAME":"Netherlands","BRK_GROUP":null,"ABBREV":"Neth.","POSTAL":"NL","FORMAL_EN":"Kingdom of the Netherlands","FORMAL_FR":null,"NAME_CIAWF":"Netherlands","NOTE_ADM0":null,"NOTE_BRK":null,"NAME_SORT":"Netherlands","NAME_ALT":null,"MAPCOLOR7":4,"MAPCOLOR8":2,"MAPCOLOR9":2,"MAPCOLOR13":9,"POP_EST":17084719,"POP_RANK":14,"GDP_MD_EST":870800,"POP_YEAR":2017,"LASTCENSUS":2011,"GDP_YEAR":2016,"ECONOMY":"2. Developed region: nonG7","INCOME_GRP":"1. High income: OECD","WIKIPEDIA":-99,"FIPS_10_":"NL","ISO_A2":"NL","ISO_A3":"NLD","ISO_A3_EH":"NLD","ISO_N3":"528","UN_A3":"528","WB_A2":"NL","WB_A3":"NLD","WOE_ID":-90,"WOE_ID_EH":23424909,"WOE_NOTE":"Doesn't include new former units of Netherlands Antilles (24549811, 24549808, and 24549809)","ADM0_A3_IS":"NLD","ADM0_A3_US":"NLD","ADM0_A3_UN":-99,"ADM0_A3_WB":-99,"CONTINENT":"Europe","REGION_UN":"Europe","SUBREGION":"Western Europe","REGION_WB":"Europe & Central Asia","NAME_LEN":11,"LONG_LEN":11,"ABBREV_LEN":5,"TINY":-99,"HOMEPART":1,"MIN_ZOOM":0,"MIN_LABEL":5,"MAX_LABEL":10},"geometry":{"type":"Polygon","coordinates":[[[6.156658,50.803721],[6.074183,53.510403]]]}},{"type":"Feature","properties":{"scalerank":1,"featurecla":"Admin-0 country","LABELRANK":3,"SOVEREIGNT":"Norway","SOV_A3":"NOR","ADM0_DIF":0,"LEVEL":2,"TYPE":"Sovereign country","ADMIN":"Norway","ADM0_A3":"NOR","GEOU_DIF":0,"GEOUNIT":"Norway","GU_A3":"NOR","SU_DIF":0,"SUBUNIT":"Norway","SU_A3":"NOR","BRK_DIFF":0,"NAME":"Norway","NAME_LONG":"Norway","BRK_A3":"NOR","BRK_NAME":"Norway","BRK_GROUP":null,"ABBREV":"Nor.","POSTAL":"N","FORMAL_EN":"Kingdom of Norway","FORMAL_FR":null,"NAME_CIAWF":"Norway","NOTE_ADM0":null,"NOTE_BRK":null,"NAME_SORT":"Norway","NAME_ALT":null,"MAPCOLOR7":5,"MAPCOLOR8":3,"MAPCOLOR9":8,"MAPCOLOR13":12,"POP_EST":5320045,"POP_RANK":13,"GDP_MD_EST":364700,"POP_YEAR":2017,"LASTCENSUS":2001,"GDP_YEAR":2016,"ECONOMY":"2. Developed region: nonG7","INCOME_GRP":"1. High income: OECD","WIKIPEDIA":-99,"FIPS_10_":"-99","ISO_A2":"-99","ISO_A3":"-99","ISO_A3_EH":"-99","ISO_N3":"-99","UN_A3":"-99","WB_A2":"-99","WB_A3":"-99","WOE_ID":-90,"WOE_ID_EH":23424910,"WOE_NOTE":"Does not include Svalbard, Jan Mayen, or Bouvet Islands (28289410).","ADM0_A3_IS":"NOR","ADM0_A3_US":"NOR","ADM0_A3_UN":-99,"ADM0_A3_WB":-99,"CONTINENT":"Europe","REGION_UN":"Europe","SUBREGION":"Northern Europe","REGION_WB":"Europe & Central Asia","NAME_LEN":6,"LONG_LEN":6,"ABBREV_LEN":4,"TINY":-99,"HOMEPART":1,"MIN_ZOOM":0,"MIN_LABEL":3,"MAX_LABEL":7},"geometry":{"type":"MultiPolygon","coordinates":[[[[28.59193,69.064777],[21.244936,69.370443],[15.108411,66.193867],[12.300366,60.117933],[4.992078,61.970998],[21.378416,70.255169],[29.39955,69.15692]]],[[[24.72412,77.85385]]],[[[18.25183,79.70175],[14.66956,77.73565],[16.99085,80.05086]]],[[[25.447625,80.40734],[20.455992,80.598156]]]]}},{"type":"Feature","properties":{"scalerank":1,"featurecla":"Admin-0 country","LABELRANK":3,"SOVEREIGNT":"Nepal","SOV_A3":"NPL","ADM0_DIF":0,"LEVEL":2,"TYPE":"Sovereign country","ADMIN":"Nepal","ADM0_A3":"NPL","GEOU_DIF":0,"GEOUNIT":"Nepal","GU_A3":"NPL","SU_DIF":0,"SUBUNIT":"Nepal","SU_A3":"NPL","BRK_DIFF":0,"NAME":"Nepal","NAME_LONG":"Nepal","BRK_A3":"NPL","BRK_NAME":"Nepal","BRK_GROUP":null,"ABBREV":"Nepal","POSTAL":"NP","FORMAL_EN":"Nepal","FORMAL_FR":null,"NAME_CIAWF":"Nepal","NOTE_ADM0":null,"NOTE_BRK":null,"NAME_SORT":"Nepal","NAME_ALT":null,"MAPCOLOR7":2,"MAPCOLOR8":2,"MAPCOLOR9":3,"MAPCOLOR13":12,"POP_EST":29384297,"POP_RANK":15,"GDP_MD_EST":71520,"POP_YEAR":2017,"LASTCENSUS":2001,"GDP_YEAR":2016,"ECONOMY":"7. Least developed region","INCOME_GRP":"5. Low income","WIKIPEDIA":-99,"FIPS_10_":"NP","ISO_A2":"NP","ISO_A3":"NPL","ISO_A3_EH":"NPL","ISO_N3":"524","UN_A3":"524","WB_A2":"NP","WB_A3":"NPL","WOE_ID":23424911,"WOE_ID_EH":23424911,"WOE_NOTE":"Exact WOE match as country","ADM0_A3_IS":"NPL","ADM0_A3_US":"NPL","ADM0_A3_UN":-99,"ADM0_A3_WB":-99,"CONTINENT":"Asia","REGION_UN":"Asia","SUBREGION":"Southern Asia","REGION_WB":"South Asia","NAME_LEN":5,"LONG_LEN":5,"ABBREV_LEN":5,"TINY":-99,"HOMEPART":1,"MIN_ZOOM":0,"MIN_LABEL":3,"MAX_LABEL":8},"geometry":{"type":"Polygon","coordinates":[[[81.111256,30.183481],[86.954517,27.974262],[84.675018,27.234901]]]}},{"type":"Feature","properties":{"scalerank":1,"featurecla":"Admin-0 country","LABELRANK":2,"SOVEREIGNT":"New Zealand","SOV_A3":"NZ1","ADM0_DIF":1,"LEVEL":2,"TYPE":"Country","ADMIN":"New Zealand","ADM0_A3":"NZL","GEOU_DIF":0,"GEOUNIT":"New Zealand","GU_A3":"NZL","SU_DIF":0,"SUBUNIT":"New Zealand","SU_A3":"NZL","BRK_DIFF":0,"NAME":"New Zealand","NAME_LONG":"New Zealand","BRK_A3":"NZL","BRK_NAME":"New Zealand","BRK_GROUP":null,"ABBREV":"N.Z.","POSTAL":"NZ","FORMAL_EN":"New Zealand","FORMAL_FR":null,"NAME_CIAWF":"New Zealand","NOTE_ADM0":null,"NOTE_BRK":null,"NAME_SORT":"New Zealand","NAME_ALT":null,"MAPCOLOR7":3,"MAPCOLOR8":3,"MAPCOLOR9":4,"MAPCOLOR13":4,"POP_EST":4510327,"POP_RANK":12,"GDP_MD_EST":174800,"POP_YEAR":2017,"LASTCENSUS":2006,"GDP_YEAR":2016,"ECONOMY":"2. Developed region: nonG7","INCOME_GRP":"1. High income: OECD","WIKIPEDIA":-99,"FIPS_10_":"NZ","ISO_A2":"NZ","ISO_A3":"NZL","ISO_A3_EH":"NZL","ISO_N3":"554","UN_A3":"554","WB_A2":"NZ","WB_A3":"NZL","WOE_ID":23424916,"WOE_ID_EH":23424916,"WOE_NOTE":"Exact WOE match as country","ADM0_A3_IS":"NZL","ADM0_A3_US":"NZL","ADM0_A3_UN":-99,"ADM0_A3_WB":-99,"CONTINENT":"Oceania","REGION_UN":"Oceania","SUBREGION":"Australia and New Zealand","REGION_WB":"East Asia & Pacific","NAME_LEN":11,"LONG_LEN":11,"ABBREV_LEN":4,"TINY":-99,"HOMEPART":1,"MIN_ZOOM":0,"MIN_LABEL":2,"MAX_LABEL":6.7},"geometry":{"type":"MultiPolygon","coordinates":[[[[173.020375,-40.919052],[173.080113,-43.853344],[167.763745,-46.290197],[171.12509,-42.512754]]],[[[174.612009,-36.156397],[178.517094,-37.695373],[176.01244,-41.289624],[174.574802,-38.797683],[173.007042,-34.450662]]]]}},{"type":"Feature","properties":{"scalerank":1,"featurecla":"Admin-0 country","LABELRANK":4,"SOVEREIGNT":"Oman","SOV_A3":"OMN","ADM0_DIF":0,"LEVEL":2,"TYPE":"Sovereign country","ADMIN":"Oman","ADM0_A3":"OMN","GEOU_DIF":0,"GEOUNIT":"Oman","GU_A3":"OMN","SU_DIF":0,"SUBUNIT":"Oman","SU_A3":"OMN","BRK_DIFF":0,"NAME":"Oman","NAME_LONG":"Oman","BRK_A3":"OMN","BRK_NAME":"Oman","BRK_GROUP":null,"ABBREV":"Oman","POSTAL":"OM","FORMAL_EN":"Sultanate of Oman","FORMAL_FR":null,"NAME_CIAWF":"Oman","NOTE_ADM0":null,"NOTE_BRK":null,"NAME_SORT":"Oman","NAME_ALT":null,"MAPCOLOR7":1,"MAPCOLOR8":4,"MAPCOLOR9":1,"MAPCOLOR13":6,"POP_EST":3424386,"POP_RANK":12,"GDP_MD_EST":173100,"POP_YEAR":2017,"LASTCENSUS":2010,"GDP_YEAR":2016,"ECONOMY":"6. Developing region","INCOME_GRP":"2. High income: nonOECD","WIKIPEDIA":-99,"FIPS_10_":"MU","ISO_A2":"OM","ISO_A3":"OMN","ISO_A3_EH":"OMN","ISO_N3":"512","UN_A3":"512","WB_A2":"OM","WB_A3":"OMN","WOE_ID":23424898,"WOE_ID_EH":23424898,"WOE_NOTE":"Exact WOE match as country","ADM0_A3_IS":"OMN","ADM0_A3_US":"OMN","ADM0_A3_UN":-99,"ADM0_A3_WB":-99,"CONTINENT":"Asia","REGION_UN":"Asia","SUBREGION":"Western Asia","REGION_WB":"Middle East & North Africa","NAME_LEN":4,"LONG_LEN":4,"ABBREV_LEN":4,"TINY":-99,"HOMEPART":1,"MIN_ZOOM":0,"MIN_LABEL":4,"MAX_LABEL":9},"geometry":{"type":"MultiPolygon","coordinates":[[[[56.261042,25.714606]]],[[[55.208341,22.70833],[56.84514,24.241673],[59.442191,21.714541],[57.694391,18.94471],[54.791002,16.950697],[55.208341,22.70833]]]]}},{"type":"Feature","properties":{"scalerank":1,"featurecla":"Admin-0 country","LABELRANK":2,"SOVEREIGNT":"Pakistan","SOV_A3":"PAK","ADM0_DIF":0,"LEVEL":2,"TYPE":"Sovereign country","ADMIN":"Pakistan","ADM0_A3":"PAK","GEOU_DIF":0,"GEOUNIT":"Pakistan","GU_A3":"PAK","SU_DIF":0,"SUBUNIT":"Pakistan","SU_A3":"PAK","BRK_DIFF":0,"NAME":"Pakistan","NAME_LONG":"Pakistan","BRK_A3":"PAK","BRK_NAME":"Pakistan","BRK_GROUP":null,"ABBREV":"Pak.","POSTAL":"PK","FORMAL_EN":"Islamic Republic of Pakistan","FORMAL_FR":null,"NAME_CIAWF":"Pakistan","NOTE_ADM0":null,"NOTE_BRK":null,"NAME_SORT":"Pakistan","NAME_ALT":null,"MAPCOLOR7":2,"MAPCOLOR8":2,"MAPCOLOR9":3,"MAPCOLOR13":11,"POP_EST":204924861,"POP_RANK":17,"GDP_MD_EST":988200,"POP_YEAR":2017,"LASTCENSUS":1998,"GDP_YEAR":2016,"ECONOMY":"5. Emerging region: G20","INCOME_GRP":"4. Lower middle income","WIKIPEDIA":-99,"FIPS_10_":"PK","ISO_A2":"PK","ISO_A3":"PAK","ISO_A3_EH":"PAK","ISO_N3":"586","UN_A3":"586","WB_A2":"PK","WB_A3":"PAK","WOE_ID":23424922,"WOE_ID_EH":23424922,"WOE_NOTE":"Exact WOE match as country","ADM0_A3_IS":"PAK","ADM0_A3_US":"PAK","ADM0_A3_UN":-99,"ADM0_A3_WB":-99,"CONTINENT":"Asia","REGION_UN":"Asia","SUBREGION":"Southern Asia","REGION_WB":"South Asia","NAME_LEN":8,"LONG_LEN":8,"ABBREV_LEN":4,"TINY":-99,"HOMEPART":1,"MIN_ZOOM":0,"MIN_LABEL":3,"MAX_LABEL":7},"geometry":{"type":"Polygon","coordinates":[[[60.874248,29.829239],[66.938891,31.304911],[70.323594,33.358533],[71.846292,36.509942],[76.871722,34.653544],[74.42138,30.979815],[70.844699,25.215102],[62.905701,25.218409],[61.369309,29.303276]]]}},{"type":"Feature","properties":{"scalerank":1,"featurecla":"Admin-0 country","LABELRANK":4,"SOVEREIGNT":"Panama","SOV_A3":"PAN","ADM0_DIF":0,"LEVEL":2,"TYPE":"Sovereign country","ADMIN":"Panama","ADM0_A3":"PAN","GEOU_DIF":0,"GEOUNIT":"Panama","GU_A3":"PAN","SU_DIF":0,"SUBUNIT":"Panama","SU_A3":"PAN","BRK_DIFF":0,"NAME":"Panama","NAME_LONG":"Panama","BRK_A3":"PAN","BRK_NAME":"Panama","BRK_GROUP":null,"ABBREV":"Pan.","POSTAL":"PA","FORMAL_EN":"Republic of Panama","FORMAL_FR":null,"NAME_CIAWF":"Panama","NOTE_ADM0":null,"NOTE_BRK":null,"NAME_SORT":"Panama","NAME_ALT":null,"MAPCOLOR7":4,"MAPCOLOR8":4,"MAPCOLOR9":6,"MAPCOLOR13":3,"POP_EST":3753142,"POP_RANK":12,"GDP_MD_EST":93120,"POP_YEAR":2017,"LASTCENSUS":2010,"GDP_YEAR":2016,"ECONOMY":"6. Developing region","INCOME_GRP":"3. Upper middle income","WIKIPEDIA":-99,"FIPS_10_":"PM","ISO_A2":"PA","ISO_A3":"PAN","ISO_A3_EH":"PAN","ISO_N3":"591","UN_A3":"591","WB_A2":"PA","WB_A3":"PAN","WOE_ID":23424924,"WOE_ID_EH":23424924,"WOE_NOTE":"Exact WOE match as country","ADM0_A3_IS":"PAN","ADM0_A3_US":"PAN","ADM0_A3_UN":-99,"ADM0_A3_WB":-99,"CONTINENT":"North America","REGION_UN":"Americas","SUBREGION":"Central America","REGION_WB":"Latin America & Caribbean","NAME_LEN":6,"LONG_LEN":6,"ABBREV_LEN":4,"TINY":-99,"HOMEPART":1,"MIN_ZOOM":0,"MIN_LABEL":4,"MAX_LABEL":9},"geometry":{"type":"Polygon","coordinates":[[[-77.353361,8.670505],[-78.182096,8.319182],[-80.480689,8.090308],[-81.721311,8.108963],[-82.868657,8.807266],[-81.714154,9.031955],[-78.500888,9.420459]]]}},{"type":"Feature","properties":{"scalerank":1,"featurecla":"Admin-0 country","LABELRANK":2,"SOVEREIGNT":"Peru","SOV_A3":"PER","ADM0_DIF":0,"LEVEL":2,"TYPE":"Sovereign country","ADMIN":"Peru","ADM0_A3":"PER","GEOU_DIF":0,"GEOUNIT":"Peru","GU_A3":"PER","SU_DIF":0,"SUBUNIT":"Peru","SU_A3":"PER","BRK_DIFF":0,"NAME":"Peru","NAME_LONG":"Peru","BRK_A3":"PER","BRK_NAME":"Peru","BRK_GROUP":null,"ABBREV":"Peru","POSTAL":"PE","FORMAL_EN":"Republic of Peru","FORMAL_FR":null,"NAME_CIAWF":"Peru","NOTE_ADM0":null,"NOTE_BRK":null,"NAME_SORT":"Peru","NAME_ALT":null,"MAPCOLOR7":4,"MAPCOLOR8":4,"MAPCOLOR9":4,"MAPCOLOR13":11,"POP_EST":31036656,"POP_RANK":15,"GDP_MD_EST":410400,"POP_YEAR":2017,"LASTCENSUS":2007,"GDP_YEAR":2016,"ECONOMY":"5. Emerging region: G20","INCOME_GRP":"3. Upper middle income","WIKIPEDIA":-99,"FIPS_10_":"PE","ISO_A2":"PE","ISO_A3":"PER","ISO_A3_EH":"PER","ISO_N3":"604","UN_A3":"604","WB_A2":"PE","WB_A3":"PER","WOE_ID":23424919,"WOE_ID_EH":23424919,"WOE_NOTE":"Exact WOE match as country","ADM0_A3_IS":"PER","ADM0_A3_US":"PER","ADM0_A3_UN":-99,"ADM0_A3_WB":-99,"CONTINENT":"South America","REGION_UN":"Americas","SUBREGION":"South America","REGION_WB":"Latin America & Caribbean","NAME_LEN":4,"LONG_LEN":4,"ABBREV_LEN":4,"TINY":-99,"HOMEPART":1,"MIN_ZOOM":0,"MIN_LABEL":2,"MAX_LABEL":7},"geometry":{"type":"Polygon","coordinates":[[[-69.529678,-10.951734],[-68.959635,-16.500698],[-76.009205,-14.649286],[-80.537482,-6.541668],[-80.442242,-4.425724],[-75.544996,-1.56161],[-72.325787,-2.434218],[-70.794769,-4.251265],[-73.723401,-7.340999],[-70.481894,-9.490118]]]}},{"type":"Feature","properties":{"scalerank":1,"featurecla":"Admin-0 country","LABELRANK":2,"SOVEREIGNT":"Philippines","SOV_A3":"PHL","ADM0_DIF":0,"LEVEL":2,"TYPE":"Sovereign country","ADMIN":"Philippines","ADM0_A3":"PHL","GEOU_DIF":0,"GEOUNIT":"Philippines","GU_A3":"PHL","SU_DIF":0,"SUBUNIT":"Philippines","SU_A3":"PHL","BRK_DIFF":0,"NAME":"Philippines","NAME_LONG":"Philippines","BRK_A3":"PHL","BRK_NAME":"Philippines","BRK_GROUP":null,"ABBREV":"Phil.","POSTAL":"PH","FORMAL_EN":"Republic of the Philippines","FORMAL_FR":null,"NAME_CIAWF":"Philippines","NOTE_ADM0":null,"NOTE_BRK":null,"NAME_SORT":"Philippines","NAME_ALT":null,"MAPCOLOR7":3,"MAPCOLOR8":2,"MAPCOLOR9":2,"MAPCOLOR13":8,"POP_EST":104256076,"POP_RANK":17,"GDP_MD_EST":801900,"POP_YEAR":2017,"LASTCENSUS":2010,"GDP_YEAR":2016,"ECONOMY":"5. Emerging region: G20","INCOME_GRP":"4. Lower middle income","WIKIPEDIA":-99,"FIPS_10_":"RP","ISO_A2":"PH","ISO_A3":"PHL","ISO_A3_EH":"PHL","ISO_N3":"608","UN_A3":"608","WB_A2":"PH","WB_A3":"PHL","WOE_ID":23424934,"WOE_ID_EH":23424934,"WOE_NOTE":"Exact WOE match as country","ADM0_A3_IS":"PHL","ADM0_A3_US":"PHL","ADM0_A3_UN":-99,"ADM0_A3_WB":-99,"CONTINENT":"Asia","REGION_UN":"Asia","SUBREGION":"South-Eastern Asia","REGION_WB":"East Asia & Pacific","NAME_LEN":11,"LONG_LEN":11,"ABBREV_LEN":5,"TINY":-99,"HOMEPART":1,"MIN_ZOOM":0,"MIN_LABEL":3,"MAX_LABEL":7},"geometry":{"type":"MultiPolygon","coordinates":[[[[126.376814,8.414706],[124.219788,6.161355],[122.312359,8.034962],[126.222714,9.286074]]],[[[123.982438,10.278779],[123.49885,10.940624]]],[[[118.504581,9.316383],[118.504581,9.316383]]],[[[121.883548,11.891755],[121.883548,11.891755]]],[[[125.502552,12.162695],[124.302522,11.495371]]],[[[121.527394,13.06959]]],[[[121.321308,18.504065],[121.50507,15.124814],[123.298035,13.027526],[120.693336,14.756671],[121.321308,18.504065]]]]}},{"type":"Feature","properties":{"scalerank":1,"featurecla":"Admin-0 country","LABELRANK":2,"SOVEREIGNT":"Papua New Guinea","SOV_A3":"PNG","ADM0_DIF":0,"LEVEL":2,"TYPE":"Sovereign country","ADMIN":"Papua New Guinea","ADM0_A3":"PNG","GEOU_DIF":0,"GEOUNIT":"Papua New Guinea","GU_A3":"PNG","SU_DIF":1,"SUBUNIT":"Papua New Guinea","SU_A3":"PN1","BRK_DIFF":0,"NAME":"Papua New Guinea","NAME_LONG":"Papua New Guinea","BRK_A3":"PN1","BRK_NAME":"Papua New Guinea","BRK_GROUP":null,"ABBREV":"P.N.G.","POSTAL":"PG","FORMAL_EN":"Independent State of Papua New Guinea","FORMAL_FR":null,"NAME_CIAWF":"Papua New Guinea","NOTE_ADM0":null,"NOTE_BRK":null,"NAME_SORT":"Papua New Guinea","NAME_ALT":null,"MAPCOLOR7":4,"MAPCOLOR8":2,"MAPCOLOR9":3,"MAPCOLOR13":1,"POP_EST":6909701,"POP_RANK":13,"GDP_MD_EST":28020,"POP_YEAR":2017,"LASTCENSUS":2000,"GDP_YEAR":2016,"ECONOMY":"6. Developing region","INCOME_GRP":"4. Lower middle income","WIKIPEDIA":-99,"FIPS_10_":"PP","ISO_A2":"PG","ISO_A3":"PNG","ISO_A3_EH":"PNG","ISO_N3":"598","UN_A3":"598","WB_A2":"PG","WB_A3":"PNG","WOE_ID":23424926,"WOE_ID_EH":23424926,"WOE_NOTE":"Exact WOE match as country","ADM0_A3_IS":"PNG","ADM0_A3_US":"PNG","ADM0_A3_UN":-99,"ADM0_A3_WB":-99,"CONTINENT":"Oceania","REGION_UN":"Oceania","SUBREGION":"Melanesia","REGION_WB":"East Asia & Pacific","NAME_LEN":16,"LONG_LEN":16,"ABBREV_LEN":6,"TINY":-99,"HOMEPART":1,"MIN_ZOOM":0,"MIN_LABEL":2.5,"MAX_LABEL":7.5},"geometry":{"type":"MultiPolygon","coordinates":[[[[141.033852,-9.117893],[147.648073,-6.083659],[150.038728,-9.684318],[147.135443,-9.492444],[142.068259,-9.159596]]],[[[155.880026,-6.819997],[155.547746,-6.200655]]],[[[151.982796,-5.478063],[148.401826,-5.437756],[151.647881,-4.757074]]],[[[153.140038,-4.499983],[151.479984,-2.779985]]]]}},{"type":"Feature","properties":{"scalerank":1,"featurecla":"Admin-0 country","LABELRANK":3,"SOVEREIGNT":"Poland","SOV_A3":"POL","ADM0_DIF":0,"LEVEL":2,"TYPE":"Sovereign country","ADMIN":"Poland","ADM0_A3":"POL","GEOU_DIF":0,"GEOUNIT":"Poland","GU_A3":"POL","SU_DIF":0,"SUBUNIT":"Poland","SU_A3":"POL","BRK_DIFF":0,"NAME":"Poland","NAME_LONG":"Poland","BRK_A3":"POL","BRK_NAME":"Poland","BRK_GROUP":null,"ABBREV":"Pol.","POSTAL":"PL","FORMAL_EN":"Republic of Poland","FORMAL_FR":null,"NAME_CIAWF":"Poland","NOTE_ADM0":null,"NOTE_BRK":null,"NAME_SORT":"Poland","NAME_ALT":null,"MAPCOLOR7":3,"MAPCOLOR8":7,"MAPCOLOR9":1,"MAPCOLOR13":2,"POP_EST":38476269,"POP_RANK":15,"GDP_MD_EST":1052000,"POP_YEAR":2017,"LASTCENSUS":2011,"GDP_YEAR":2016,"ECONOMY":"2. Developed region: nonG7","INCOME_GRP":"1. High income: OECD","WIKIPEDIA":-99,"FIPS_10_":"PL","ISO_A2":"PL","ISO_A3":"POL","ISO_A3_EH":"POL","ISO_N3":"616","UN_A3":"616","WB_A2":"PL","WB_A3":"POL","WOE_ID":23424923,"WOE_ID_EH":23424923,"WOE_NOTE":"Exact WOE match as country","ADM0_A3_IS":"POL","ADM0_A3_US":"POL","ADM0_A3_UN":-99,"ADM0_A3_WB":-99,"CONTINENT":"Europe","REGION_UN":"Europe","SUBREGION":"Eastern Europe","REGION_WB":"Europe & Central Asia","NAME_LEN":6,"LONG_LEN":6,"ABBREV_LEN":4,"TINY":-99,"HOMEPART":1,"MIN_ZOOM":0,"MIN_LABEL":3,"MAX_LABEL":7},"geometry":{"type":"Polygon","coordinates":[[[23.484128,53.912498],[23.922757,50.424881],[19.825023,49.217125],[16.719476,50.215747],[14.074521,52.981263],[19.66064,54.426084]]]}},{"type":"Feature","properties":{"scalerank":1,"featurecla":"Admin-0 country","LABELRANK":5,"SOVEREIGNT":"United States of America","SOV_A3":"US1","ADM0_DIF":1,"LEVEL":2,"TYPE":"Dependency","ADMIN":"Puerto Rico","ADM0_A3":"PRI","GEOU_DIF":0,"GEOUNIT":"Puerto Rico","GU_A3":"PRI","SU_DIF":0,"SUBUNIT":"Puerto Rico","SU_A3":"PRI","BRK_DIFF":0,"NAME":"Puerto Rico","NAME_LONG":"Puerto Rico","BRK_A3":"PRI","BRK_NAME":"Puerto Rico","BRK_GROUP":null,"ABBREV":"P.R.","POSTAL":"PR","FORMAL_EN":"Commonwealth of Puerto Rico","FORMAL_FR":null,"NAME_CIAWF":"Puerto Rico","NOTE_ADM0":"Commonwealth of U.S.A.","NOTE_BRK":null,"NAME_SORT":"Puerto Rico","NAME_ALT":null,"MAPCOLOR7":4,"MAPCOLOR8":5,"MAPCOLOR9":1,"MAPCOLOR13":1,"POP_EST":3351827,"POP_RANK":12,"GDP_MD_EST":131000,"POP_YEAR":2017,"LASTCENSUS":2010,"GDP_YEAR":2016,"ECONOMY":"6. Developing region","INCOME_GRP":"2. High income: nonOECD","WIKIPEDIA":-99,"FIPS_10_":"RQ","ISO_A2":"PR","ISO_A3":"PRI","ISO_A3_EH":"PRI","ISO_N3":"630","UN_A3":"630","WB_A2":"PR","WB_A3":"PRI","WOE_ID":23424935,"WOE_ID_EH":23424935,"WOE_NOTE":"Exact WOE match as country","ADM0_A3_IS":"PRI","ADM0_A3_US":"PRI","ADM0_A3_UN":-99,"ADM0_A3_WB":-99,"CONTINENT":"North America","REGION_UN":"Americas","SUBREGION":"Caribbean","REGION_WB":"Latin America & Caribbean","NAME_LEN":11,"LONG_LEN":11,"ABBREV_LEN":4,"TINY":-99,"HOMEPART":-99,"MIN_ZOOM":0,"MIN_LABEL":3,"MAX_LABEL":8},"geometry":{"type":"Polygon","coordinates":[[[-66.282434,18.514762],[-66.282434,18.514762]]]}},{"type":"Feature","properties":{"scalerank":1,"featurecla":"Admin-0 country","LABELRANK":3,"SOVEREIGNT":"North Korea","SOV_A3":"PRK","ADM0_DIF":0,"LEVEL":2,"TYPE":"Sovereign country","ADMIN":"North Korea","ADM0_A3":"PRK","GEOU_DIF":0,"GEOUNIT":"North Korea","GU_A3":"PRK","SU_DIF":0,"SUBUNIT":"North Korea","SU_A3":"PRK","BRK_DIFF":0,"NAME":"North Korea","NAME_LONG":"Dem. Rep. Korea","BRK_A3":"PRK","BRK_NAME":"Dem. Rep. Korea","BRK_GROUP":null,"ABBREV":"N.K.","POSTAL":"KP","FORMAL_EN":"Democratic People's Republic of Korea","FORMAL_FR":null,"NAME_CIAWF":"Korea, North","NOTE_ADM0":null,"NOTE_BRK":null,"NAME_SORT":"Korea, Dem. Rep.","NAME_ALT":null,"MAPCOLOR7":3,"MAPCOLOR8":5,"MAPCOLOR9":3,"MAPCOLOR13":9,"POP_EST":25248140,"POP_RANK":15,"GDP_MD_EST":40000,"POP_YEAR":2013,"LASTCENSUS":2009,"GDP_YEAR":2016,"ECONOMY":"7. Least developed region","INCOME_GRP":"5. Low income","WIKIPEDIA":-99,"FIPS_10_":"KN","ISO_A2":"KP","ISO_A3":"PRK","ISO_A3_EH":"PRK","ISO_N3":"408","UN_A3":"408","WB_A2":"KP","WB_A3":"PRK","WOE_ID":23424865,"WOE_ID_EH":23424865,"WOE_NOTE":"Exact WOE match as country","ADM0_A3_IS":"PRK","ADM0_A3_US":"PRK","ADM0_A3_UN":-99,"ADM0_A3_WB":-99,"CONTINENT":"Asia","REGION_UN":"Asia","SUBREGION":"Eastern Asia","REGION_WB":"East Asia & Pacific","NAME_LEN":11,"LONG_LEN":15,"ABBREV_LEN":4,"TINY":-99,"HOMEPART":1,"MIN_ZOOM":0,"MIN_LABEL":3,"MAX_LABEL":8},"geometry":{"type":"MultiPolygon","coordinates":[[[[124.265625,39.928493],[129.994267,42.985387],[129.188115,40.661808],[128.349716,38.612243],[125.568439,37.752089],[125.38659,39.387958]]],[[[130.780005,42.22001]]]]}},{"type":"Feature","properties":{"scalerank":1,"featurecla":"Admin-0 country","LABELRANK":2,"SOVEREIGNT":"Portugal","SOV_A3":"PRT","ADM0_DIF":0,"LEVEL":2,"TYPE":"Sovereign country","ADMIN":"Portugal","ADM0_A3":"PRT","GEOU_DIF":0,"GEOUNIT":"Portugal","GU_A3":"PRT","SU_DIF":1,"SUBUNIT":"Portugal","SU_A3":"PR1","BRK_DIFF":0,"NAME":"Portugal","NAME_LONG":"Portugal","BRK_A3":"PR1","BRK_NAME":"Portugal","BRK_GROUP":null,"ABBREV":"Port.","POSTAL":"P","FORMAL_EN":"Portuguese Republic","FORMAL_FR":null,"NAME_CIAWF":"Portugal","NOTE_ADM0":null,"NOTE_BRK":null,"NAME_SORT":"Portugal","NAME_ALT":null,"MAPCOLOR7":1,"MAPCOLOR8":7,"MAPCOLOR9":1,"MAPCOLOR13":4,"POP_EST":10839514,"POP_RANK":14,"GDP_MD_EST":297100,"POP_YEAR":2017,"LASTCENSUS":2011,"GDP_YEAR":2016,"ECONOMY":"2. Developed region: nonG7","INCOME_GRP":"1. High income: OECD","WIKIPEDIA":-99,"FIPS_10_":"PO","ISO_A2":"PT","ISO_A3":"PRT","ISO_A3_EH":"PRT","ISO_N3":"620","UN_A3":"620","WB_A2":"PT","WB_A3":"PRT","WOE_ID":23424925,"WOE_ID_EH":23424925,"WOE_NOTE":"Exact WOE match as country","ADM0_A3_IS":"PRT","ADM0_A3_US":"PRT","ADM0_A3_UN":-99,"ADM0_A3_WB":-99,"CONTINENT":"Europe","REGION_UN":"Europe","SUBREGION":"Southern Europe","REGION_WB":"Europe & Central Asia","NAME_LEN":8,"LONG_LEN":8,"ABBREV_LEN":5,"TINY":-99,"HOMEPART":1,"MIN_ZOOM":0,"MIN_LABEL":3,"MAX_LABEL":8},"geometry":{"type":"Polygon","coordinates":[[[-9.034818,41.880571],[-6.851127,41.111083],[-7.166508,37.803894],[-9.287464,38.358486],[-9.034818,41.880571]]]}},{"type":"Feature","properties":{"scalerank":1,"featurecla":"Admin-0 country","LABELRANK":4,"SOVEREIGNT":"Paraguay","SOV_A3":"PRY","ADM0_DIF":0,"LEVEL":2,"TYPE":"Sovereign country","ADMIN":"Paraguay","ADM0_A3":"PRY","GEOU_DIF":0,"GEOUNIT":"Paraguay","GU_A3":"PRY","SU_DIF":0,"SUBUNIT":"Paraguay","SU_A3":"PRY","BRK_DIFF":0,"NAME":"Paraguay","NAME_LONG":"Paraguay","BRK_A3":"PRY","BRK_NAME":"Paraguay","BRK_GROUP":null,"ABBREV":"Para.","POSTAL":"PY","FORMAL_EN":"Republic of Paraguay","FORMAL_FR":null,"NAME_CIAWF":"Paraguay","NOTE_ADM0":null,"NOTE_BRK":null,"NAME_SORT":"Paraguay","NAME_ALT":null,"MAPCOLOR7":6,"MAPCOLOR8":3,"MAPCOLOR9":6,"MAPCOLOR13":2,"POP_EST":6943739,"POP_RANK":13,"GDP_MD_EST":64670,"POP_YEAR":2017,"LASTCENSUS":2002,"GDP_YEAR":2016,"ECONOMY":"5. Emerging region: G20","INCOME_GRP":"4. Lower middle income","WIKIPEDIA":-99,"FIPS_10_":"PA","ISO_A2":"PY","ISO_A3":"PRY","ISO_A3_EH":"PRY","ISO_N3":"600","UN_A3":"600","WB_A2":"PY","WB_A3":"PRY","WOE_ID":23424917,"WOE_ID_EH":23424917,"WOE_NOTE":"Exact WOE match as country","ADM0_A3_IS":"PRY","ADM0_A3_US":"PRY","ADM0_A3_UN":-99,"ADM0_A3_WB":-99,"CONTINENT":"South America","REGION_UN":"Americas","SUBREGION":"South America","REGION_WB":"Latin America & Caribbean","NAME_LEN":8,"LONG_LEN":8,"ABBREV_LEN":5,"TINY":-99,"HOMEPART":1,"MIN_ZOOM":0,"MIN_LABEL":3,"MAX_LABEL":8},"geometry":{"type":"Polygon","coordinates":[[[-54.625291,-25.739255],[-58.807128,-24.771459],[-59.115042,-19.356906],[-55.610683,-22.655619],[-54.625291,-25.739255]]]}},{"type":"Feature","properties":{"scalerank":1,"featurecla":"Admin-0 country","LABELRANK":5,"SOVEREIGNT":"Israel","SOV_A3":"IS1","ADM0_DIF":1,"LEVEL":2,"TYPE":"Disputed","ADMIN":"Palestine","ADM0_A3":"PSX","GEOU_DIF":0,"GEOUNIT":"Palestine","GU_A3":"PSX","SU_DIF":0,"SUBUNIT":"Palestine","SU_A3":"PSX","BRK_DIFF":0,"NAME":"Palestine","NAME_LONG":"Palestine","BRK_A3":"PSX","BRK_NAME":"Palestine","BRK_GROUP":null,"ABBREV":"Pal.","POSTAL":"PAL","FORMAL_EN":"West Bank and Gaza","FORMAL_FR":null,"NAME_CIAWF":null,"NOTE_ADM0":"Partial self-admin.","NOTE_BRK":"Partial self-admin.","NAME_SORT":"Palestine (West Bank and Gaza)","NAME_ALT":null,"MAPCOLOR7":3,"MAPCOLOR8":2,"MAPCOLOR9":5,"MAPCOLOR13":8,"POP_EST":4543126,"POP_RANK":12,"GDP_MD_EST":21220.77,"POP_YEAR":2017,"LASTCENSUS":2007,"GDP_YEAR":2016,"ECONOMY":"6. Developing region","INCOME_GRP":"4. Lower middle income","WIKIPEDIA":-99,"FIPS_10_":"-99","ISO_A2":"PS","ISO_A3":"PSE","ISO_A3_EH":"PSE","ISO_N3":"275","UN_A3":"275","WB_A2":"GZ","WB_A3":"WBG","WOE_ID":28289408,"WOE_ID_EH":28289408,"WOE_NOTE":"Exact WOE match as country","ADM0_A3_IS":"PSE","ADM0_A3_US":"PSX","ADM0_A3_UN":-99,"ADM0_A3_WB":-99,"CONTINENT":"Asia","REGION_UN":"Asia","SUBREGION":"Western Asia","REGION_WB":"Middle East & North Africa","NAME_LEN":9,"LONG_LEN":9,"ABBREV_LEN":4,"TINY":-99,"HOMEPART":-99,"MIN_ZOOM":7,"MIN_LABEL":4.5,"MAX_LABEL":9.5},"geometry":{"type":"Polygon","coordinates":[[[35.397561,31.489086],[35.397561,31.489086]]]}},{"type":"Feature","properties":{"scalerank":1,"featurecla":"Admin-0 country","LABELRANK":5,"SOVEREIGNT":"Qatar","SOV_A3":"QAT","ADM0_DIF":0,"LEVEL":2,"TYPE":"Sovereign country","ADMIN":"Qatar","ADM0_A3":"QAT","GEOU_DIF":0,"GEOUNIT":"Qatar","GU_A3":"QAT","SU_DIF":0,"SUBUNIT":"Qatar","SU_A3":"QAT","BRK_DIFF":0,"NAME":"Qatar","NAME_LONG":"Qatar","BRK_A3":"QAT","BRK_NAME":"Qatar","BRK_GROUP":null,"ABBREV":"Qatar","POSTAL":"QA","FORMAL_EN":"State of Qatar","FORMAL_FR":null,"NAME_CIAWF":"Qatar","NOTE_ADM0":null,"NOTE_BRK":null,"NAME_SORT":"Qatar","NAME_ALT":null,"MAPCOLOR7":3,"MAPCOLOR8":6,"MAPCOLOR9":2,"MAPCOLOR13":4,"POP_EST":2314307,"POP_RANK":12,"GDP_MD_EST":334500,"POP_YEAR":2017,"LASTCENSUS":2010,"GDP_YEAR":2016,"ECONOMY":"6. Developing region","INCOME_GRP":"2. High income: nonOECD","WIKIPEDIA":-99,"FIPS_10_":"QA","ISO_A2":"QA","ISO_A3":"QAT","ISO_A3_EH":"QAT","ISO_N3":"634","UN_A3":"634","WB_A2":"QA","WB_A3":"QAT","WOE_ID":23424930,"WOE_ID_EH":23424930,"WOE_NOTE":"Exact WOE match as country","ADM0_A3_IS":"QAT","ADM0_A3_US":"QAT","ADM0_A3_UN":-99,"ADM0_A3_WB":-99,"CONTINENT":"Asia","REGION_UN":"Asia","SUBREGION":"Western Asia","REGION_WB":"Middle East & North Africa","NAME_LEN":5,"LONG_LEN":5,"ABBREV_LEN":5,"TINY":-99,"HOMEPART":1,"MIN_ZOOM":0,"MIN_LABEL":4,"MAX_LABEL":9},"geometry":{"type":"Polygon","coordinates":[[[50.810108,24.754743],[50.810108,24.754743]]]}},{"type":"Feature","properties":{"scalerank":1,"featurecla":"Admin-0 country","LABELRANK":3,"SOVEREIGNT":"Romania","SOV_A3":"ROU","ADM0_DIF":0,"LEVEL":2,"TYPE":"Sovereign country","ADMIN":"Romania","ADM0_A3":"ROU","GEOU_DIF":0,"GEOUNIT":"Romania","GU_A3":"ROU","SU_DIF":0,"SUBUNIT":"Romania","SU_A3":"ROU","BRK_DIFF":0,"NAME":"Romania","NAME_LONG":"Romania","BRK_A3":"ROU","BRK_NAME":"Romania","BRK_GROUP":null,"ABBREV":"Rom.","POSTAL":"RO","FORMAL_EN":"Romania","FORMAL_FR":null,"NAME_CIAWF":"Romania","NOTE_ADM0":null,"NOTE_BRK":null,"NAME_SORT":"Romania","NAME_ALT":null,"MAPCOLOR7":1,"MAPCOLOR8":4,"MAPCOLOR9":3,"MAPCOLOR13":13,"POP_EST":21529967,"POP_RANK":15,"GDP_MD_EST":441000,"POP_YEAR":2017,"LASTCENSUS":2011,"GDP_YEAR":2016,"ECONOMY":"2. Developed region: nonG7","INCOME_GRP":"3. Upper middle income","WIKIPEDIA":-99,"FIPS_10_":"RO","ISO_A2":"RO","ISO_A3":"ROU","ISO_A3_EH":"ROU","ISO_N3":"642","UN_A3":"642","WB_A2":"RO","WB_A3":"ROM","WOE_ID":23424933,"WOE_ID_EH":23424933,"WOE_NOTE":"Exact WOE match as country","ADM0_A3_IS":"ROU","ADM0_A3_US":"ROU","ADM0_A3_UN":-99,"ADM0_A3_WB":-99,"CONTINENT":"Europe","REGION_UN":"Europe","SUBREGION":"Eastern Europe","REGION_WB":"Europe & Central Asia","NAME_LEN":7,"LONG_LEN":7,"ABBREV_LEN":4,"TINY":-99,"HOMEPART":1,"MIN_ZOOM":0,"MIN_LABEL":3,"MAX_LABEL":8},"geometry":{"type":"Polygon","coordinates":[[[28.558081,43.707462],[22.65715,44.234923],[20.762175,45.734573],[24.402056,47.981878],[27.551166,47.405117],[29.626543,45.035391]]]}},{"type":"Feature","properties":{"scalerank":1,"featurecla":"Admin-0 country","LABELRANK":2,"SOVEREIGNT":"Russia","SOV_A3":"RUS","ADM0_DIF":0,"LEVEL":2,"TYPE":"Sovereign country","ADMIN":"Russia","ADM0_A3":"RUS","GEOU_DIF":0,"GEOUNIT":"Russia","GU_A3":"RUS","SU_DIF":0,"SUBUNIT":"Russia","SU_A3":"RUS","BRK_DIFF":0,"NAME":"Russia","NAME_LONG":"Russian Federation","BRK_A3":"RUS","BRK_NAME":"Russia","BRK_GROUP":null,"ABBREV":"Rus.","POSTAL":"RUS","FORMAL_EN":"Russian Federation","FORMAL_FR":null,"NAME_CIAWF":"Russia","NOTE_ADM0":null,"NOTE_BRK":null,"NAME_SORT":"Russian Federation","NAME_ALT":null,"MAPCOLOR7":2,"MAPCOLOR8":5,"MAPCOLOR9":7,"MAPCOLOR13":7,"POP_EST":142257519,"POP_RANK":17,"GDP_MD_EST":3745000,"POP_YEAR":2017,"LASTCENSUS":2010,"GDP_YEAR":2016,"ECONOMY":"3. Emerging region: BRIC","INCOME_GRP":"3. Upper middle income","WIKIPEDIA":-99,"FIPS_10_":"RS","ISO_A2":"RU","ISO_A3":"RUS","ISO_A3_EH":"RUS","ISO_N3":"643","UN_A3":"643","WB_A2":"RU","WB_A3":"RUS","WOE_ID":23424936,"WOE_ID_EH":23424936,"WOE_NOTE":"Exact WOE match as country","ADM0_A3_IS":"RUS","ADM0_A3_US":"RUS","ADM0_A3_UN":-99,"ADM0_A3_WB":-99,"CONTINENT":"Europe","REGION_UN":"Europe","SUBREGION":"Eastern Europe","REGION_WB":"Europe & Central Asia","NAME_LEN":6,"LONG_LEN":18,"ABBREV_LEN":4,"TINY":-99,"HOMEPART":1,"MIN_ZOOM":0,"MIN_LABEL":1.7,"MAX_LABEL":5.2},"geometry":{"type":"MultiPolygon","coordinates":[[[[48.584353,41.808869],[44.537623,42.711993],[37.53912,44.65721],[38.255112,47.5464],[38.010631,49.915662],[34.391731,51.768882],[31.305201,53.073996],[30.757534,54.811771],[27.770016,57.244258],[28.070002,60.503519],[30.21765,65.80598],[32.13272,69.90595],[33.91871,66.75961],[36.539579,64.76446],[44.53226,66.75634],[46.34915,66.66767],[55.44268,68.43866],[64.888115,69.234835],[66.69466,71.02897],[72.79188,70.39114],[74.18651,67.28429],[74.89082,72.12119],[79.65202,72.32011],[87.16682,75.11643],[100.75967,76.43028],[108.1538,76.72335],[110.64,74.04],[123.20066,72.97122],[131.28858,70.78699],[140.46817,72.84941],[160.94053,69.43728],[170.45345,70.09703],[177.41128,64.60821],[173.68013,61.65261],[163.53929,59.86871],[162.11749,54.85514],[155.43366,55.38103],[164.47355,62.55061],[152.81185,58.88385],[135.12619,54.72959],[140.59742,51.23967],[133.53687,42.81147],[130.64,42.395],[133.769644,46.116927],[129.397818,49.4406],[122.245748,53.431726],[117.879244,49.510983],[109.402449,49.292961],[102.06521,51.25991],[94.815949,50.013433],[86.829357,49.826675],[80.03556,50.864751],[71.180131,54.133285],[61.699986,52.979996],[58.36332,51.06364],[47.54948,50.454698],[49.10116,46.39933]]],[[[21.268449,55.190482],[21.268449,55.190482]]],[[[33.435988,45.971917],[36.529998,45.46999],[33.588162,45.851569]]],[[[143.648007,50.7476],[141.906925,46.805929],[142.209749,54.225476]]],[[[-175.01425,66.58435],[-172.95533,64.25269],[-178.68611,66.11211]]],[[[180,70.832199]]],[[[-178.69378,70.89302]]],[[[143.60385,73.21244]]],[[[150.73167,75.08406]]],[[[145.086285,75.562625],[145.086285,75.562625]]],[[[57.535693,70.720464],[54.427614,73.627548],[68.15706,76.939697],[55.622838,71.540595]]],[[[105.07547,78.30689]]],[[[51.136187,80.54728],[46.799139,80.771918]]],[[[99.93976,78.88094],[97.88385,80.746975]]]]}},{"type":"Feature","properties":{"scalerank":1,"featurecla":"Admin-0 country","LABELRANK":3,"SOVEREIGNT":"Rwanda","SOV_A3":"RWA","ADM0_DIF":0,"LEVEL":2,"TYPE":"Sovereign country","ADMIN":"Rwanda","ADM0_A3":"RWA","GEOU_DIF":0,"GEOUNIT":"Rwanda","GU_A3":"RWA","SU_DIF":0,"SUBUNIT":"Rwanda","SU_A3":"RWA","BRK_DIFF":0,"NAME":"Rwanda","NAME_LONG":"Rwanda","BRK_A3":"RWA","BRK_NAME":"Rwanda","BRK_GROUP":null,"ABBREV":"Rwa.","POSTAL":"RW","FORMAL_EN":"Republic of Rwanda","FORMAL_FR":null,"NAME_CIAWF":"Rwanda","NOTE_ADM0":null,"NOTE_BRK":null,"NAME_SORT":"Rwanda","NAME_ALT":null,"MAPCOLOR7":5,"MAPCOLOR8":2,"MAPCOLOR9":3,"MAPCOLOR13":10,"POP_EST":11901484,"POP_RANK":14,"GDP_MD_EST":21970,"POP_YEAR":2017,"LASTCENSUS":2002,"GDP_YEAR":2016,"ECONOMY":"7. Least developed region","INCOME_GRP":"5. Low income","WIKIPEDIA":-99,"FIPS_10_":"RW","ISO_A2":"RW","ISO_A3":"RWA","ISO_A3_EH":"RWA","ISO_N3":"646","UN_A3":"646","WB_A2":"RW","WB_A3":"RWA","WOE_ID":23424937,"WOE_ID_EH":23424937,"WOE_NOTE":"Exact WOE match as country","ADM0_A3_IS":"RWA","ADM0_A3_US":"RWA","ADM0_A3_UN":-99,"ADM0_A3_WB":-99,"CONTINENT":"Africa","REGION_UN":"Africa","SUBREGION":"Eastern Africa","REGION_WB":"Sub-Saharan Africa","NAME_LEN":6,"LONG_LEN":6,"ABBREV_LEN":4,"TINY":-99,"HOMEPART":1,"MIN_ZOOM":0,"MIN_LABEL":3,"MAX_LABEL":8},"geometry":{"type":"Polygon","coordinates":[[[30.469674,-2.413855],[29.821519,-1.443322]]]}},{"type":"Feature","properties":{"scalerank":1,"featurecla":"Admin-0 country","LABELRANK":7,"SOVEREIGNT":"Western Sahara","SOV_A3":"SAH","ADM0_DIF":0,"LEVEL":2,"TYPE":"Indeterminate","ADMIN":"Western Sahara","ADM0_A3":"SAH","GEOU_DIF":0,"GEOUNIT":"Western Sahara","GU_A3":"SAH","SU_DIF":0,"SUBUNIT":"Western Sahara","SU_A3":"SAH","BRK_DIFF":1,"NAME":"W. Sahara","NAME_LONG":"Western Sahara","BRK_A3":"B28","BRK_NAME":"W. Sahara","BRK_GROUP":null,"ABBREV":"W. Sah.","POSTAL":"WS","FORMAL_EN":"Sahrawi Arab Democratic Republic","FORMAL_FR":null,"NAME_CIAWF":"Western Sahara","NOTE_ADM0":"Self admin.","NOTE_BRK":"Self admin.; Claimed by Morocco","NAME_SORT":"Western Sahara","NAME_ALT":null,"MAPCOLOR7":4,"MAPCOLOR8":7,"MAPCOLOR9":4,"MAPCOLOR13":4,"POP_EST":603253,"POP_RANK":11,"GDP_MD_EST":906.5,"POP_YEAR":2017,"LASTCENSUS":-99,"GDP_YEAR":2007,"ECONOMY":"7. Least developed region","INCOME_GRP":"5. Low income","WIKIPEDIA":-99,"FIPS_10_":"WI","ISO_A2":"EH","ISO_A3":"ESH","ISO_A3_EH":"ESH","ISO_N3":"732","UN_A3":"732","WB_A2":"-99","WB_A3":"-99","WOE_ID":23424990,"WOE_ID_EH":23424990,"WOE_NOTE":"Exact WOE match as country","ADM0_A3_IS":"MAR","ADM0_A3_US":"SAH","ADM0_A3_UN":-99,"ADM0_A3_WB":-99,"CONTINENT":"Africa","REGION_UN":"Africa","SUBREGION":"Northern Africa","REGION_WB":"Middle East & North Africa","NAME_LEN":9,"LONG_LEN":14,"ABBREV_LEN":7,"TINY":-99,"HOMEPART":1,"MIN_ZOOM":4.7,"MIN_LABEL":6,"MAX_LABEL":11},"geometry":{"type":"Polygon","coordinates":[[[-8.66559,27.656426],[-12.929102,21.327071],[-13.89111,23.691009],[-9.413037,27.088476]]]}},{"type":"Feature","properties":{"scalerank":1,"featurecla":"Admin-0 country","LABELRANK":2,"SOVEREIGNT":"Saudi Arabia","SOV_A3":"SAU","ADM0_DIF":0,"LEVEL":2,"TYPE":"Sovereign country","ADMIN":"Saudi Arabia","ADM0_A3":"SAU","GEOU_DIF":0,"GEOUNIT":"Saudi Arabia","GU_A3":"SAU","SU_DIF":0,"SUBUNIT":"Saudi Arabia","SU_A3":"SAU","BRK_DIFF":0,"NAME":"Saudi Arabia","NAME_LONG":"Saudi Arabia","BRK_A3":"SAU","BRK_NAME":"Saudi Arabia","BRK_GROUP":null,"ABBREV":"Saud.","POSTAL":"SA","FORMAL_EN":"Kingdom of Saudi Arabia","FORMAL_FR":null,"NAME_CIAWF":"Saudi Arabia","NOTE_ADM0":null,"NOTE_BRK":null,"NAME_SORT":"Saudi Arabia","NAME_ALT":null,"MAPCOLOR7":6,"MAPCOLOR8":1,"MAPCOLOR9":6,"MAPCOLOR13":7,"POP_EST":28571770,"POP_RANK":15,"GDP_MD_EST":1731000,"POP_YEAR":2017,"LASTCENSUS":2010,"GDP_YEAR":2016,"ECONOMY":"2. Developed region: nonG7","INCOME_GRP":"2. High income: nonOECD","WIKIPEDIA":-99,"FIPS_10_":"SA","ISO_A2":"SA","ISO_A3":"SAU","ISO_A3_EH":"SAU","ISO_N3":"682","UN_A3":"682","WB_A2":"SA","WB_A3":"SAU","WOE_ID":23424938,"WOE_ID_EH":23424938,"WOE_NOTE":"Exact WOE match as country","ADM0_A3_IS":"SAU","ADM0_A3_US":"SAU","ADM0_A3_UN":-99,"ADM0_A3_WB":-99,"CONTINENT":"Asia","REGION_UN":"Asia","SUBREGION":"Western Asia","REGION_WB":"Middle East & North Africa","NAME_LEN":12,"LONG_LEN":12,"ABBREV_LEN":5,"TINY":-99,"HOMEPART":1,"MIN_ZOOM":0,"MIN_LABEL":2.7,"MAX_LABEL":7},"geometry":{"type":"Polygon","coordinates":[[[51.579519,24.245497],[49.116672,18.616668],[44.062613,17.410359],[42.270888,17.474722],[39.066329,22.579656],[36.249137,26.570136],[36.501214,29.505254],[40.399994,31.889992],[49.299554,27.461218],[50.810108,24.754743]]]}},{"type":"Feature","properties":{"scalerank":1,"featurecla":"Admin-0 country","LABELRANK":3,"SOVEREIGNT":"Sudan","SOV_A3":"SDN","ADM0_DIF":0,"LEVEL":2,"TYPE":"Sovereign country","ADMIN":"Sudan","ADM0_A3":"SDN","GEOU_DIF":0,"GEOUNIT":"Sudan","GU_A3":"SDN","SU_DIF":0,"SUBUNIT":"Sudan","SU_A3":"SDN","BRK_DIFF":0,"NAME":"Sudan","NAME_LONG":"Sudan","BRK_A3":"SDN","BRK_NAME":"Sudan","BRK_GROUP":null,"ABBREV":"Sudan","POSTAL":"SD","FORMAL_EN":"Republic of the Sudan","FORMAL_FR":null,"NAME_CIAWF":"Sudan","NOTE_ADM0":null,"NOTE_BRK":null,"NAME_SORT":"Sudan","NAME_ALT":null,"MAPCOLOR7":2,"MAPCOLOR8":6,"MAPCOLOR9":4,"MAPCOLOR13":1,"POP_EST":37345935,"POP_RANK":15,"GDP_MD_EST":176300,"POP_YEAR":2017,"LASTCENSUS":2008,"GDP_YEAR":2016,"ECONOMY":"6. Developing region","INCOME_GRP":"4. Lower middle income","WIKIPEDIA":-99,"FIPS_10_":"SU","ISO_A2":"SD","ISO_A3":"SDN","ISO_A3_EH":"SDN","ISO_N3":"729","UN_A3":"729","WB_A2":"SD","WB_A3":"SDN","WOE_ID":-90,"WOE_ID_EH":23424952,"WOE_NOTE":"Almost all FLickr photos are in the north.","ADM0_A3_IS":"SDN","ADM0_A3_US":"SDN","ADM0_A3_UN":-99,"ADM0_A3_WB":-99,"CONTINENT":"Africa","REGION_UN":"Africa","SUBREGION":"Northern Africa","REGION_WB":"Sub-Saharan Africa","NAME_LEN":5,"LONG_LEN":5,"ABBREV_LEN":5,"TINY":-99,"HOMEPART":1,"MIN_ZOOM":0,"MIN_LABEL":3,"MAX_LABEL":8},"geometry":{"type":"Polygon","coordinates":[[[24.567369,8.229188],[22.87622,11.38461],[22.51202,14.09318],[25,22],[37.86276,18.36786],[36.27022,13.56333],[33.963393,9.464285],[32.67475,12.024832],[29.618957,10.084919],[26.477328,9.55273],[24.567369,8.229188]]]}},{"type":"Feature","properties":{"scalerank":1,"featurecla":"Admin-0 country","LABELRANK":3,"SOVEREIGNT":"South Sudan","SOV_A3":"SDS","ADM0_DIF":0,"LEVEL":2,"TYPE":"Sovereign country","ADMIN":"South Sudan","ADM0_A3":"SDS","GEOU_DIF":0,"GEOUNIT":"South Sudan","GU_A3":"SDS","SU_DIF":0,"SUBUNIT":"South Sudan","SU_A3":"SDS","BRK_DIFF":0,"NAME":"S. Sudan","NAME_LONG":"South Sudan","BRK_A3":"SDS","BRK_NAME":"S. Sudan","BRK_GROUP":null,"ABBREV":"S. Sud.","POSTAL":"SS","FORMAL_EN":"Republic of South Sudan","FORMAL_FR":null,"NAME_CIAWF":"South Sudan","NOTE_ADM0":null,"NOTE_BRK":null,"NAME_SORT":"South Sudan","NAME_ALT":null,"MAPCOLOR7":1,"MAPCOLOR8":3,"MAPCOLOR9":3,"MAPCOLOR13":5,"POP_EST":13026129,"POP_RANK":14,"GDP_MD_EST":20880,"POP_YEAR":2017,"LASTCENSUS":2008,"GDP_YEAR":2016,"ECONOMY":"7. Least developed region","INCOME_GRP":"5. Low income","WIKIPEDIA":-99,"FIPS_10_":"-99","ISO_A2":"SS","ISO_A3":"SSD","ISO_A3_EH":"SSD","ISO_N3":"728","UN_A3":"728","WB_A2":"SS","WB_A3":"SSD","WOE_ID":-99,"WOE_ID_EH":-99,"WOE_NOTE":"Includes states of 20069899, 20069897, 20069898, 20069901, 20069909, and 20069908 but maybe more?","ADM0_A3_IS":"SSD","ADM0_A3_US":"SDS","ADM0_A3_UN":-99,"ADM0_A3_WB":-99,"CONTINENT":"Africa","REGION_UN":"Africa","SUBREGION":"Eastern Africa","REGION_WB":"Sub-Saharan Africa","NAME_LEN":8,"LONG_LEN":11,"ABBREV_LEN":7,"TINY":-99,"HOMEPART":1,"MIN_ZOOM":0,"MIN_LABEL":3,"MAX_LABEL":8},"geometry":{"type":"Polygon","coordinates":[[[27.374226,5.233944],[23.88698,8.61973],[26.752006,9.466893],[29.996639,10.290927],[32.743419,12.248008],[33.97498,8.68456],[35.298007,5.506],[29.9535,4.173699]]]}},{"type":"Feature","properties":{"scalerank":1,"featurecla":"Admin-0 country","LABELRANK":3,"SOVEREIGNT":"Senegal","SOV_A3":"SEN","ADM0_DIF":0,"LEVEL":2,"TYPE":"Sovereign country","ADMIN":"Senegal","ADM0_A3":"SEN","GEOU_DIF":0,"GEOUNIT":"Senegal","GU_A3":"SEN","SU_DIF":0,"SUBUNIT":"Senegal","SU_A3":"SEN","BRK_DIFF":0,"NAME":"Senegal","NAME_LONG":"Senegal","BRK_A3":"SEN","BRK_NAME":"Senegal","BRK_GROUP":null,"ABBREV":"Sen.","POSTAL":"SN","FORMAL_EN":"Republic of Senegal","FORMAL_FR":null,"NAME_CIAWF":"Senegal","NOTE_ADM0":null,"NOTE_BRK":null,"NAME_SORT":"Senegal","NAME_ALT":null,"MAPCOLOR7":2,"MAPCOLOR8":6,"MAPCOLOR9":5,"MAPCOLOR13":5,"POP_EST":14668522,"POP_RANK":14,"GDP_MD_EST":39720,"POP_YEAR":2017,"LASTCENSUS":2002,"GDP_YEAR":2016,"ECONOMY":"7. Least developed region","INCOME_GRP":"4. Lower middle income","WIKIPEDIA":-99,"FIPS_10_":"SG","ISO_A2":"SN","ISO_A3":"SEN","ISO_A3_EH":"SEN","ISO_N3":"686","UN_A3":"686","WB_A2":"SN","WB_A3":"SEN","WOE_ID":23424943,"WOE_ID_EH":23424943,"WOE_NOTE":"Exact WOE match as country","ADM0_A3_IS":"SEN","ADM0_A3_US":"SEN","ADM0_A3_UN":-99,"ADM0_A3_WB":-99,"CONTINENT":"Africa","REGION_UN":"Africa","SUBREGION":"Western Africa","REGION_WB":"Sub-Saharan Africa","NAME_LEN":7,"LONG_LEN":7,"ABBREV_LEN":4,"TINY":-99,"HOMEPART":1,"MIN_ZOOM":0,"MIN_LABEL":3,"MAX_LABEL":8},"geometry":{"type":"Polygon","coordinates":[[[-11.513943,12.442988],[-15.816574,12.515567],[-14.712197,13.298207],[-15.624596,13.623587],[-15.623666,16.369337],[-11.927716,13.422075]]]}},{"type":"Feature","properties":{"scalerank":1,"featurecla":"Admin-0 country","LABELRANK":3,"SOVEREIGNT":"Solomon Islands","SOV_A3":"SLB","ADM0_DIF":0,"LEVEL":2,"TYPE":"Sovereign country","ADMIN":"Solomon Islands","ADM0_A3":"SLB","GEOU_DIF":0,"GEOUNIT":"Solomon Islands","GU_A3":"SLB","SU_DIF":0,"SUBUNIT":"Solomon Islands","SU_A3":"SLB","BRK_DIFF":0,"NAME":"Solomon Is.","NAME_LONG":"Solomon Islands","BRK_A3":"SLB","BRK_NAME":"Solomon Is.","BRK_GROUP":null,"ABBREV":"S. Is.","POSTAL":"SB","FORMAL_EN":null,"FORMAL_FR":null,"NAME_CIAWF":"Solomon Islands","NOTE_ADM0":null,"NOTE_BRK":null,"NAME_SORT":"Solomon Islands","NAME_ALT":null,"MAPCOLOR7":1,"MAPCOLOR8":4,"MAPCOLOR9":1,"MAPCOLOR13":6,"POP_EST":647581,"POP_RANK":11,"GDP_MD_EST":1198,"POP_YEAR":2017,"LASTCENSUS":2009,"GDP_YEAR":2016,"ECONOMY":"7. Least developed region","INCOME_GRP":"4. Lower middle income","WIKIPEDIA":-99,"FIPS_10_":"BP","ISO_A2":"SB","ISO_A3":"SLB","ISO_A3_EH":"SLB","ISO_N3":"090","UN_A3":"090","WB_A2":"SB","WB_A3":"SLB","WOE_ID":23424766,"WOE_ID_EH":23424766,"WOE_NOTE":"Exact WOE match as country","ADM0_A3_IS":"SLB","ADM0_A3_US":"SLB","ADM0_A3_UN":-99,"ADM0_A3_WB":-99,"CONTINENT":"Oceania","REGION_UN":"Oceania","SUBREGION":"Melanesia","REGION_WB":"East Asia & Pacific","NAME_LEN":11,"LONG_LEN":15,"ABBREV_LEN":6,"TINY":-99,"HOMEPART":1,"MIN_ZOOM":0,"MIN_LABEL":3,"MAX_LABEL":8},"geometry":{"type":"MultiPolygon","coordinates":[[[[162.119025,-10.482719]]],[[[160.852229,-9.872937]]],[[[161.679982,-9.599982]]],[[[159.875027,-8.33732],[159.875027,-8.33732]]],[[[157.538426,-7.34782]]]]}},{"type":"Feature","properties":{"scalerank":1,"featurecla":"Admin-0 country","LABELRANK":4,"SOVEREIGNT":"Sierra Leone","SOV_A3":"SLE","ADM0_DIF":0,"LEVEL":2,"TYPE":"Sovereign country","ADMIN":"Sierra Leone","ADM0_A3":"SLE","GEOU_DIF":0,"GEOUNIT":"Sierra Leone","GU_A3":"SLE","SU_DIF":0,"SUBUNIT":"Sierra Leone","SU_A3":"SLE","BRK_DIFF":0,"NAME":"Sierra Leone","NAME_LONG":"Sierra Leone","BRK_A3":"SLE","BRK_NAME":"Sierra Leone","BRK_GROUP":null,"ABBREV":"S.L.","POSTAL":"SL","FORMAL_EN":"Republic of Sierra Leone","FORMAL_FR":null,"NAME_CIAWF":"Sierra Leone","NOTE_ADM0":null,"NOTE_BRK":null,"NAME_SORT":"Sierra Leone","NAME_ALT":null,"MAPCOLOR7":1,"MAPCOLOR8":4,"MAPCOLOR9":1,"MAPCOLOR13":7,"POP_EST":6163195,"POP_RANK":13,"GDP_MD_EST":10640,"POP_YEAR":2017,"LASTCENSUS":2004,"GDP_YEAR":2016,"ECONOMY":"7. Least developed region","INCOME_GRP":"5. Low income","WIKIPEDIA":-99,"FIPS_10_":"SL","ISO_A2":"SL","ISO_A3":"SLE","ISO_A3_EH":"SLE","ISO_N3":"694","UN_A3":"694","WB_A2":"SL","WB_A3":"SLE","WOE_ID":23424946,"WOE_ID_EH":23424946,"WOE_NOTE":"Exact WOE match as country","ADM0_A3_IS":"SLE","ADM0_A3_US":"SLE","ADM0_A3_UN":-99,"ADM0_A3_WB":-99,"CONTINENT":"Africa","REGION_UN":"Africa","SUBREGION":"Western Africa","REGION_WB":"Sub-Saharan Africa","NAME_LEN":12,"LONG_LEN":12,"ABBREV_LEN":4,"TINY":-99,"HOMEPART":1,"MIN_ZOOM":0,"MIN_LABEL":4,"MAX_LABEL":9},"geometry":{"type":"Polygon","coordinates":[[[-13.24655,8.903049],[-10.622395,9.26791],[-11.438779,6.785917]]]}},{"type":"Feature","properties":{"scalerank":1,"featurecla":"Admin-0 country","LABELRANK":6,"SOVEREIGNT":"El Salvador","SOV_A3":"SLV","ADM0_DIF":0,"LEVEL":2,"TYPE":"Sovereign country","ADMIN":"El Salvador","ADM0_A3":"SLV","GEOU_DIF":0,"GEOUNIT":"El Salvador","GU_A3":"SLV","SU_DIF":0,"SUBUNIT":"El Salvador","SU_A3":"SLV","BRK_DIFF":0,"NAME":"El Salvador","NAME_LONG":"El Salvador","BRK_A3":"SLV","BRK_NAME":"El Salvador","BRK_GROUP":null,"ABBREV":"El. S.","POSTAL":"SV","FORMAL_EN":"Republic of El Salvador","FORMAL_FR":null,"NAME_CIAWF":"El Salvador","NOTE_ADM0":null,"NOTE_BRK":null,"NAME_SORT":"El Salvador","NAME_ALT":null,"MAPCOLOR7":1,"MAPCOLOR8":4,"MAPCOLOR9":6,"MAPCOLOR13":8,"POP_EST":6172011,"POP_RANK":13,"GDP_MD_EST":54790,"POP_YEAR":2017,"LASTCENSUS":2007,"GDP_YEAR":2016,"ECONOMY":"6. Developing region","INCOME_GRP":"4. Lower middle income","WIKIPEDIA":-99,"FIPS_10_":"ES","ISO_A2":"SV","ISO_A3":"SLV","ISO_A3_EH":"SLV","ISO_N3":"222","UN_A3":"222","WB_A2":"SV","WB_A3":"SLV","WOE_ID":23424807,"WOE_ID_EH":23424807,"WOE_NOTE":"Exact WOE match as country","ADM0_A3_IS":"SLV","ADM0_A3_US":"SLV","ADM0_A3_UN":-99,"ADM0_A3_WB":-99,"CONTINENT":"North America","REGION_UN":"Americas","SUBREGION":"Central America","REGION_WB":"Latin America & Caribbean","NAME_LEN":11,"LONG_LEN":11,"ABBREV_LEN":6,"TINY":-99,"HOMEPART":1,"MIN_ZOOM":0,"MIN_LABEL":5,"MAX_LABEL":10},"geometry":{"type":"Polygon","coordinates":[[[-90.095555,13.735338],[-88.541231,13.980155],[-88.843228,13.259734]]]}},{"type":"Feature","properties":{"scalerank":1,"featurecla":"Admin-0 country","LABELRANK":5,"SOVEREIGNT":"Somaliland","SOV_A3":"SOL","ADM0_DIF":0,"LEVEL":2,"TYPE":"Indeterminate","ADMIN":"Somaliland","ADM0_A3":"SOL","GEOU_DIF":0,"GEOUNIT":"Somaliland","GU_A3":"SOL","SU_DIF":0,"SUBUNIT":"Somaliland","SU_A3":"SOL","BRK_DIFF":1,"NAME":"Somaliland","NAME_LONG":"Somaliland","BRK_A3":"B30","BRK_NAME":"Somaliland","BRK_GROUP":null,"ABBREV":"Solnd.","POSTAL":"SL","FORMAL_EN":"Republic of Somaliland","FORMAL_FR":null,"NAME_CIAWF":null,"NOTE_ADM0":"Self admin.","NOTE_BRK":"Self admin.; Claimed by Somalia","NAME_SORT":"Somaliland","NAME_ALT":null,"MAPCOLOR7":3,"MAPCOLOR8":6,"MAPCOLOR9":5,"MAPCOLOR13":2,"POP_EST":3500000,"POP_RANK":12,"GDP_MD_EST":12250,"POP_YEAR":2013,"LASTCENSUS":-99,"GDP_YEAR":2013,"ECONOMY":"6. Developing region","INCOME_GRP":"4. Lower middle income","WIKIPEDIA":-99,"FIPS_10_":"-99","ISO_A2":"-99","ISO_A3":"-99","ISO_A3_EH":"-99","ISO_N3":"-99","UN_A3":"-099","WB_A2":"-99","WB_A3":"-99","WOE_ID":-99,"WOE_ID_EH":-99,"WOE_NOTE":"Includes old states of 2347021, 2347020, 2347017 and portion of 2347016.","ADM0_A3_IS":"SOM","ADM0_A3_US":"SOM","ADM0_A3_UN":-99,"ADM0_A3_WB":-99,"CONTINENT":"Africa","REGION_UN":"Africa","SUBREGION":"Eastern Africa","REGION_WB":"Sub-Saharan Africa","NAME_LEN":10,"LONG_LEN":10,"ABBREV_LEN":6,"TINY":-99,"HOMEPART":1,"MIN_ZOOM":4,"MIN_LABEL":4.5,"MAX_LABEL":9},"geometry":{"type":"Polygon","coordinates":[[[42.776852,10.926879],[47.525658,11.127228],[48.938233,9.9735],[42.55876,10.57258]]]}},{"type":"Feature","properties":{"scalerank":1,"featurecla":"Admin-0 country","LABELRANK":6,"SOVEREIGNT":"Somalia","SOV_A3":"SOM","ADM0_DIF":0,"LEVEL":2,"TYPE":"Sovereign country","ADMIN":"Somalia","ADM0_A3":"SOM","GEOU_DIF":0,"GEOUNIT":"Somalia","GU_A3":"SOM","SU_DIF":0,"SUBUNIT":"Somalia","SU_A3":"SOM","BRK_DIFF":0,"NAME":"Somalia","NAME_LONG":"Somalia","BRK_A3":"SOM","BRK_NAME":"Somalia","BRK_GROUP":null,"ABBREV":"Som.","POSTAL":"SO","FORMAL_EN":"Federal Republic of Somalia","FORMAL_FR":null,"NAME_CIAWF":"Somalia","NOTE_ADM0":null,"NOTE_BRK":null,"NAME_SORT":"Somalia","NAME_ALT":null,"MAPCOLOR7":2,"MAPCOLOR8":8,"MAPCOLOR9":6,"MAPCOLOR13":7,"POP_EST":7531386,"POP_RANK":13,"GDP_MD_EST":4719,"POP_YEAR":2017,"LASTCENSUS":1987,"GDP_YEAR":2016,"ECONOMY":"7. Least developed region","INCOME_GRP":"5. Low income","WIKIPEDIA":-99,"FIPS_10_":"SO","ISO_A2":"SO","ISO_A3":"SOM","ISO_A3_EH":"SOM","ISO_N3":"706","UN_A3":"706","WB_A2":"SO","WB_A3":"SOM","WOE_ID":-90,"WOE_ID_EH":23424949,"WOE_NOTE":"Includes Somaliland (2347021, 2347020, 2347017 and portion of 2347016)","ADM0_A3_IS":"SOM","ADM0_A3_US":"SOM","ADM0_A3_UN":-99,"ADM0_A3_WB":-99,"CONTINENT":"Africa","REGION_UN":"Africa","SUBREGION":"Eastern Africa","REGION_WB":"Sub-Saharan Africa","NAME_LEN":7,"LONG_LEN":7,"ABBREV_LEN":4,"TINY":-99,"HOMEPART":1,"MIN_ZOOM":0,"MIN_LABEL":4,"MAX_LABEL":9},"geometry":{"type":"Polygon","coordinates":[[[41.855083,3.918912],[48.938233,9.9735],[50.73202,12.0219],[49.4527,6.80466],[41.81095,-1.44647]]]}},{"type":"Feature","properties":{"scalerank":1,"featurecla":"Admin-0 country","LABELRANK":5,"SOVEREIGNT":"Republic of Serbia","SOV_A3":"SRB","ADM0_DIF":0,"LEVEL":2,"TYPE":"Sovereign country","ADMIN":"Republic of Serbia","ADM0_A3":"SRB","GEOU_DIF":0,"GEOUNIT":"Republic of Serbia","GU_A3":"SRB","SU_DIF":0,"SUBUNIT":"Republic of Serbia","SU_A3":"SRB","BRK_DIFF":0,"NAME":"Serbia","NAME_LONG":"Serbia","BRK_A3":"SRB","BRK_NAME":"Serbia","BRK_GROUP":null,"ABBREV":"Serb.","POSTAL":"RS","FORMAL_EN":"Republic of Serbia","FORMAL_FR":null,"NAME_CIAWF":"Serbia","NOTE_ADM0":null,"NOTE_BRK":null,"NAME_SORT":"Serbia","NAME_ALT":null,"MAPCOLOR7":3,"MAPCOLOR8":3,"MAPCOLOR9":2,"MAPCOLOR13":10,"POP_EST":7111024,"POP_RANK":13,"GDP_MD_EST":101800,"POP_YEAR":2017,"LASTCENSUS":2011,"GDP_YEAR":2016,"ECONOMY":"6. Developing region","INCOME_GRP":"3. Upper middle income","WIKIPEDIA":-99,"FIPS_10_":"RI","ISO_A2":"RS","ISO_A3":"SRB","ISO_A3_EH":"SRB","ISO_N3":"688","UN_A3":"688","WB_A2":"YF","WB_A3":"SRB","WOE_ID":-90,"WOE_ID_EH":20069818,"WOE_NOTE":"Expired WOE also contains Kosovo.","ADM0_A3_IS":"SRB","ADM0_A3_US":"SRB","ADM0_A3_UN":-99,"ADM0_A3_WB":-99,"CONTINENT":"Europe","REGION_UN":"Europe","SUBREGION":"Southern Europe","REGION_WB":"Europe & Central Asia","NAME_LEN":6,"LONG_LEN":6,"ABBREV_LEN":5,"TINY":-99,"HOMEPART":1,"MIN_ZOOM":0,"MIN_LABEL":4,"MAX_LABEL":7},"geometry":{"type":"Polygon","coordinates":[[[22.65715,44.234923],[21.91708,42.30364],[21.143395,43.068685],[19.63,43.21378],[19.005485,44.860234],[20.874313,45.416375]]]}},{"type":"Feature","properties":{"scalerank":1,"featurecla":"Admin-0 country","LABELRANK":4,"SOVEREIGNT":"Suriname","SOV_A3":"SUR","ADM0_DIF":0,"LEVEL":2,"TYPE":"Sovereign country","ADMIN":"Suriname","ADM0_A3":"SUR","GEOU_DIF":0,"GEOUNIT":"Suriname","GU_A3":"SUR","SU_DIF":0,"SUBUNIT":"Suriname","SU_A3":"SUR","BRK_DIFF":0,"NAME":"Suriname","NAME_LONG":"Suriname","BRK_A3":"SUR","BRK_NAME":"Suriname","BRK_GROUP":null,"ABBREV":"Sur.","POSTAL":"SR","FORMAL_EN":"Republic of Suriname","FORMAL_FR":null,"NAME_CIAWF":"Suriname","NOTE_ADM0":null,"NOTE_BRK":null,"NAME_SORT":"Suriname","NAME_ALT":null,"MAPCOLOR7":1,"MAPCOLOR8":4,"MAPCOLOR9":7,"MAPCOLOR13":6,"POP_EST":591919,"POP_RANK":11,"GDP_MD_EST":8547,"POP_YEAR":2017,"LASTCENSUS":2004,"GDP_YEAR":2016,"ECONOMY":"6. Developing region","INCOME_GRP":"3. Upper middle income","WIKIPEDIA":-99,"FIPS_10_":"NS","ISO_A2":"SR","ISO_A3":"SUR","ISO_A3_EH":"SUR","ISO_N3":"740","UN_A3":"740","WB_A2":"SR","WB_A3":"SUR","WOE_ID":23424913,"WOE_ID_EH":23424913,"WOE_NOTE":"Exact WOE match as country","ADM0_A3_IS":"SUR","ADM0_A3_US":"SUR","ADM0_A3_UN":-99,"ADM0_A3_WB":-99,"CONTINENT":"South America","REGION_UN":"Americas","SUBREGION":"South America","REGION_WB":"Latin America & Caribbean","NAME_LEN":8,"LONG_LEN":8,"ABBREV_LEN":4,"TINY":-99,"HOMEPART":1,"MIN_ZOOM":0,"MIN_LABEL":4,"MAX_LABEL":9},"geometry":{"type":"Polygon","coordinates":[[[-54.524754,2.311849],[-57.150098,2.768927],[-55.949318,5.772878],[-54.27123,2.738748]]]}},{"type":"Feature","properties":{"scalerank":1,"featurecla":"Admin-0 country","LABELRANK":6,"SOVEREIGNT":"Slovakia","SOV_A3":"SVK","ADM0_DIF":0,"LEVEL":2,"TYPE":"Sovereign country","ADMIN":"Slovakia","ADM0_A3":"SVK","GEOU_DIF":0,"GEOUNIT":"Slovakia","GU_A3":"SVK","SU_DIF":0,"SUBUNIT":"Slovakia","SU_A3":"SVK","BRK_DIFF":0,"NAME":"Slovakia","NAME_LONG":"Slovakia","BRK_A3":"SVK","BRK_NAME":"Slovakia","BRK_GROUP":null,"ABBREV":"Svk.","POSTAL":"SK","FORMAL_EN":"Slovak Republic","FORMAL_FR":null,"NAME_CIAWF":"Slovakia","NOTE_ADM0":null,"NOTE_BRK":null,"NAME_SORT":"Slovak Republic","NAME_ALT":null,"MAPCOLOR7":2,"MAPCOLOR8":4,"MAPCOLOR9":4,"MAPCOLOR13":9,"POP_EST":5445829,"POP_RANK":13,"GDP_MD_EST":168800,"POP_YEAR":2017,"LASTCENSUS":2011,"GDP_YEAR":2016,"ECONOMY":"2. Developed region: nonG7","INCOME_GRP":"1. High income: OECD","WIKIPEDIA":-99,"FIPS_10_":"LO","ISO_A2":"SK","ISO_A3":"SVK","ISO_A3_EH":"SVK","ISO_N3":"703","UN_A3":"703","WB_A2":"SK","WB_A3":"SVK","WOE_ID":23424877,"WOE_ID_EH":23424877,"WOE_NOTE":"Exact WOE match as country","ADM0_A3_IS":"SVK","ADM0_A3_US":"SVK","ADM0_A3_UN":-99,"ADM0_A3_WB":-99,"CONTINENT":"Europe","REGION_UN":"Europe","SUBREGION":"Eastern Europe","REGION_WB":"Europe & Central Asia","NAME_LEN":8,"LONG_LEN":8,"ABBREV_LEN":4,"TINY":-99,"HOMEPART":1,"MIN_ZOOM":0,"MIN_LABEL":4,"MAX_LABEL":9},"geometry":{"type":"Polygon","coordinates":[[[16.979667,48.123497],[18.170498,49.271515],[20.887955,49.328772],[20.239054,48.327567],[16.979667,48.123497]]]}},{"type":"Feature","properties":{"scalerank":1,"featurecla":"Admin-0 country","LABELRANK":6,"SOVEREIGNT":"Slovenia","SOV_A3":"SVN","ADM0_DIF":0,"LEVEL":2,"TYPE":"Sovereign country","ADMIN":"Slovenia","ADM0_A3":"SVN","GEOU_DIF":0,"GEOUNIT":"Slovenia","GU_A3":"SVN","SU_DIF":0,"SUBUNIT":"Slovenia","SU_A3":"SVN","BRK_DIFF":0,"NAME":"Slovenia","NAME_LONG":"Slovenia","BRK_A3":"SVN","BRK_NAME":"Slovenia","BRK_GROUP":null,"ABBREV":"Slo.","POSTAL":"SLO","FORMAL_EN":"Republic of Slovenia","FORMAL_FR":null,"NAME_CIAWF":"Slovenia","NOTE_ADM0":null,"NOTE_BRK":null,"NAME_SORT":"Slovenia","NAME_ALT":null,"MAPCOLOR7":2,"MAPCOLOR8":3,"MAPCOLOR9":2,"MAPCOLOR13":12,"POP_EST":1972126,"POP_RANK":12,"GDP_MD_EST":68350,"POP_YEAR":2017,"LASTCENSUS":2011,"GDP_YEAR":2016,"ECONOMY":"2. Developed region: nonG7","INCOME_GRP":"1. High income: OECD","WIKIPEDIA":-99,"FIPS_10_":"SI","ISO_A2":"SI","ISO_A3":"SVN","ISO_A3_EH":"SVN","ISO_N3":"705","UN_A3":"705","WB_A2":"SI","WB_A3":"SVN","WOE_ID":23424945,"WOE_ID_EH":23424945,"WOE_NOTE":"Exact WOE match as country","ADM0_A3_IS":"SVN","ADM0_A3_US":"SVN","ADM0_A3_UN":-99,"ADM0_A3_WB":-99,"CONTINENT":"Europe","REGION_UN":"Europe","SUBREGION":"Southern Europe","REGION_WB":"Europe & Central Asia","NAME_LEN":8,"LONG_LEN":8,"ABBREV_LEN":4,"TINY":-99,"HOMEPART":1,"MIN_ZOOM":0,"MIN_LABEL":5,"MAX_LABEL":10},"geometry":{"type":"Polygon","coordinates":[[[13.806475,46.509306],[15.67153,45.834154],[13.69811,46.016778]]]}},{"type":"Feature","properties":{"scalerank":1,"featurecla":"Admin-0 country","LABELRANK":3,"SOVEREIGNT":"Sweden","SOV_A3":"SWE","ADM0_DIF":0,"LEVEL":2,"TYPE":"Sovereign country","ADMIN":"Sweden","ADM0_A3":"SWE","GEOU_DIF":0,"GEOUNIT":"Sweden","GU_A3":"SWE","SU_DIF":0,"SUBUNIT":"Sweden","SU_A3":"SWE","BRK_DIFF":0,"NAME":"Sweden","NAME_LONG":"Sweden","BRK_A3":"SWE","BRK_NAME":"Sweden","BRK_GROUP":null,"ABBREV":"Swe.","POSTAL":"S","FORMAL_EN":"Kingdom of Sweden","FORMAL_FR":null,"NAME_CIAWF":"Sweden","NOTE_ADM0":null,"NOTE_BRK":null,"NAME_SORT":"Sweden","NAME_ALT":null,"MAPCOLOR7":1,"MAPCOLOR8":4,"MAPCOLOR9":2,"MAPCOLOR13":4,"POP_EST":9960487,"POP_RANK":13,"GDP_MD_EST":498100,"POP_YEAR":2017,"LASTCENSUS":-99,"GDP_YEAR":2016,"ECONOMY":"2. Developed region: nonG7","INCOME_GRP":"1. High income: OECD","WIKIPEDIA":-99,"FIPS_10_":"SW","ISO_A2":"SE","ISO_A3":"SWE","ISO_A3_EH":"SWE","ISO_N3":"752","UN_A3":"752","WB_A2":"SE","WB_A3":"SWE","WOE_ID":23424954,"WOE_ID_EH":23424954,"WOE_NOTE":"Exact WOE match as country","ADM0_A3_IS":"SWE","ADM0_A3_US":"SWE","ADM0_A3_UN":-99,"ADM0_A3_WB":-99,"CONTINENT":"Europe","REGION_UN":"Europe","SUBREGION":"Northern Europe","REGION_WB":"Europe & Central Asia","NAME_LEN":6,"LONG_LEN":6,"ABBREV_LEN":4,"TINY":-99,"HOMEPART":1,"MIN_ZOOM":0,"MIN_LABEL":3,"MAX_LABEL":7},"geometry":{"type":"Polygon","coordinates":[[[20.645593,69.106247],[19.778876,63.609554],[15.879786,56.104302],[12.300366,60.117933],[15.108411,66.193867]]]}},{"type":"Feature","properties":{"scalerank":1,"featurecla":"Admin-0 country","LABELRANK":4,"SOVEREIGNT":"Swaziland","SOV_A3":"SWZ","ADM0_DIF":0,"LEVEL":2,"TYPE":"Sovereign country","ADMIN":"Swaziland","ADM0_A3":"SWZ","GEOU_DIF":0,"GEOUNIT":"Swaziland","GU_A3":"SWZ","SU_DIF":0,"SUBUNIT":"Swaziland","SU_A3":"SWZ","BRK_DIFF":0,"NAME":"Swaziland","NAME_LONG":"Swaziland","BRK_A3":"SWZ","BRK_NAME":"Swaziland","BRK_GROUP":null,"ABBREV":"Swz.","POSTAL":"SW","FORMAL_EN":"Kingdom of Swaziland","FORMAL_FR":null,"NAME_CIAWF":"Swaziland","NOTE_ADM0":null,"NOTE_BRK":null,"NAME_SORT":"Swaziland","NAME_ALT":null,"MAPCOLOR7":3,"MAPCOLOR8":6,"MAPCOLOR9":2,"MAPCOLOR13":5,"POP_EST":1467152,"POP_RANK":12,"GDP_MD_EST":11060,"POP_YEAR":2017,"LASTCENSUS":2007,"GDP_YEAR":2016,"ECONOMY":"6. Developing region","INCOME_GRP":"4. Lower middle income","WIKIPEDIA":-99,"FIPS_10_":"WZ","ISO_A2":"SZ","ISO_A3":"SWZ","ISO_A3_EH":"SWZ","ISO_N3":"748","UN_A3":"748","WB_A2":"SZ","WB_A3":"SWZ","WOE_ID":23424993,"WOE_ID_EH":23424993,"WOE_NOTE":"Exact WOE match as country","ADM0_A3_IS":"SWZ","ADM0_A3_US":"SWZ","ADM0_A3_UN":-99,"ADM0_A3_WB":-99,"CONTINENT":"Africa","REGION_UN":"Africa","SUBREGION":"Southern Africa","REGION_WB":"Sub-Saharan Africa","NAME_LEN":9,"LONG_LEN":9,"ABBREV_LEN":4,"TINY":-99,"HOMEPART":1,"MIN_ZOOM":0,"MIN_LABEL":4,"MAX_LABEL":9},"geometry":{"type":"Polygon","coordinates":[[[31.837778,-25.843332],[31.04408,-25.731452]]]}},{"type":"Feature","properties":{"scalerank":1,"featurecla":"Admin-0 country","LABELRANK":3,"SOVEREIGNT":"Syria","SOV_A3":"SYR","ADM0_DIF":0,"LEVEL":2,"TYPE":"Sovereign country","ADMIN":"Syria","ADM0_A3":"SYR","GEOU_DIF":0,"GEOUNIT":"Syria","GU_A3":"SYR","SU_DIF":0,"SUBUNIT":"Syria","SU_A3":"SYR","BRK_DIFF":0,"NAME":"Syria","NAME_LONG":"Syria","BRK_A3":"SYR","BRK_NAME":"Syria","BRK_GROUP":null,"ABBREV":"Syria","POSTAL":"SYR","FORMAL_EN":"Syrian Arab Republic","FORMAL_FR":null,"NAME_CIAWF":"Syria","NOTE_ADM0":null,"NOTE_BRK":null,"NAME_SORT":"Syrian Arab Republic","NAME_ALT":null,"MAPCOLOR7":2,"MAPCOLOR8":6,"MAPCOLOR9":2,"MAPCOLOR13":6,"POP_EST":18028549,"POP_RANK":14,"GDP_MD_EST":50280,"POP_YEAR":2017,"LASTCENSUS":2004,"GDP_YEAR":2015,"ECONOMY":"6. Developing region","INCOME_GRP":"4. Lower middle income","WIKIPEDIA":-99,"FIPS_10_":"SY","ISO_A2":"SY","ISO_A3":"SYR","ISO_A3_EH":"SYR","ISO_N3":"760","UN_A3":"760","WB_A2":"SY","WB_A3":"SYR","WOE_ID":23424956,"WOE_ID_EH":23424956,"WOE_NOTE":"Exact WOE match as country","ADM0_A3_IS":"SYR","ADM0_A3_US":"SYR","ADM0_A3_UN":-99,"ADM0_A3_WB":-99,"CONTINENT":"Asia","REGION_UN":"Asia","SUBREGION":"Western Asia","REGION_WB":"Middle East & North Africa","NAME_LEN":5,"LONG_LEN":5,"ABBREV_LEN":5,"TINY":-99,"HOMEPART":1,"MIN_ZOOM":0,"MIN_LABEL":3,"MAX_LABEL":8},"geometry":{"type":"Polygon","coordinates":[[[42.349591,37.229873],[35.700798,32.716014],[36.149763,35.821535],[40.673259,37.091276]]]}},{"type":"Feature","properties":{"scalerank":1,"featurecla":"Admin-0 country","LABELRANK":3,"SOVEREIGNT":"Chad","SOV_A3":"TCD","ADM0_DIF":0,"LEVEL":2,"TYPE":"Sovereign country","ADMIN":"Chad","ADM0_A3":"TCD","GEOU_DIF":0,"GEOUNIT":"Chad","GU_A3":"TCD","SU_DIF":0,"SUBUNIT":"Chad","SU_A3":"TCD","BRK_DIFF":0,"NAME":"Chad","NAME_LONG":"Chad","BRK_A3":"TCD","BRK_NAME":"Chad","BRK_GROUP":null,"ABBREV":"Chad","POSTAL":"TD","FORMAL_EN":"Republic of Chad","FORMAL_FR":null,"NAME_CIAWF":"Chad","NOTE_ADM0":null,"NOTE_BRK":null,"NAME_SORT":"Chad","NAME_ALT":null,"MAPCOLOR7":6,"MAPCOLOR8":1,"MAPCOLOR9":8,"MAPCOLOR13":6,"POP_EST":12075985,"POP_RANK":14,"GDP_MD_EST":30590,"POP_YEAR":2017,"LASTCENSUS":2009,"GDP_YEAR":2016,"ECONOMY":"7. Least developed region","INCOME_GRP":"5. Low income","WIKIPEDIA":-99,"FIPS_10_":"CD","ISO_A2":"TD","ISO_A3":"TCD","ISO_A3_EH":"TCD","ISO_N3":"148","UN_A3":"148","WB_A2":"TD","WB_A3":"TCD","WOE_ID":23424777,"WOE_ID_EH":23424777,"WOE_NOTE":"Exact WOE match as country","ADM0_A3_IS":"TCD","ADM0_A3_US":"TCD","ADM0_A3_UN":-99,"ADM0_A3_WB":-99,"CONTINENT":"Africa","REGION_UN":"Africa","SUBREGION":"Middle Africa","REGION_WB":"Sub-Saharan Africa","NAME_LEN":4,"LONG_LEN":4,"ABBREV_LEN":4,"TINY":-99,"HOMEPART":1,"MIN_ZOOM":0,"MIN_LABEL":3,"MAX_LABEL":8},"geometry":{"type":"Polygon","coordinates":[[[22.864165,11.142395],[18.389555,8.281304],[15.120866,8.38215],[14.923565,10.891325],[13.97217,15.68437],[14.8513,22.86295],[22.51202,14.09318],[22.87622,11.38461]]]}},{"type":"Feature","properties":{"scalerank":1,"featurecla":"Admin-0 country","LABELRANK":6,"SOVEREIGNT":"Togo","SOV_A3":"TGO","ADM0_DIF":0,"LEVEL":2,"TYPE":"Sovereign country","ADMIN":"Togo","ADM0_A3":"TGO","GEOU_DIF":0,"GEOUNIT":"Togo","GU_A3":"TGO","SU_DIF":0,"SUBUNIT":"Togo","SU_A3":"TGO","BRK_DIFF":0,"NAME":"Togo","NAME_LONG":"Togo","BRK_A3":"TGO","BRK_NAME":"Togo","BRK_GROUP":null,"ABBREV":"Togo","POSTAL":"TG","FORMAL_EN":"Togolese Republic","FORMAL_FR":"République Togolaise","NAME_CIAWF":"Togo","NOTE_ADM0":null,"NOTE_BRK":null,"NAME_SORT":"Togo","NAME_ALT":null,"MAPCOLOR7":3,"MAPCOLOR8":1,"MAPCOLOR9":3,"MAPCOLOR13":5,"POP_EST":7965055,"POP_RANK":13,"GDP_MD_EST":11610,"POP_YEAR":2017,"LASTCENSUS":2010,"GDP_YEAR":2016,"ECONOMY":"7. Least developed region","INCOME_GRP":"5. Low income","WIKIPEDIA":-99,"FIPS_10_":"TO","ISO_A2":"TG","ISO_A3":"TGO","ISO_A3_EH":"TGO","ISO_N3":"768","UN_A3":"768","WB_A2":"TG","WB_A3":"TGO","WOE_ID":23424965,"WOE_ID_EH":23424965,"WOE_NOTE":"Exact WOE match as country","ADM0_A3_IS":"TGO","ADM0_A3_US":"TGO","ADM0_A3_UN":-99,"ADM0_A3_WB":-99,"CONTINENT":"Africa","REGION_UN":"Africa","SUBREGION":"Western Africa","REGION_WB":"Sub-Saharan Africa","NAME_LEN":4,"LONG_LEN":4,"ABBREV_LEN":4,"TINY":-99,"HOMEPART":1,"MIN_ZOOM":0,"MIN_LABEL":5,"MAX_LABEL":10},"geometry":{"type":"Polygon","coordinates":[[[0.899563,10.997339],[1.060122,5.928837],[-0.049785,10.706918]]]}},{"type":"Feature","properties":{"scalerank":1,"featurecla":"Admin-0 country","LABELRANK":3,"SOVEREIGNT":"Thailand","SOV_A3":"THA","ADM0_DIF":0,"LEVEL":2,"TYPE":"Sovereign country","ADMIN":"Thailand","ADM0_A3":"THA","GEOU_DIF":0,"GEOUNIT":"Thailand","GU_A3":"THA","SU_DIF":0,"SUBUNIT":"Thailand","SU_A3":"THA","BRK_DIFF":0,"NAME":"Thailand","NAME_LONG":"Thailand","BRK_A3":"THA","BRK_NAME":"Thailand","BRK_GROUP":null,"ABBREV":"Thai.","POSTAL":"TH","FORMAL_EN":"Kingdom of Thailand","FORMAL_FR":null,"NAME_CIAWF":"Thailand","NOTE_ADM0":null,"NOTE_BRK":null,"NAME_SORT":"Thailand","NAME_ALT":null,"MAPCOLOR7":3,"MAPCOLOR8":6,"MAPCOLOR9":8,"MAPCOLOR13":1,"POP_EST":68414135,"POP_RANK":16,"GDP_MD_EST":1161000,"POP_YEAR":2017,"LASTCENSUS":2010,"GDP_YEAR":2016,"ECONOMY":"5. Emerging region: G20","INCOME_GRP":"3. Upper middle income","WIKIPEDIA":-99,"FIPS_10_":"TH","ISO_A2":"TH","ISO_A3":"THA","ISO_A3_EH":"THA","ISO_N3":"764","UN_A3":"764","WB_A2":"TH","WB_A3":"THA","WOE_ID":23424960,"WOE_ID_EH":23424960,"WOE_NOTE":"Exact WOE match as country","ADM0_A3_IS":"THA","ADM0_A3_US":"THA","ADM0_A3_UN":-99,"ADM0_A3_WB":-99,"CONTINENT":"Asia","REGION_UN":"Asia","SUBREGION":"South-Eastern Asia","REGION_WB":"East Asia & Pacific","NAME_LEN":8,"LONG_LEN":8,"ABBREV_LEN":5,"TINY":-99,"HOMEPART":1,"MIN_ZOOM":0,"MIN_LABEL":3,"MAX_LABEL":8},"geometry":{"type":"Polygon","coordinates":[[[105.218777,14.273212],[100.097797,13.406856],[101.017328,6.856869],[99.690691,6.848213],[99.038121,10.960546],[98.903348,16.177824],[100.115988,20.41785],[102.998706,17.961695]]]}},{"type":"Feature","properties":{"scalerank":1,"featurecla":"Admin-0 country","LABELRANK":4,"SOVEREIGNT":"Tajikistan","SOV_A3":"TJK","ADM0_DIF":0,"LEVEL":2,"TYPE":"Sovereign country","ADMIN":"Tajikistan","ADM0_A3":"TJK","GEOU_DIF":0,"GEOUNIT":"Tajikistan","GU_A3":"TJK","SU_DIF":0,"SUBUNIT":"Tajikistan","SU_A3":"TJK","BRK_DIFF":0,"NAME":"Tajikistan","NAME_LONG":"Tajikistan","BRK_A3":"TJK","BRK_NAME":"Tajikistan","BRK_GROUP":null,"ABBREV":"Tjk.","POSTAL":"TJ","FORMAL_EN":"Republic of Tajikistan","FORMAL_FR":null,"NAME_CIAWF":"Tajikistan","NOTE_ADM0":null,"NOTE_BRK":null,"NAME_SORT":"Tajikistan","NAME_ALT":null,"MAPCOLOR7":3,"MAPCOLOR8":6,"MAPCOLOR9":2,"MAPCOLOR13":5,"POP_EST":8468555,"POP_RANK":13,"GDP_MD_EST":25810,"POP_YEAR":2017,"LASTCENSUS":2010,"GDP_YEAR":2016,"ECONOMY":"6. Developing region","INCOME_GRP":"5. Low income","WIKIPEDIA":-99,"FIPS_10_":"TI","ISO_A2":"TJ","ISO_A3":"TJK","ISO_A3_EH":"TJK","ISO_N3":"762","UN_A3":"762","WB_A2":"TJ","WB_A3":"TJK","WOE_ID":23424961,"WOE_ID_EH":23424961,"WOE_NOTE":"Exact WOE match as country","ADM0_A3_IS":"TJK","ADM0_A3_US":"TJK","ADM0_A3_UN":-99,"ADM0_A3_WB":-99,"CONTINENT":"Asia","REGION_UN":"Asia","SUBREGION":"Central Asia","REGION_WB":"Europe & Central Asia","NAME_LEN":10,"LONG_LEN":10,"ABBREV_LEN":4,"TINY":-99,"HOMEPART":1,"MIN_ZOOM":0,"MIN_LABEL":4,"MAX_LABEL":9},"geometry":{"type":"Polygon","coordinates":[[[74.980002,37.41999],[71.239404,37.953265],[68.859446,37.344336],[69.011633,40.086158],[69.464887,39.526683],[74.980002,37.41999]]]}},{"type":"Feature","properties":{"scalerank":1,"featurecla":"Admin-0 country","LABELRANK":4,"SOVEREIGNT":"Turkmenistan","SOV_A3":"TKM","ADM0_DIF":0,"LEVEL":2,"TYPE":"Sovereign country","ADMIN":"Turkmenistan","ADM0_A3":"TKM","GEOU_DIF":0,"GEOUNIT":"Turkmenistan","GU_A3":"TKM","SU_DIF":0,"SUBUNIT":"Turkmenistan","SU_A3":"TKM","BRK_DIFF":0,"NAME":"Turkmenistan","NAME_LONG":"Turkmenistan","BRK_A3":"TKM","BRK_NAME":"Turkmenistan","BRK_GROUP":null,"ABBREV":"Turkm.","POSTAL":"TM","FORMAL_EN":"Turkmenistan","FORMAL_FR":null,"NAME_CIAWF":"Turkmenistan","NOTE_ADM0":null,"NOTE_BRK":null,"NAME_SORT":"Turkmenistan","NAME_ALT":null,"MAPCOLOR7":3,"MAPCOLOR8":2,"MAPCOLOR9":1,"MAPCOLOR13":9,"POP_EST":5351277,"POP_RANK":13,"GDP_MD_EST":94720,"POP_YEAR":2017,"LASTCENSUS":1995,"GDP_YEAR":2016,"ECONOMY":"6. Developing region","INCOME_GRP":"3. Upper middle income","WIKIPEDIA":-99,"FIPS_10_":"TX","ISO_A2":"TM","ISO_A3":"TKM","ISO_A3_EH":"TKM","ISO_N3":"795","UN_A3":"795","WB_A2":"TM","WB_A3":"TKM","WOE_ID":23424972,"WOE_ID_EH":23424972,"WOE_NOTE":"Exact WOE match as country","ADM0_A3_IS":"TKM","ADM0_A3_US":"TKM","ADM0_A3_UN":-99,"ADM0_A3_WB":-99,"CONTINENT":"Asia","REGION_UN":"Asia","SUBREGION":"Central Asia","REGION_WB":"Europe & Central Asia","NAME_LEN":12,"LONG_LEN":12,"ABBREV_LEN":6,"TINY":-99,"HOMEPART":1,"MIN_ZOOM":0,"MIN_LABEL":3,"MAX_LABEL":8},"geometry":{"type":"Polygon","coordinates":[[[66.518607,37.362784],[62.984662,35.404041],[56.619366,38.121394],[53.357808,39.975286],[52.814689,41.135371],[56.932215,41.826026],[62.37426,40.053886]]]}},{"type":"Feature","properties":{"scalerank":1,"featurecla":"Admin-0 country","LABELRANK":5,"SOVEREIGNT":"East Timor","SOV_A3":"TLS","ADM0_DIF":0,"LEVEL":2,"TYPE":"Sovereign country","ADMIN":"East Timor","ADM0_A3":"TLS","GEOU_DIF":0,"GEOUNIT":"East Timor","GU_A3":"TLS","SU_DIF":0,"SUBUNIT":"East Timor","SU_A3":"TLS","BRK_DIFF":0,"NAME":"Timor-Leste","NAME_LONG":"Timor-Leste","BRK_A3":"TLS","BRK_NAME":"Timor-Leste","BRK_GROUP":null,"ABBREV":"T.L.","POSTAL":"TL","FORMAL_EN":"Democratic Republic of Timor-Leste","FORMAL_FR":null,"NAME_CIAWF":"Timor-Leste","NOTE_ADM0":null,"NOTE_BRK":null,"NAME_SORT":"Timor-Leste","NAME_ALT":"East Timor","MAPCOLOR7":2,"MAPCOLOR8":2,"MAPCOLOR9":4,"MAPCOLOR13":3,"POP_EST":1291358,"POP_RANK":12,"GDP_MD_EST":4975,"POP_YEAR":2017,"LASTCENSUS":2010,"GDP_YEAR":2016,"ECONOMY":"7. Least developed region","INCOME_GRP":"4. Lower middle income","WIKIPEDIA":-99,"FIPS_10_":"TT","ISO_A2":"TL","ISO_A3":"TLS","ISO_A3_EH":"TLS","ISO_N3":"626","UN_A3":"626","WB_A2":"TP","WB_A3":"TMP","WOE_ID":23424968,"WOE_ID_EH":23424968,"WOE_NOTE":"Exact WOE match as country","ADM0_A3_IS":"TLS","ADM0_A3_US":"TLS","ADM0_A3_UN":-99,"ADM0_A3_WB":-99,"CONTINENT":"Asia","REGION_UN":"Asia","SUBREGION":"South-Eastern Asia","REGION_WB":"East Asia & Pacific","NAME_LEN":11,"LONG_LEN":11,"ABBREV_LEN":4,"TINY":-99,"HOMEPART":1,"MIN_ZOOM":0,"MIN_LABEL":4,"MAX_LABEL":9},"geometry":{"type":"Polygon","coordinates":[[[125.08852,-9.393173],[126.967992,-8.668256]]]}},{"type":"Feature","properties":{"scalerank":1,"featurecla":"Admin-0 country","LABELRANK":5,"SOVEREIGNT":"Trinidad and Tobago","SOV_A3":"TTO","ADM0_DIF":0,"LEVEL":2,"TYPE":"Sovereign country","ADMIN":"Trinidad and Tobago","ADM0_A3":"TTO","GEOU_DIF":0,"GEOUNIT":"Trinidad and Tobago","GU_A3":"TTO","SU_DIF":0,"SUBUNIT":"Trinidad and Tobago","SU_A3":"TTO","BRK_DIFF":0,"NAME":"Trinidad and Tobago","NAME_LONG":"Trinidad and Tobago","BRK_A3":"TTO","BRK_NAME":"Trinidad and Tobago","BRK_GROUP":null,"ABBREV":"Tr.T.","POSTAL":"TT","FORMAL_EN":"Republic of Trinidad and Tobago","FORMAL_FR":null,"NAME_CIAWF":"Trinidad and Tobago","NOTE_ADM0":null,"NOTE_BRK":null,"NAME_SORT":"Trinidad and Tobago","NAME_ALT":null,"MAPCOLOR7":5,"MAPCOLOR8":6,"MAPCOLOR9":2,"MAPCOLOR13":5,"POP_EST":1218208,"POP_RANK":12,"GDP_MD_EST":43570,"POP_YEAR":2017,"LASTCENSUS":2011,"GDP_YEAR":2016,"ECONOMY":"6. Developing region","INCOME_GRP":"2. High income: nonOECD","WIKIPEDIA":-99,"FIPS_10_":"TD","ISO_A2":"TT","ISO_A3":"TTO","ISO_A3_EH":"TTO","ISO_N3":"780","UN_A3":"780","WB_A2":"TT","WB_A3":"TTO","WOE_ID":23424958,"WOE_ID_EH":23424958,"WOE_NOTE":"Exact WOE match as country","ADM0_A3_IS":"TTO","ADM0_A3_US":"TTO","ADM0_A3_UN":-99,"ADM0_A3_WB":-99,"CONTINENT":"North America","REGION_UN":"Americas","SUBREGION":"Caribbean","REGION_WB":"Latin America & Caribbean","NAME_LEN":19,"LONG_LEN":19,"ABBREV_LEN":5,"TINY":2,"HOMEPART":1,"MIN_ZOOM":0,"MIN_LABEL":4.5,"MAX_LABEL":9.5},"geometry":{"type":"Polygon","coordinates":[[[-61.68,10.76]]]}},{"type":"Feature","properties":{"scalerank":1,"featurecla":"Admin-0 country","LABELRANK":3,"SOVEREIGNT":"Tunisia","SOV_A3":"TUN","ADM0_DIF":0,"LEVEL":2,"TYPE":"Sovereign country","ADMIN":"Tunisia","ADM0_A3":"TUN","GEOU_DIF":0,"GEOUNIT":"Tunisia","GU_A3":"TUN","SU_DIF":0,"SUBUNIT":"Tunisia","SU_A3":"TUN","BRK_DIFF":0,"NAME":"Tunisia","NAME_LONG":"Tunisia","BRK_A3":"TUN","BRK_NAME":"Tunisia","BRK_GROUP":null,"ABBREV":"Tun.","POSTAL":"TN","FORMAL_EN":"Republic of Tunisia","FORMAL_FR":null,"NAME_CIAWF":"Tunisia","NOTE_ADM0":null,"NOTE_BRK":null,"NAME_SORT":"Tunisia","NAME_ALT":null,"MAPCOLOR7":4,"MAPCOLOR8":3,"MAPCOLOR9":3,"MAPCOLOR13":2,"POP_EST":11403800,"POP_RANK":14,"GDP_MD_EST":130800,"POP_YEAR":2017,"LASTCENSUS":2004,"GDP_YEAR":2016,"ECONOMY":"6. Developing region","INCOME_GRP":"3. Upper middle income","WIKIPEDIA":-99,"FIPS_10_":"TS","ISO_A2":"TN","ISO_A3":"TUN","ISO_A3_EH":"TUN","ISO_N3":"788","UN_A3":"788","WB_A2":"TN","WB_A3":"TUN","WOE_ID":23424967,"WOE_ID_EH":23424967,"WOE_NOTE":"Exact WOE match as country","ADM0_A3_IS":"TUN","ADM0_A3_US":"TUN","ADM0_A3_UN":-99,"ADM0_A3_WB":-99,"CONTINENT":"Africa","REGION_UN":"Africa","SUBREGION":"Northern Africa","REGION_WB":"Middle East & North Africa","NAME_LEN":7,"LONG_LEN":7,"ABBREV_LEN":4,"TINY":-99,"HOMEPART":1,"MIN_ZOOM":0,"MIN_LABEL":3,"MAX_LABEL":8},"geometry":{"type":"Polygon","coordinates":[[[9.48214,30.307556],[8.217824,36.433177],[10.593287,35.947444],[11.432253,32.368903]]]}},{"type":"Feature","properties":{"scalerank":1,"featurecla":"Admin-0 country","LABELRANK":2,"SOVEREIGNT":"Turkey","SOV_A3":"TUR","ADM0_DIF":0,"LEVEL":2,"TYPE":"Sovereign country","ADMIN":"Turkey","ADM0_A3":"TUR","GEOU_DIF":0,"GEOUNIT":"Turkey","GU_A3":"TUR","SU_DIF":0,"SUBUNIT":"Turkey","SU_A3":"TUR","BRK_DIFF":0,"NAME":"Turkey","NAME_LONG":"Turkey","BRK_A3":"TUR","BRK_NAME":"Turkey","BRK_GROUP":null,"ABBREV":"Tur.","POSTAL":"TR","FORMAL_EN":"Republic of Turkey","FORMAL_FR":null,"NAME_CIAWF":"Turkey","NOTE_ADM0":null,"NOTE_BRK":null,"NAME_SORT":"Turkey","NAME_ALT":null,"MAPCOLOR7":6,"MAPCOLOR8":3,"MAPCOLOR9":8,"MAPCOLOR13":4,"POP_EST":80845215,"POP_RANK":16,"GDP_MD_EST":1670000,"POP_YEAR":2017,"LASTCENSUS":2000,"GDP_YEAR":2016,"ECONOMY":"4. Emerging region: MIKT","INCOME_GRP":"3. Upper middle income","WIKIPEDIA":-99,"FIPS_10_":"TU","ISO_A2":"TR","ISO_A3":"TUR","ISO_A3_EH":"TUR","ISO_N3":"792","UN_A3":"792","WB_A2":"TR","WB_A3":"TUR","WOE_ID":23424969,"WOE_ID_EH":23424969,"WOE_NOTE":"Exact WOE match as country","ADM0_A3_IS":"TUR","ADM0_A3_US":"TUR","ADM0_A3_UN":-99,"ADM0_A3_WB":-99,"CONTINENT":"Asia","REGION_UN":"Asia","SUBREGION":"Western Asia","REGION_WB":"Europe & Central Asia","NAME_LEN":6,"LONG_LEN":6,"ABBREV_LEN":4,"TINY":-99,"HOMEPART":1,"MIN_ZOOM":0,"MIN_LABEL":2,"MAX_LABEL":7},"geometry":{"type":"MultiPolygon","coordinates":[[[[43.582746,41.092143],[44.77267,37.17045],[39.52258,36.716054],[35.782085,36.274995],[30.391096,36.262981],[27.28002,40.420014],[38.347665,40.948586]]],[[[26.117042,41.826905],[26.358009,40.151994]]]]}},{"type":"Feature","properties":{"scalerank":1,"featurecla":"Admin-0 country","LABELRANK":3,"SOVEREIGNT":"Taiwan","SOV_A3":"TWN","ADM0_DIF":0,"LEVEL":2,"TYPE":"Sovereign country","ADMIN":"Taiwan","ADM0_A3":"TWN","GEOU_DIF":0,"GEOUNIT":"Taiwan","GU_A3":"TWN","SU_DIF":0,"SUBUNIT":"Taiwan","SU_A3":"TWN","BRK_DIFF":1,"NAME":"Taiwan","NAME_LONG":"Taiwan","BRK_A3":"B77","BRK_NAME":"Taiwan","BRK_GROUP":null,"ABBREV":"Taiwan","POSTAL":"TW","FORMAL_EN":null,"FORMAL_FR":null,"NAME_CIAWF":"Taiwan","NOTE_ADM0":null,"NOTE_BRK":"Self admin.; Claimed by China","NAME_SORT":"Taiwan","NAME_ALT":null,"MAPCOLOR7":1,"MAPCOLOR8":5,"MAPCOLOR9":7,"MAPCOLOR13":2,"POP_EST":23508428,"POP_RANK":15,"GDP_MD_EST":1127000,"POP_YEAR":2017,"LASTCENSUS":-99,"GDP_YEAR":2016,"ECONOMY":"2. Developed region: nonG7","INCOME_GRP":"2. High income: nonOECD","WIKIPEDIA":-99,"FIPS_10_":"TW","ISO_A2":"TW","ISO_A3":"TWN","ISO_A3_EH":"TWN","ISO_N3":"158","UN_A3":"-099","WB_A2":"-99","WB_A3":"-99","WOE_ID":23424971,"WOE_ID_EH":23424971,"WOE_NOTE":"Exact WOE match as country","ADM0_A3_IS":"TWN","ADM0_A3_US":"TWN","ADM0_A3_UN":-99,"ADM0_A3_WB":-99,"CONTINENT":"Asia","REGION_UN":"Asia","SUBREGION":"Eastern Asia","REGION_WB":"East Asia & Pacific","NAME_LEN":6,"LONG_LEN":6,"ABBREV_LEN":6,"TINY":-99,"HOMEPART":1,"MIN_ZOOM":0,"MIN_LABEL":3,"MAX_LABEL":8},"geometry":{"type":"Polygon","coordinates":[[[121.777818,24.394274],[121.777818,24.394274]]]}},{"type":"Feature","properties":{"scalerank":1,"featurecla":"Admin-0 country","LABELRANK":3,"SOVEREIGNT":"United Republic of Tanzania","SOV_A3":"TZA","ADM0_DIF":0,"LEVEL":2,"TYPE":"Sovereign country","ADMIN":"United Republic of Tanzania","ADM0_A3":"TZA","GEOU_DIF":0,"GEOUNIT":"Tanzania","GU_A3":"TZA","SU_DIF":0,"SUBUNIT":"Tanzania","SU_A3":"TZA","BRK_DIFF":0,"NAME":"Tanzania","NAME_LONG":"Tanzania","BRK_A3":"TZA","BRK_NAME":"Tanzania","BRK_GROUP":null,"ABBREV":"Tanz.","POSTAL":"TZ","FORMAL_EN":"United Republic of Tanzania","FORMAL_FR":null,"NAME_CIAWF":"Tanzania","NOTE_ADM0":null,"NOTE_BRK":null,"NAME_SORT":"Tanzania","NAME_ALT":null,"MAPCOLOR7":3,"MAPCOLOR8":6,"MAPCOLOR9":2,"MAPCOLOR13":2,"POP_EST":53950935,"POP_RANK":16,"GDP_MD_EST":150600,"POP_YEAR":2017,"LASTCENSUS":2002,"GDP_YEAR":2016,"ECONOMY":"7. Least developed region","INCOME_GRP":"5. Low income","WIKIPEDIA":-99,"FIPS_10_":"TZ","ISO_A2":"TZ","ISO_A3":"TZA","ISO_A3_EH":"TZA","ISO_N3":"834","UN_A3":"834","WB_A2":"TZ","WB_A3":"TZA","WOE_ID":23424973,"WOE_ID_EH":23424973,"WOE_NOTE":"Exact WOE match as country","ADM0_A3_IS":"TZA","ADM0_A3_US":"TZA","ADM0_A3_UN":-99,"ADM0_A3_WB":-99,"CONTINENT":"Africa","REGION_UN":"Africa","SUBREGION":"Eastern Africa","REGION_WB":"Sub-Saharan Africa","NAME_LEN":8,"LONG_LEN":8,"ABBREV_LEN":5,"TINY":-99,"HOMEPART":1,"MIN_ZOOM":0,"MIN_LABEL":3,"MAX_LABEL":8},"geometry":{"type":"Polygon","coordinates":[[[29.339998,-4.499983],[30.46967,-2.41383],[37.69869,-3.09699],[39.25203,-8.00781],[37.82764,-11.26879],[33.73972,-9.41715],[29.620032,-6.520015]]]}},{"type":"Feature","properties":{"scalerank":1,"featurecla":"Admin-0 country","LABELRANK":3,"SOVEREIGNT":"Uganda","SOV_A3":"UGA","ADM0_DIF":0,"LEVEL":2,"TYPE":"Sovereign country","ADMIN":"Uganda","ADM0_A3":"UGA","GEOU_DIF":0,"GEOUNIT":"Uganda","GU_A3":"UGA","SU_DIF":0,"SUBUNIT":"Uganda","SU_A3":"UGA","BRK_DIFF":0,"NAME":"Uganda","NAME_LONG":"Uganda","BRK_A3":"UGA","BRK_NAME":"Uganda","BRK_GROUP":null,"ABBREV":"Uga.","POSTAL":"UG","FORMAL_EN":"Republic of Uganda","FORMAL_FR":null,"NAME_CIAWF":"Uganda","NOTE_ADM0":null,"NOTE_BRK":null,"NAME_SORT":"Uganda","NAME_ALT":null,"MAPCOLOR7":6,"MAPCOLOR8":3,"MAPCOLOR9":6,"MAPCOLOR13":4,"POP_EST":39570125,"POP_RANK":15,"GDP_MD_EST":84930,"POP_YEAR":2017,"LASTCENSUS":2002,"GDP_YEAR":2016,"ECONOMY":"7. Least developed region","INCOME_GRP":"5. Low income","WIKIPEDIA":-99,"FIPS_10_":"UG","ISO_A2":"UG","ISO_A3":"UGA","ISO_A3_EH":"UGA","ISO_N3":"800","UN_A3":"800","WB_A2":"UG","WB_A3":"UGA","WOE_ID":23424974,"WOE_ID_EH":23424974,"WOE_NOTE":"Exact WOE match as country","ADM0_A3_IS":"UGA","ADM0_A3_US":"UGA","ADM0_A3_UN":-99,"ADM0_A3_WB":-99,"CONTINENT":"Africa","REGION_UN":"Africa","SUBREGION":"Eastern Africa","REGION_WB":"Sub-Saharan Africa","NAME_LEN":6,"LONG_LEN":6,"ABBREV_LEN":4,"TINY":-99,"HOMEPART":1,"MIN_ZOOM":0,"MIN_LABEL":3,"MAX_LABEL":8},"geometry":{"type":"Polygon","coordinates":[[[29.579466,-1.341313],[30.773347,2.339883],[34.47913,3.5556],[30.76986,-1.01455]]]}},{"type":"Feature","properties":{"scalerank":1,"featurecla":"Admin-0 country","LABELRANK":3,"SOVEREIGNT":"Ukraine","SOV_A3":"UKR","ADM0_DIF":0,"LEVEL":2,"TYPE":"Sovereign country","ADMIN":"Ukraine","ADM0_A3":"UKR","GEOU_DIF":0,"GEOUNIT":"Ukraine","GU_A3":"UKR","SU_DIF":0,"SUBUNIT":"Ukraine","SU_A3":"UKR","BRK_DIFF":0,"NAME":"Ukraine","NAME_LONG":"Ukraine","BRK_A3":"UKR","BRK_NAME":"Ukraine","BRK_GROUP":null,"ABBREV":"Ukr.","POSTAL":"UA","FORMAL_EN":"Ukraine","FORMAL_FR":null,"NAME_CIAWF":"Ukraine","NOTE_ADM0":null,"NOTE_BRK":null,"NAME_SORT":"Ukraine","NAME_ALT":null,"MAPCOLOR7":5,"MAPCOLOR8":1,"MAPCOLOR9":6,"MAPCOLOR13":3,"POP_EST":44033874,"POP_RANK":15,"GDP_MD_EST":352600,"POP_YEAR":2017,"LASTCENSUS":2001,"GDP_YEAR":2016,"ECONOMY":"6. Developing region","INCOME_GRP":"4. Lower middle income","WIKIPEDIA":-99,"FIPS_10_":"UP","ISO_A2":"UA","ISO_A3":"UKR","ISO_A3_EH":"UKR","ISO_N3":"804","UN_A3":"804","WB_A2":"UA","WB_A3":"UKR","WOE_ID":23424976,"WOE_ID_EH":23424976,"WOE_NOTE":"Exact WOE match as country","ADM0_A3_IS":"UKR","ADM0_A3_US":"UKR","ADM0_A3_UN":-99,"ADM0_A3_WB":-99,"CONTINENT":"Europe","REGION_UN":"Europe","SUBREGION":"Eastern Europe","REGION_WB":"Europe & Central Asia","NAME_LEN":7,"LONG_LEN":7,"ABBREV_LEN":4,"TINY":-99,"HOMEPART":1,"MIN_ZOOM":0,"MIN_LABEL":3,"MAX_LABEL":7},"geometry":{"type":"Polygon","coordinates":[[[23.527071,51.578454],[28.992835,51.602044],[32.412058,52.288695],[35.356116,50.577197],[39.89562,48.23241],[34.962342,46.273197],[31.74414,46.333348],[28.485269,45.596907],[29.83821,46.525326],[27.522537,48.467119],[23.760958,47.985598],[22.51845,49.476774]]]}},{"type":"Feature","properties":{"scalerank":1,"featurecla":"Admin-0 country","LABELRANK":4,"SOVEREIGNT":"Uruguay","SOV_A3":"URY","ADM0_DIF":0,"LEVEL":2,"TYPE":"Sovereign country","ADMIN":"Uruguay","ADM0_A3":"URY","GEOU_DIF":0,"GEOUNIT":"Uruguay","GU_A3":"URY","SU_DIF":0,"SUBUNIT":"Uruguay","SU_A3":"URY","BRK_DIFF":0,"NAME":"Uruguay","NAME_LONG":"Uruguay","BRK_A3":"URY","BRK_NAME":"Uruguay","BRK_GROUP":null,"ABBREV":"Ury.","POSTAL":"UY","FORMAL_EN":"Oriental Republic of Uruguay","FORMAL_FR":null,"NAME_CIAWF":"Uruguay","NOTE_ADM0":null,"NOTE_BRK":null,"NAME_SORT":"Uruguay","NAME_ALT":null,"MAPCOLOR7":1,"MAPCOLOR8":2,"MAPCOLOR9":2,"MAPCOLOR13":10,"POP_EST":3360148,"POP_RANK":12,"GDP_MD_EST":73250,"POP_YEAR":2017,"LASTCENSUS":2004,"GDP_YEAR":2016,"ECONOMY":"5. Emerging region: G20","INCOME_GRP":"3. Upper middle income","WIKIPEDIA":-99,"FIPS_10_":"UY","ISO_A2":"UY","ISO_A3":"URY","ISO_A3_EH":"URY","ISO_N3":"858","UN_A3":"858","WB_A2":"UY","WB_A3":"URY","WOE_ID":23424979,"WOE_ID_EH":23424979,"WOE_NOTE":"Exact WOE match as country","ADM0_A3_IS":"URY","ADM0_A3_US":"URY","ADM0_A3_UN":-99,"ADM0_A3_WB":-99,"CONTINENT":"South America","REGION_UN":"Americas","SUBREGION":"South America","REGION_WB":"Latin America & Caribbean","NAME_LEN":7,"LONG_LEN":7,"ABBREV_LEN":4,"TINY":-99,"HOMEPART":1,"MIN_ZOOM":0,"MIN_LABEL":3,"MAX_LABEL":8},"geometry":{"type":"Polygon","coordinates":[[[-58.427074,-33.909454],[-55.60151,-30.853879],[-55.67409,-34.752659]]]}},{"type":"Feature","properties":{"scalerank":1,"featurecla":"Admin-0 country","LABELRANK":2,"SOVEREIGNT":"United States of America","SOV_A3":"US1","ADM0_DIF":1,"LEVEL":2,"TYPE":"Country","ADMIN":"United States of America","ADM0_A3":"USA","GEOU_DIF":0,"GEOUNIT":"United States of America","GU_A3":"USA","SU_DIF":0,"SUBUNIT":"United States","SU_A3":"USA","BRK_DIFF":0,"NAME":"United States of America","NAME_LONG":"United States","BRK_A3":"USA","BRK_NAME":"United States","BRK_GROUP":null,"ABBREV":"U.S.A.","POSTAL":"US","FORMAL_EN":"United States of America","FORMAL_FR":null,"NAME_CIAWF":"United States","NOTE_ADM0":null,"NOTE_BRK":null,"NAME_SORT":"United States of America","NAME_ALT":null,"MAPCOLOR7":4,"MAPCOLOR8":5,"MAPCOLOR9":1,"MAPCOLOR13":1,"POP_EST":326625791,"POP_RANK":17,"GDP_MD_EST":18560000,"POP_YEAR":2017,"LASTCENSUS":2010,"GDP_YEAR":2016,"ECONOMY":"1. Developed region: G7","INCOME_GRP":"1. High income: OECD","WIKIPEDIA":0,"FIPS_10_":"US","ISO_A2":"US","ISO_A3":"USA","ISO_A3_EH":"USA","ISO_N3":"840","UN_A3":"840","WB_A2":"US","WB_A3":"USA","WOE_ID":23424977,"WOE_ID_EH":23424977,"WOE_NOTE":"Exact WOE match as country","ADM0_A3_IS":"USA","ADM0_A3_US":"USA","ADM0_A3_UN":-99,"ADM0_A3_WB":-99,"CONTINENT":"North America","REGION_UN":"Americas","SUBREGION":"Northern America","REGION_WB":"North America","NAME_LEN":24,"LONG_LEN":13,"ABBREV_LEN":6,"TINY":-99,"HOMEPART":1,"MIN_ZOOM":0,"MIN_LABEL":1.7,"MAX_LABEL":5.7},"geometry":{"type":"MultiPolygon","coordinates":[[[[-122.84,49],[-100.65,49],[-92.61,48.45],[-85.652363,47.220219],[-83.890765,46.116927],[-82.9,42.43],[-78.939362,42.863611],[-76.375,44.09631],[-70.305,45.915],[-66.96466,44.8097],[-70.08,41.78],[-72.87643,41.22065],[-73.96244,40.42763],[-75.05673,38.40412],[-76.32933,38.08326],[-77.397635,34.51201],[-81.49042,30.72999],[-80.38103,25.20616],[-82.65,28.55],[-87.53036,30.27433],[-89.77928,29.30714],[-95.60026,28.73863],[-98.24,26.06],[-102.48,29.76],[-106.50759,31.75452],[-115.99135,32.61239],[-120.36778,34.44711],[-123.86517,39.76699],[-124.079635,46.86475],[-122.84,49]]],[[[-140.985988,69.711998],[-136.47972,59.46389],[-129.98,55.285],[-134.078063,58.123068],[-145.925557,60.45861],[-151.859433,59.744984],[-154.232492,58.146374],[-161.223048,55.364735],[-160.563605,56.008055],[-158.517218,58.787781],[-161.874171,59.633621],[-164.919179,62.633076],[-161.518068,64.402788],[-166.845004,65.088896],[-163.719717,67.116395],[-161.908897,70.33333],[-152.210006,70.829992],[-142.07251,69.851938]]],[[[-155.54211,19.08348],[-155.86108,20.26721],[-155.54211,19.08348]]],[[[-156.07926,20.64397],[-156.07926,20.64397]]],[[[-156.75824,21.17684]]],[[[-157.65283,21.32217],[-157.65283,21.32217]]],[[[-159.34512,21.982]]],[[[-153.006314,57.115842],[-153.006314,57.115842]]],[[[-165.579164,59.909987]]],[[[-171.731657,63.782515],[-170.671386,63.375822]]]]}},{"type":"Feature","properties":{"scalerank":1,"featurecla":"Admin-0 country","LABELRANK":3,"SOVEREIGNT":"Uzbekistan","SOV_A3":"UZB","ADM0_DIF":0,"LEVEL":2,"TYPE":"Sovereign country","ADMIN":"Uzbekistan","ADM0_A3":"UZB","GEOU_DIF":0,"GEOUNIT":"Uzbekistan","GU_A3":"UZB","SU_DIF":0,"SUBUNIT":"Uzbekistan","SU_A3":"UZB","BRK_DIFF":0,"NAME":"Uzbekistan","NAME_LONG":"Uzbekistan","BRK_A3":"UZB","BRK_NAME":"Uzbekistan","BRK_GROUP":null,"ABBREV":"Uzb.","POSTAL":"UZ","FORMAL_EN":"Republic of Uzbekistan","FORMAL_FR":null,"NAME_CIAWF":"Uzbekistan","NOTE_ADM0":null,"NOTE_BRK":null,"NAME_SORT":"Uzbekistan","NAME_ALT":null,"MAPCOLOR7":2,"MAPCOLOR8":3,"MAPCOLOR9":5,"MAPCOLOR13":4,"POP_EST":29748859,"POP_RANK":15,"GDP_MD_EST":202300,"POP_YEAR":2017,"LASTCENSUS":1989,"GDP_YEAR":2016,"ECONOMY":"6. Developing region","INCOME_GRP":"4. Lower middle income","WIKIPEDIA":-99,"FIPS_10_":"UZ","ISO_A2":"UZ","ISO_A3":"UZB","ISO_A3_EH":"UZB","ISO_N3":"860","UN_A3":"860","WB_A2":"UZ","WB_A3":"UZB","WOE_ID":23424980,"WOE_ID_EH":23424980,"WOE_NOTE":"Exact WOE match as country","ADM0_A3_IS":"UZB","ADM0_A3_US":"UZB","ADM0_A3_UN":-99,"ADM0_A3_WB":-99,"CONTINENT":"Asia","REGION_UN":"Asia","SUBREGION":"Central Asia","REGION_WB":"Europe & Central Asia","NAME_LEN":10,"LONG_LEN":10,"ABBREV_LEN":4,"TINY":5,"HOMEPART":1,"MIN_ZOOM":0,"MIN_LABEL":3,"MAX_LABEL":8},"geometry":{"type":"Polygon","coordinates":[[[67.83,37.144994],[61.882714,41.084857],[57.096391,41.32231],[63.185787,43.650075],[68.632483,40.668681],[73.055417,40.866033],[68.536416,39.533453]]]}},{"type":"Feature","properties":{"scalerank":1,"featurecla":"Admin-0 country","LABELRANK":3,"SOVEREIGNT":"Venezuela","SOV_A3":"VEN","ADM0_DIF":0,"LEVEL":2,"TYPE":"Sovereign country","ADMIN":"Venezuela","ADM0_A3":"VEN","GEOU_DIF":0,"GEOUNIT":"Venezuela","GU_A3":"VEN","SU_DIF":0,"SUBUNIT":"Venezuela","SU_A3":"VEN","BRK_DIFF":0,"NAME":"Venezuela","NAME_LONG":"Venezuela","BRK_A3":"VEN","BRK_NAME":"Venezuela","BRK_GROUP":null,"ABBREV":"Ven.","POSTAL":"VE","FORMAL_EN":"Bolivarian Republic of Venezuela","FORMAL_FR":"República Bolivariana de Venezuela","NAME_CIAWF":"Venezuela","NOTE_ADM0":null,"NOTE_BRK":null,"NAME_SORT":"Venezuela, RB","NAME_ALT":null,"MAPCOLOR7":1,"MAPCOLOR8":3,"MAPCOLOR9":1,"MAPCOLOR13":4,"POP_EST":31304016,"POP_RANK":15,"GDP_MD_EST":468600,"POP_YEAR":2017,"LASTCENSUS":2001,"GDP_YEAR":2016,"ECONOMY":"5. Emerging region: G20","INCOME_GRP":"3. Upper middle income","WIKIPEDIA":-99,"FIPS_10_":"VE","ISO_A2":"VE","ISO_A3":"VEN","ISO_A3_EH":"VEN","ISO_N3":"862","UN_A3":"862","WB_A2":"VE","WB_A3":"VEN","WOE_ID":23424982,"WOE_ID_EH":23424982,"WOE_NOTE":"Exact WOE match as country","ADM0_A3_IS":"VEN","ADM0_A3_US":"VEN","ADM0_A3_UN":-99,"ADM0_A3_WB":-99,"CONTINENT":"South America","REGION_UN":"Americas","SUBREGION":"South America","REGION_WB":"Latin America & Caribbean","NAME_LEN":9,"LONG_LEN":9,"ABBREV_LEN":4,"TINY":-99,"HOMEPART":1,"MIN_ZOOM":0,"MIN_LABEL":3,"MAX_LABEL":7.5},"geometry":{"type":"Polygon","coordinates":[[[-60.733574,5.200277],[-64.816064,4.056445],[-64.611012,1.328731],[-67.303173,3.318454],[-68.265052,6.153268],[-72.479679,7.632506],[-72.614658,10.821975],[-72.074174,9.865651],[-69.943245,12.162307],[-64.890452,10.077215],[-60.830597,9.38134],[-61.159336,6.696077]]]}},{"type":"Feature","properties":{"scalerank":1,"featurecla":"Admin-0 country","LABELRANK":2,"SOVEREIGNT":"Vietnam","SOV_A3":"VNM","ADM0_DIF":0,"LEVEL":2,"TYPE":"Sovereign country","ADMIN":"Vietnam","ADM0_A3":"VNM","GEOU_DIF":0,"GEOUNIT":"Vietnam","GU_A3":"VNM","SU_DIF":0,"SUBUNIT":"Vietnam","SU_A3":"VNM","BRK_DIFF":0,"NAME":"Vietnam","NAME_LONG":"Vietnam","BRK_A3":"VNM","BRK_NAME":"Vietnam","BRK_GROUP":null,"ABBREV":"Viet.","POSTAL":"VN","FORMAL_EN":"Socialist Republic of Vietnam","FORMAL_FR":null,"NAME_CIAWF":"Vietnam","NOTE_ADM0":null,"NOTE_BRK":null,"NAME_SORT":"Vietnam","NAME_ALT":null,"MAPCOLOR7":5,"MAPCOLOR8":6,"MAPCOLOR9":5,"MAPCOLOR13":4,"POP_EST":96160163,"POP_RANK":16,"GDP_MD_EST":594900,"POP_YEAR":2017,"LASTCENSUS":2009,"GDP_YEAR":2016,"ECONOMY":"5. Emerging region: G20","INCOME_GRP":"4. Lower middle income","WIKIPEDIA":-99,"FIPS_10_":"VM","ISO_A2":"VN","ISO_A3":"VNM","ISO_A3_EH":"VNM","ISO_N3":"704","UN_A3":"704","WB_A2":"VN","WB_A3":"VNM","WOE_ID":23424984,"WOE_ID_EH":23424984,"WOE_NOTE":"Exact WOE match as country","ADM0_A3_IS":"VNM","ADM0_A3_US":"VNM","ADM0_A3_UN":-99,"ADM0_A3_WB":-99,"CONTINENT":"Asia","REGION_UN":"Asia","SUBREGION":"South-Eastern Asia","REGION_WB":"East Asia & Pacific","NAME_LEN":7,"LONG_LEN":7,"ABBREV_LEN":5,"TINY":2,"HOMEPART":1,"MIN_ZOOM":0,"MIN_LABEL":2,"MAX_LABEL":7},"geometry":{"type":"Polygon","coordinates":[[[102.170436,22.464753],[107.04342,21.811899],[108.877107,15.276691],[105.076202,9.918491],[107.564525,15.202173],[104.435,20.758733]]]}},{"type":"Feature","properties":{"scalerank":1,"featurecla":"Admin-0 country","LABELRANK":4,"SOVEREIGNT":"Vanuatu","SOV_A3":"VUT","ADM0_DIF":0,"LEVEL":2,"TYPE":"Sovereign country","ADMIN":"Vanuatu","ADM0_A3":"VUT","GEOU_DIF":0,"GEOUNIT":"Vanuatu","GU_A3":"VUT","SU_DIF":0,"SUBUNIT":"Vanuatu","SU_A3":"VUT","BRK_DIFF":0,"NAME":"Vanuatu","NAME_LONG":"Vanuatu","BRK_A3":"VUT","BRK_NAME":"Vanuatu","BRK_GROUP":null,"ABBREV":"Van.","POSTAL":"VU","FORMAL_EN":"Republic of Vanuatu","FORMAL_FR":null,"NAME_CIAWF":"Vanuatu","NOTE_ADM0":null,"NOTE_BRK":null,"NAME_SORT":"Vanuatu","NAME_ALT":null,"MAPCOLOR7":6,"MAPCOLOR8":3,"MAPCOLOR9":7,"MAPCOLOR13":3,"POP_EST":282814,"POP_RANK":10,"GDP_MD_EST":723,"POP_YEAR":2017,"LASTCENSUS":2009,"GDP_YEAR":2016,"ECONOMY":"7. Least developed region","INCOME_GRP":"4. Lower middle income","WIKIPEDIA":-99,"FIPS_10_":"NH","ISO_A2":"VU","ISO_A3":"VUT","ISO_A3_EH":"VUT","ISO_N3":"548","UN_A3":"548","WB_A2":"VU","WB_A3":"VUT","WOE_ID":23424907,"WOE_ID_EH":23424907,"WOE_NOTE":"Exact WOE match as country","ADM0_A3_IS":"VUT","ADM0_A3_US":"VUT","ADM0_A3_UN":-99,"ADM0_A3_WB":-99,"CONTINENT":"Oceania","REGION_UN":"Oceania","SUBREGION":"Melanesia","REGION_WB":"East Asia & Pacific","NAME_LEN":7,"LONG_LEN":7,"ABBREV_LEN":4,"TINY":2,"HOMEPART":1,"MIN_ZOOM":0,"MIN_LABEL":4,"MAX_LABEL":9},"geometry":{"type":"MultiPolygon","coordinates":[[[[167.844877,-16.466333]]],[[[167.107712,-14.93392]]]]}},{"type":"Feature","properties":{"scalerank":1,"featurecla":"Admin-0 country","LABELRANK":3,"SOVEREIGNT":"Yemen","SOV_A3":"YEM","ADM0_DIF":0,"LEVEL":2,"TYPE":"Sovereign country","ADMIN":"Yemen","ADM0_A3":"YEM","GEOU_DIF":0,"GEOUNIT":"Yemen","GU_A3":"YEM","SU_DIF":0,"SUBUNIT":"Yemen","SU_A3":"YEM","BRK_DIFF":0,"NAME":"Yemen","NAME_LONG":"Yemen","BRK_A3":"YEM","BRK_NAME":"Yemen","BRK_GROUP":null,"ABBREV":"Yem.","POSTAL":"YE","FORMAL_EN":"Republic of Yemen","FORMAL_FR":null,"NAME_CIAWF":"Yemen","NOTE_ADM0":null,"NOTE_BRK":null,"NAME_SORT":"Yemen, Rep.","NAME_ALT":null,"MAPCOLOR7":5,"MAPCOLOR8":3,"MAPCOLOR9":3,"MAPCOLOR13":11,"POP_EST":28036829,"POP_RANK":15,"GDP_MD_EST":73450,"POP_YEAR":2017,"LASTCENSUS":2004,"GDP_YEAR":2016,"ECONOMY":"7. Least developed region","INCOME_GRP":"4. Lower middle income","WIKIPEDIA":-99,"FIPS_10_":"YM","ISO_A2":"YE","ISO_A3":"YEM","ISO_A3_EH":"YEM","ISO_N3":"887","UN_A3":"887","WB_A2":"RY","WB_A3":"YEM","WOE_ID":23425002,"WOE_ID_EH":23425002,"WOE_NOTE":"Exact WOE match as country","ADM0_A3_IS":"YEM","ADM0_A3_US":"YEM","ADM0_A3_UN":-99,"ADM0_A3_WB":-99,"CONTINENT":"Asia","REGION_UN":"Asia","SUBREGION":"Western Asia","REGION_WB":"Middle East & North Africa","NAME_LEN":5,"LONG_LEN":5,"ABBREV_LEN":4,"TINY":-99,"HOMEPART":1,"MIN_ZOOM":0,"MIN_LABEL":3,"MAX_LABEL":8},"geometry":{"type":"Polygon","coordinates":[[[52.00001,19.000003],[48.679231,14.003202],[45.144356,12.953938],[42.892245,14.802249],[43.380794,17.579987],[47.466695,17.116682]]]}},{"type":"Feature","properties":{"scalerank":1,"featurecla":"Admin-0 country","LABELRANK":2,"SOVEREIGNT":"South Africa","SOV_A3":"ZAF","ADM0_DIF":0,"LEVEL":2,"TYPE":"Sovereign country","ADMIN":"South Africa","ADM0_A3":"ZAF","GEOU_DIF":0,"GEOUNIT":"South Africa","GU_A3":"ZAF","SU_DIF":0,"SUBUNIT":"South Africa","SU_A3":"ZAF","BRK_DIFF":0,"NAME":"South Africa","NAME_LONG":"South Africa","BRK_A3":"ZAF","BRK_NAME":"South Africa","BRK_GROUP":null,"ABBREV":"S.Af.","POSTAL":"ZA","FORMAL_EN":"Republic of South Africa","FORMAL_FR":null,"NAME_CIAWF":"South Africa","NOTE_ADM0":null,"NOTE_BRK":null,"NAME_SORT":"South Africa","NAME_ALT":null,"MAPCOLOR7":2,"MAPCOLOR8":3,"MAPCOLOR9":4,"MAPCOLOR13":2,"POP_EST":54841552,"POP_RANK":16,"GDP_MD_EST":739100,"POP_YEAR":2017,"LASTCENSUS":2001,"GDP_YEAR":2016,"ECONOMY":"5. Emerging region: G20","INCOME_GRP":"3. Upper middle income","WIKIPEDIA":-99,"FIPS_10_":"SF","ISO_A2":"ZA","ISO_A3":"ZAF","ISO_A3_EH":"ZAF","ISO_N3":"710","UN_A3":"710","WB_A2":"ZA","WB_A3":"ZAF","WOE_ID":23424942,"WOE_ID_EH":23424942,"WOE_NOTE":"Exact WOE match as country","ADM0_A3_IS":"ZAF","ADM0_A3_US":"ZAF","ADM0_A3_UN":-99,"ADM0_A3_WB":-99,"CONTINENT":"Africa","REGION_UN":"Africa","SUBREGION":"Southern Africa","REGION_WB":"Sub-Saharan Africa","NAME_LEN":12,"LONG_LEN":12,"ABBREV_LEN":5,"TINY":-99,"HOMEPART":1,"MIN_ZOOM":0,"MIN_LABEL":1.7,"MAX_LABEL":6.7},"geometry":{"type":"Polygon","coordinates":[[[19.895768,-24.76779],[22.824271,-25.500459],[26.485753,-24.616327],[31.191409,-22.25151],[30.676609,-26.398078],[32.203389,-28.752405],[27.464608,-33.226964],[22.574157,-33.864083],[18.377411,-34.136521],[17.062918,-29.875954],[19.894734,-28.461105]],[[28.978263,-28.955597],[28.8484,-30.070051]]]}},{"type":"Feature","properties":{"scalerank":1,"featurecla":"Admin-0 country","LABELRANK":3,"SOVEREIGNT":"Zambia","SOV_A3":"ZMB","ADM0_DIF":0,"LEVEL":2,"TYPE":"Sovereign country","ADMIN":"Zambia","ADM0_A3":"ZMB","GEOU_DIF":0,"GEOUNIT":"Zambia","GU_A3":"ZMB","SU_DIF":0,"SUBUNIT":"Zambia","SU_A3":"ZMB","BRK_DIFF":0,"NAME":"Zambia","NAME_LONG":"Zambia","BRK_A3":"ZMB","BRK_NAME":"Zambia","BRK_GROUP":null,"ABBREV":"Zambia","POSTAL":"ZM","FORMAL_EN":"Republic of Zambia","FORMAL_FR":null,"NAME_CIAWF":"Zambia","NOTE_ADM0":null,"NOTE_BRK":null,"NAME_SORT":"Zambia","NAME_ALT":null,"MAPCOLOR7":5,"MAPCOLOR8":8,"MAPCOLOR9":5,"MAPCOLOR13":13,"POP_EST":15972000,"POP_RANK":14,"GDP_MD_EST":65170,"POP_YEAR":2017,"LASTCENSUS":2010,"GDP_YEAR":2016,"ECONOMY":"7. Least developed region","INCOME_GRP":"4. Lower middle income","WIKIPEDIA":-99,"FIPS_10_":"ZA","ISO_A2":"ZM","ISO_A3":"ZMB","ISO_A3_EH":"ZMB","ISO_N3":"894","UN_A3":"894","WB_A2":"ZM","WB_A3":"ZMB","WOE_ID":23425003,"WOE_ID_EH":23425003,"WOE_NOTE":"Exact WOE match as country","ADM0_A3_IS":"ZMB","ADM0_A3_US":"ZMB","ADM0_A3_UN":-99,"ADM0_A3_WB":-99,"CONTINENT":"Africa","REGION_UN":"Africa","SUBREGION":"Eastern Africa","REGION_WB":"Sub-Saharan Africa","NAME_LEN":6,"LONG_LEN":6,"ABBREV_LEN":6,"TINY":-99,"HOMEPART":1,"MIN_ZOOM":0,"MIN_LABEL":3,"MAX_LABEL":8},"geometry":{"type":"Polygon","coordinates":[[[23.215048,-17.523116],[24.017894,-11.237298],[27.16442,-11.608748],[28.642417,-11.971569],[30.74001,-8.340006],[33.114289,-11.607198],[28.947463,-16.043051],[25.084443,-17.661816]]]}},{"type":"Feature","properties":{"scalerank":1,"featurecla":"Admin-0 country","LABELRANK":3,"SOVEREIGNT":"Zimbabwe","SOV_A3":"ZWE","ADM0_DIF":0,"LEVEL":2,"TYPE":"Sovereign country","ADMIN":"Zimbabwe","ADM0_A3":"ZWE","GEOU_DIF":0,"GEOUNIT":"Zimbabwe","GU_A3":"ZWE","SU_DIF":0,"SUBUNIT":"Zimbabwe","SU_A3":"ZWE","BRK_DIFF":0,"NAME":"Zimbabwe","NAME_LONG":"Zimbabwe","BRK_A3":"ZWE","BRK_NAME":"Zimbabwe","BRK_GROUP":null,"ABBREV":"Zimb.","POSTAL":"ZW","FORMAL_EN":"Republic of Zimbabwe","FORMAL_FR":null,"NAME_CIAWF":"Zimbabwe","NOTE_ADM0":null,"NOTE_BRK":null,"NAME_SORT":"Zimbabwe","NAME_ALT":null,"MAPCOLOR7":1,"MAPCOLOR8":5,"MAPCOLOR9":3,"MAPCOLOR13":9,"POP_EST":13805084,"POP_RANK":14,"GDP_MD_EST":28330,"POP_YEAR":2017,"LASTCENSUS":2002,"GDP_YEAR":2016,"ECONOMY":"5. Emerging region: G20","INCOME_GRP":"5. Low income","WIKIPEDIA":-99,"FIPS_10_":"ZI","ISO_A2":"ZW","ISO_A3":"ZWE","ISO_A3_EH":"ZWE","ISO_N3":"716","UN_A3":"716","WB_A2":"ZW","WB_A3":"ZWE","WOE_ID":23425004,"WOE_ID_EH":23425004,"WOE_NOTE":"Exact WOE match as country","ADM0_A3_IS":"ZWE","ADM0_A3_US":"ZWE","ADM0_A3_UN":-99,"ADM0_A3_WB":-99,"CONTINENT":"Africa","REGION_UN":"Africa","SUBREGION":"Eastern Africa","REGION_WB":"Sub-Saharan Africa","NAME_LEN":8,"LONG_LEN":8,"ABBREV_LEN":5,"TINY":-99,"HOMEPART":1,"MIN_ZOOM":0,"MIN_LABEL":3,"MAX_LABEL":8},"geometry":{"type":"Polygon","coordinates":[[[29.432188,-22.091313],[25.649163,-18.536026],[28.947463,-16.043051],[32.847639,-16.713398],[31.191409,-22.25151]]]}}]}